clusterhead_1,clusterhead_2,distance
19,48,201.718190
19,49,236.095609
19,59,291.382507
19,84,575.088117
48,49,73.939771
48,59,107.910194
48,84,392.762963
49,59,56.995405
49,84,414.845718
59,84,374.925572
