clusterhead_1,clusterhead_2,distance
19,47,230.429804
19,49,236.095609
19,59,291.382507
19,79,433.145084
19,84,575.088117
47,49,139.607501
47,59,154.396354
47,79,275.356406
47,84,345.209590
49,59,56.995405
49,79,197.068546
49,84,414.845718
59,79,142.631001
59,84,374.925572
79,84,349.922741
