clusterhead_1,clusterhead_2,distance
16,18,183.492476
16,27,124.591863
16,37,177.029419
18,27,130.191865
18,37,171.323748
27,37,60.363661
