clusterhead_1,clusterhead_2,distance
39,48,87.212837
39,58,181.065982
39,59,137.270343
48,58,106.432656
48,59,119.026381
58,59,107.060236
