clusterhead_1,clusterhead_2,distance
25,28,235.262462
25,36,114.952120
28,36,168.221808
