clusterhead_1,clusterhead_2,distance
8,25,253.112258
8,28,118.894844
8,36,239.066316
8,47,270.819255
25,28,235.262462
25,36,114.952120
25,47,219.725636
28,36,168.221808
28,47,162.220113
36,47,104.776632
