clusterhead_1,clusterhead_2,distance
35,36,93.803611
35,46,89.675899
35,65,210.583224
36,46,80.202552
36,65,225.431286
46,65,146.254904
