clusterhead_1,clusterhead_2,distance
18,28,72.524199
18,38,161.411377
18,47,228.661418
18,55,379.310509
18,69,373.484357
28,38,91.625181
28,47,162.220113
28,55,325.230955
28,69,301.949902
38,47,72.249338
38,55,245.065557
38,69,229.058574
47,55,177.430387
47,69,203.052440
55,69,297.220865
