clusterhead_1,clusterhead_2,distance
46,56,47.843243
46,64,186.199592
46,72,359.820595
46,73,278.663550
56,64,174.966362
56,72,351.202161
56,73,268.429395
64,72,176.248934
64,73,93.600793
72,73,82.896477
