clusterhead_1,clusterhead_2,distance
18,25,243.271774
18,28,72.524199
18,36,209.222064
18,47,228.661418
25,28,235.262462
25,36,114.952120
25,47,219.725636
28,36,168.221808
28,47,162.220113
36,47,104.776632
