node_id,0,1,2,3,4,5,6,7,8,9,10,11,12,13,14,15,16,17,18,19,20,21,22,23,24,25,26,27,28,29,30,31,32,33,34,35,36,37,38,39,40,41,42,43,44,45,46,47,48,49,50,51,52,53,54,55,56,57,58,59,60,61,62,63,64,65,66,67,68,69,70,71,72,73,74,75,76,77,78,79,80,81,82,83,84,85,86,87,88,89,90,91,92,93,94,95,96,97,98,99
0,0.000000,80.818860,138.510413,249.713995,300.500115,375.780991,438.260941,528.244179,601.977950,669.432168,118.880578,125.369010,194.019632,271.426831,300.458470,381.562987,461.620922,536.510512,622.203397,685.024204,170.938694,204.862343,238.974826,276.071316,346.897069,438.129406,491.569804,580.757123,671.824865,717.213333,257.923220,266.833497,313.745819,381.435361,392.042465,466.319221,531.437363,631.020726,682.945109,743.343576,335.447622,329.955983,367.478454,414.660972,442.852594,540.467882,579.632380,638.313711,713.031243,800.118713,389.534882,428.487050,441.928149,473.257357,501.267122,581.483293,652.485505,682.443218,756.628039,815.049979,468.664404,479.467803,509.608700,543.594791,574.993575,639.667398,682.787723,725.060104,797.367805,879.813619,552.250358,568.227507,599.141034,613.959094,672.655218,720.226865,734.625444,809.357582,851.655193,896.788387,625.414079,634.967280,675.994236,680.987855,711.078610,780.476413,793.657215,874.884563,920.984940,984.802111,682.056912,712.064611,743.659365,754.528057,799.918643,850.706715,850.215482,909.530591,979.233966,1028.046742
1,80.818860,0.000000,57.795213,173.109166,222.139773,297.519213,360.218958,450.062685,524.050675,590.917211,115.608390,64.479244,117.347112,191.125265,219.679320,300.751602,381.277662,455.773975,541.734729,605.174424,156.072650,154.100121,171.216358,201.733834,268.818618,357.601189,410.964265,500.182161,591.007992,636.424776,234.545075,229.045771,256.714087,313.654671,319.609263,388.443808,453.618523,551.310921,602.432711,662.683354,317.505433,287.394070,319.993311,349.683165,374.796299,466.049641,504.719682,560.346395,634.854385,720.155760,363.456824,389.803859,391.675526,417.887907,435.388648,510.542129,579.222015,606.848609,678.810359,736.511171,444.764676,441.211494,466.937439,487.748922,512.586902,573.114061,611.972772,651.475040,722.761736,802.936638,531.588846,530.919026,555.405972,560.203369,615.077171,656.355735,668.607172,739.907086,779.745232,822.222988,599.146812,599.149906,634.743593,631.914823,655.649442,720.567673,727.830631,807.039897,849.453623,911.417628,654.693910,681.152429,704.228471,705.883109,747.042817,791.488267,788.826107,842.775728,910.436149,956.534322
2,138.510413,57.795213,0.000000,124.382250,169.464483,244.343178,307.024234,396.413878,470.549420,536.639911,140.780125,58.323369,65.702710,133.462452,161.952529,243.098832,324.809562,398.514984,484.963702,549.260149,165.768439,132.365019,128.469059,150.114671,212.775644,299.814236,353.169089,442.387868,533.373991,578.996496,229.552446,212.464897,221.116425,266.617465,268.286140,332.263798,397.387496,493.832426,544.644056,604.892751,312.399055,263.635007,290.890912,304.664967,326.818495,412.343066,450.543259,503.916546,578.246188,662.537893,350.555549,366.249944,358.606883,380.160740,388.742682,459.410058,526.128882,552.011803,622.408951,679.643637,431.639366,417.007527,438.835437,448.852142,468.223771,525.170598,560.642954,598.021314,668.494573,747.080214,519.505770,506.194506,525.440714,522.364910,573.909935,610.166774,620.748218,689.323979,727.320959,767.897542,582.072655,574.860576,606.015200,597.214805,615.928392,677.161994,679.955846,757.512043,797.216781,857.833989,636.284503,659.880009,676.400596,671.078958,708.846785,748.374915,744.101732,793.980494,860.070109,904.207675
3,249.713995,173.109166,124.382250,0.000000,53.063721,126.792403,188.812704,278.772849,352.334155,420.093779,263.225928,177.880824,125.290176,96.448971,95.131740,157.515830,219.557833,298.482667,379.253663,438.240668,279.695565,220.389501,178.016270,159.699840,174.415330,219.928072,268.512414,355.255910,436.748820,478.553588,325.378508,294.732697,266.192011,269.965101,252.488876,277.614924,338.308712,416.132673,456.452585,513.191864,402.859557,328.462749,342.354697,311.050706,319.749565,371.089380,404.570503,438.991556,509.820753,579.186744,427.771604,423.635220,395.419386,403.246838,382.182262,429.770892,483.821081,498.330994,555.118150,606.876181,504.953555,470.393193,482.803574,464.689170,465.687752,506.936956,526.399199,551.715489,615.942898,682.510516,591.825638,554.891358,561.667388,538.172373,578.006190,596.104210,599.996449,655.514655,684.003442,713.456059,643.911236,622.402078,642.781009,619.302525,623.279282,671.298181,657.780524,727.122304,753.804886,806.608506,694.367368,711.759873,713.635505,691.050540,718.553918,742.069018,732.381527,766.076269,824.600122,859.079139
4,300.500115,222.139773,169.464483,53.063721,0.000000,75.387631,138.080536,227.946883,301.910937,368.976077,302.985169,217.698770,153.065367,91.990778,71.550168,110.897048,166.547252,245.691419,326.206775,385.696932,312.712205,243.900984,191.013831,159.177343,148.671029,172.697777,218.806519,304.178144,384.029481,425.548443,347.302110,311.406440,268.357087,254.069981,229.560013,237.539134,295.097123,366.704916,404.769398,460.891026,420.024843,335.849817,343.284483,294.154656,296.870287,333.338850,364.545573,392.661133,462.056828,527.992933,437.829885,424.589516,388.132135,389.901100,357.329489,395.025288,443.916396,454.713032,507.397324,557.673921,511.639002,468.473472,476.460574,446.828335,440.462097,475.095241,488.691963,509.880090,571.824819,634.941776,596.798567,549.386776,550.621345,518.982631,553.620547,564.701445,566.172964,616.845922,642.207010,668.360039,643.273871,615.487238,630.934153,601.582127,599.631370,642.179512,622.967771,689.114978,711.647653,762.051461,691.476587,705.871384,701.286203,671.728034,694.928224,712.246920,700.680285,728.663310,784.530988,816.041988
5,375.780991,297.519213,244.343178,126.792403,75.387631,0.000000,62.735645,152.559974,226.536683,293.651433,374.962543,290.394152,221.219583,145.479078,112.819386,89.303527,100.422042,180.303606,255.150369,311.776230,380.468559,306.029858,246.942428,205.412141,164.704803,136.517193,169.883663,246.956039,317.779438,356.524630,405.847550,365.946408,309.687465,273.593190,240.321808,215.049784,261.901555,314.257242,343.707457,396.638328,472.971820,380.445872,380.413361,309.952730,303.374080,311.050706,336.357981,348.716466,413.206599,468.002300,483.126252,459.696785,413.733186,407.171019,358.048508,376.845109,414.120925,416.434631,458.183023,503.904407,552.053961,499.183295,501.310776,456.024839,438.158084,460.540292,462.656668,474.844087,530.946294,585.164965,634.195290,574.167219,567.822571,524.729575,550.575709,549.484645,546.511241,587.229924,605.868705,624.454612,673.268849,637.537276,645.962068,608.347629,597.149150,630.044949,600.783888,660.171598,674.027696,718.856273,718.112116,728.399489,714.871854,675.242425,691.427663,698.214430,683.440443,700.581046,750.814906,775.949593
6,438.260941,360.218958,307.024234,188.812704,138.080536,62.735645,0.000000,89.987169,163.835572,231.281265,436.395295,352.283886,281.584742,202.182338,167.787597,116.611365,66.760305,136.643238,200.077371,251.870656,439.770993,362.873886,301.503548,256.410860,202.223660,137.194192,150.413043,211.065798,268.408034,303.123543,459.889658,418.015199,354.857688,306.031414,268.430844,218.588032,251.866435,281.524959,300.294516,348.693116,523.109637,426.318766,421.508147,338.376337,325.267168,308.853506,327.720185,324.132949,382.025358,424.157248,528.243218,498.222873,446.373461,433.945440,373.516424,375.957959,401.705174,395.859449,425.887320,466.329147,593.261420,534.137063,532.024860,475.727854,449.111241,460.766026,452.673299,456.273374,505.956971,550.877171,672.656855,603.974582,592.010092,540.590423,558.970042,547.642919,540.840908,572.121260,584.347370,595.578418,706.080679,664.698729,667.674217,623.953638,605.407171,629.851091,592.195061,644.922679,650.694497,689.960538,748.114553,755.223857,734.881030,687.572094,697.875940,695.736047,678.331268,685.758363,730.517302,749.618574
7,528.244179,450.062685,396.413878,278.772849,227.946883,152.559974,89.987169,0.000000,74.148070,141.351278,523.408459,440.160168,367.705070,285.506833,250.571826,184.003399,95.055037,103.663533,126.983984,165.934629,523.765691,444.205894,380.903644,332.943862,268.008388,174.808315,157.853697,177.912226,203.465710,228.888637,536.965351,493.023258,422.654655,360.643577,319.981815,245.105260,256.020272,246.702111,245.084011,283.253768,594.677687,493.648508,483.067133,386.885995,366.369957,319.319218,327.725128,299.933043,344.163134,363.863975,593.300664,555.233093,496.870325,477.272740,404.270065,384.423876,392.294287,374.302087,384.639342,415.425512,652.535373,585.982794,578.365472,508.731275,471.112502,467.511963,444.946101,435.574539,474.024730,503.532207,727.507252,648.013622,628.683492,566.927887,574.636087,549.099524,536.938620,553.668795,556.042123,555.875090,752.990617,704.389388,699.896032,648.417606,619.980863,632.034695,582.946450,624.945664,618.562120,648.915546,790.799166,793.480960,763.947134,706.548215,708.447450,693.611114,672.665941,665.797197,701.870982,711.766089
8,601.977950,524.050675,470.549420,352.334155,301.910937,226.536683,163.835572,74.148070,0.000000,69.340190,597.138838,514.142210,441.292013,358.466696,323.532788,253.487608,161.394627,135.082712,101.687936,106.657441,596.438792,515.957473,452.090147,403.257818,334.783437,233.913928,203.848825,190.751574,177.016850,186.736630,606.546548,561.769043,488.297476,420.333271,378.946945,293.528946,289.617339,249.497912,226.660094,249.772500,661.257174,558.505992,544.901555,442.744492,418.425273,353.566955,354.061219,308.336298,337.568661,332.982306,656.310635,613.858110,552.213966,528.527200,449.045115,414.632504,408.597086,381.200932,373.033731,393.045755,711.841957,641.243579,630.266890,552.897317,508.531583,494.050697,460.887901,441.025896,468.423500,482.555316,783.679430,697.797660,673.769593,605.695926,605.680386,569.872837,553.735045,558.162213,551.901926,541.275664,803.903845,750.829029,741.257305,684.833622,649.566408,652.031768,594.581546,626.915602,609.921979,631.619326,838.665656,838.310227,802.550648,738.366471,733.960469,709.403223,685.875178,667.197429,695.237884,696.687764
9,669.432168,590.917211,536.639911,420.093779,368.976077,293.651433,231.281265,141.351278,69.340190,0.000000,660.395627,578.452148,504.415397,420.475423,385.728435,311.622797,219.280473,172.223280,100.585028,55.687231,657.110476,575.148464,510.631955,460.804902,388.621026,282.685207,243.536801,204.539535,154.701042,145.583832,662.027361,616.246658,539.227429,465.293456,423.793965,330.539355,313.569360,248.177262,206.802268,212.746625,712.393999,607.993976,590.921288,483.392052,455.621290,375.484146,368.661951,308.408000,322.145998,294.591250,702.999614,655.726565,591.015149,563.299058,478.514414,430.958785,412.068446,376.763683,351.510279,360.794561,753.880787,679.196697,664.697297,580.172070,529.792722,505.116972,462.650763,433.451400,449.892181,449.599785,821.782156,729.457533,700.722538,626.947341,619.345727,574.160862,554.504603,547.321301,533.164418,513.135972,836.106339,778.600086,763.856139,702.925804,661.297317,654.499304,589.871285,612.762433,586.248838,599.904291,867.415253,863.858518,821.911041,751.428849,740.899086,707.261130,681.532314,652.046564,672.450304,666.309670
10,118.880578,115.608390,140.780125,263.225928,302.985169,374.962543,436.395295,523.408459,597.138838,660.395627,0.000000,85.554174,155.987906,240.300818,274.793147,352.494031,442.418073,508.401337,597.630865,666.364907,52.301998,111.095358,167.205410,215.714086,294.327126,399.075267,451.994164,538.419558,635.481065,683.991466,139.412933,153.798135,216.195792,297.157978,317.631657,407.086980,470.038433,578.443649,637.808976,700.006494,216.765131,217.845426,257.938187,323.997948,356.722624,466.589500,506.405049,575.398106,649.998506,747.340099,270.784256,312.688360,333.047030,368.501453,409.670796,497.943366,573.358271,609.676105,691.379968,752.671788,349.786579,363.113246,394.983483,438.252447,476.857123,546.865700,597.468641,645.839902,720.226959,809.476536,433.638964,451.131789,484.492494,505.937180,567.751176,622.485283,639.947117,720.008298,767.117468,818.695260,506.534250,517.271167,559.932445,568.972072,603.820391,677.308228,698.196821,782.147312,835.112679,902.931970,563.186902,593.406877,626.771090,641.908590,690.049183,746.391983,748.358341,814.776590,887.579485,941.527765
11,125.369010,64.479244,58.323369,177.880824,217.698770,290.394152,352.283886,440.160168,514.142210,578.452148,85.554174,0.000000,76.702234,161.239356,194.547805,274.553570,362.093278,431.377001,519.804086,586.926589,107.555182,89.633210,113.616750,152.514571,227.002278,325.726583,379.309330,467.551012,562.299235,609.676506,176.032644,165.816986,193.527833,256.281927,266.960450,345.089681,409.840598,513.168470,568.735433,630.241198,259.404206,223.087359,255.540907,290.357055,317.711240,415.864125,455.224378,516.627679,591.508340,682.685466,301.982275,325.660560,327.502670,354.679613,376.768395,456.114644,527.381125,558.316832,634.513336,693.957329,383.399837,377.033824,402.471925,424.764953,452.073559,515.062911,557.421668,600.007916,672.636289,756.505336,470.769056,466.736886,490.929244,496.793010,552.734927,596.721499,610.254552,684.128176,726.303850,771.997550,536.659147,535.060258,570.281228,567.788564,592.714997,659.132791,669.383549,750.001836,795.617114,859.631549,591.867541,617.641877,639.815417,641.740604,683.574546,729.830553,728.048099,784.977341,854.150459,902.677861
12,194.019632,117.347112,65.702710,125.290176,153.065367,221.219583,281.584742,367.705070,441.292013,504.415397,155.987906,76.702234,0.000000,84.948382,118.987608,198.136498,286.766142,354.883107,443.527398,511.240487,159.812516,95.190139,66.630843,84.867222,152.951780,249.132030,302.746821,391.183923,485.622822,532.976104,200.156464,171.665415,161.657790,201.004058,203.109207,272.299774,337.420748,438.200045,492.625049,553.948959,278.685599,213.124525,235.030232,239.381124,261.116397,348.722945,387.373462,444.294472,519.016297,607.628262,307.878137,313.655286,298.916644,317.549168,323.100177,394.274423,462.039631,489.579311,562.624264,621.088811,387.244631,363.245338,381.921909,385.421665,402.896420,459.473893,495.612125,534.211558,605.414775,686.124933,475.002221,451.279661,466.738455,459.237056,509.372319,544.516087,555.053209,624.063063,662.839740,704.876334,532.714564,519.868920,547.798987,535.474477,551.860637,611.928971,614.263866,692.008342,732.641865,794.145634,585.511898,606.750279,618.547954,609.137344,645.281588,683.180961,678.601221,728.368825,794.769154,839.691291
13,271.426831,191.125265,133.462452,96.448971,91.990778,145.479078,202.182338,285.506833,358.466696,420.475423,240.300818,161.239356,84.948382,0.000000,34.942845,113.314881,202.117401,270.146379,358.622462,426.343687,238.306187,160.876693,101.885928,67.419780,85.965623,166.821868,220.388566,309.462801,402.169846,448.952892,260.586526,221.950670,176.650975,173.604515,158.507635,202.200876,266.752343,360.450349,411.556983,472.189845,330.060891,243.872611,252.036272,214.718651,224.990473,288.872688,325.246007,372.455416,446.286645,529.075479,345.966664,333.488150,300.608293,306.936234,287.917091,342.826562,403.143126,424.266681,490.823803,547.109183,419.685589,378.397325,388.531958,368.304021,371.220988,416.524576,442.118696,473.576196,541.705755,616.488381,505.041312,461.088058,465.909954,441.877317,482.916227,504.918407,510.880545,571.670284,604.814546,640.688890,552.911614,528.049441,546.894574,522.868079,527.869963,578.313890,569.387122,642.080036,674.882569,732.131872,602.037741,617.919376,617.678924,594.707594,623.037811,649.376835,641.019695,680.155475,742.023045,781.317373
14,300.458470,219.679320,161.952529,95.131740,71.550168,112.819386,167.787597,250.571826,323.532788,385.728435,274.793147,194.547805,118.987608,34.942845,0.000000,81.257701,167.785119,237.643841,325.473803,392.422104,273.215609,195.090166,134.363070,93.426880,80.061648,138.852169,191.717247,280.936603,371.477559,417.469414,293.248698,253.143168,200.766303,182.690642,160.018824,185.051541,247.817359,335.230439,383.296992,443.149038,360.417243,270.247010,274.361611,223.006523,227.564901,276.748366,311.163100,351.560061,424.338775,502.630380,372.902761,355.257230,316.841999,318.426482,289.134218,334.693236,390.128974,407.255839,469.304637,523.927292,444.430281,398.106747,405.197780,376.117299,372.602852,411.927291,431.787152,459.020972,524.998169,595.931306,528.530664,478.179569,479.080972,448.704341,485.443384,501.191015,504.866813,561.089527,591.058822,623.330855,572.974217,544.079366,559.439192,530.965650,531.132037,576.930570,562.660688,632.457532,661.015615,715.754607,620.611210,634.535792,629.839164,601.599515,626.480512,647.539353,637.460875,671.254419,730.601863,766.818671
15,381.562987,300.751602,243.098832,157.515830,110.897048,89.303527,116.611365,184.003399,253.487608,311.622797,352.494031,274.553570,198.136498,113.314881,81.257701,0.000000,92.546034,156.838844,245.419083,313.967501,345.818229,263.528707,199.104702,149.797833,86.109940,62.418089,112.497344,201.188037,290.275221,336.234456,353.250072,309.034452,240.328600,189.995189,153.817474,130.059856,184.600614,259.102715,303.475979,362.648579,411.172159,311.745487,305.186721,223.947851,214.833608,226.824435,255.685154,282.052861,352.338424,424.304664,412.948105,381.611508,330.606980,320.641477,268.756411,291.119621,334.805124,343.910640,397.650184,449.559106,476.798732,417.905373,417.046122,367.316823,348.972068,373.795652,381.098547,399.575963,460.937692,525.094390,556.060551,489.455352,480.506437,435.544849,461.557782,463.168817,461.919994,508.150673,531.809766,557.510573,590.527736,551.522073,557.932309,519.178002,508.110586,542.896068,517.465112,580.754298,601.096090,651.160535,633.635988,642.304240,626.457387,585.938986,602.569335,611.733791,598.083061,620.670153,674.798128,705.253812
16,461.620922,381.277662,324.809562,219.557833,166.547252,100.422042,66.760305,95.055037,161.394627,219.280473,442.418073,362.093278,286.766142,202.117401,167.785119,92.546034,0.000000,80.081035,160.705429,224.962280,437.846227,355.992099,291.642659,242.258304,173.813842,82.133794,84.047059,148.280816,218.205450,259.001524,445.178643,400.390504,328.115968,265.990408,225.654763,159.383842,186.332306,217.531721,243.346529,296.464376,500.611240,398.911841,388.019073,293.512284,275.195983,245.155898,262.022974,257.896594,317.708458,367.676440,498.288432,460.581909,403.345704,385.817041,317.905870,312.183128,335.202066,329.228603,362.097195,405.259884,557.696144,492.308167,486.179694,421.731585,390.016819,396.930862,386.400329,389.553309,440.060599,488.146822,633.360577,556.732016,540.313831,483.629237,497.968621,482.902281,475.183828,505.367389,517.939743,530.772528,660.901738,614.871464,613.784011,566.405602,544.166482,565.409482,525.960809,578.163222,584.594158,625.234222,700.225697,704.703629,679.581945,628.007643,635.605089,630.578985,612.610955,619.001104,664.026776,684.204868
17,536.510512,455.773975,398.514984,298.482667,245.691419,180.303606,136.643238,103.663533,135.082712,172.223280,508.401337,431.377001,354.883107,270.146379,237.643841,156.838844,80.081035,0.000000,89.595903,161.336916,498.444360,414.370610,349.531706,298.787539,222.518312,113.844033,71.379745,77.343637,138.370919,180.968607,495.034819,448.427008,368.910998,293.109843,251.633895,159.834498,156.284761,148.209970,164.365615,216.393040,541.699377,436.718950,418.767259,311.663750,285.215162,220.335572,225.308967,197.799658,248.271291,288.653434,530.873272,483.863018,420.085705,394.521166,313.971630,283.643472,288.630764,271.955954,291.123409,329.753279,582.035069,508.745006,496.262706,417.829877,374.619857,365.593876,341.284440,333.273982,375.660296,414.881700,651.372440,563.125917,538.692409,471.531964,474.687720,445.941715,433.336972,451.195233,456.426135,461.907513,669.404188,615.754188,606.605708,551.512791,519.460037,528.832593,479.363048,522.934986,520.697885,555.973854,703.654709,703.263638,668.608489,607.140524,606.570104,590.009925,569.004314,563.848819,602.695584,616.999806
18,622.203397,541.734729,484.963702,379.253663,326.206775,255.150369,200.077371,126.983984,101.687936,100.585028,597.630865,519.804086,443.527398,358.622462,325.473803,245.419083,160.705429,89.595903,0.000000,73.600659,588.039674,503.931374,439.104149,388.346633,311.725253,202.865285,155.692896,104.076443,78.169635,103.398642,583.411877,536.538218,455.576479,376.145156,335.138776,237.161815,214.114756,151.401908,125.505447,156.594594,627.550430,521.991160,501.528406,390.468719,360.640227,275.292480,268.138182,211.429348,235.991509,238.232740,613.536487,562.550446,496.116790,466.341720,379.776214,330.395508,314.138463,282.532191,271.460974,294.047433,660.435814,583.441684,567.240547,480.535245,429.305471,405.242271,365.564655,341.391604,366.767444,383.297614,725.726885,630.796692,600.851541,526.415123,519.157467,476.314026,458.069534,457.797479,450.270575,440.377569,737.472879,678.822344,663.365180,602.371823,561.468288,557.489816,496.353658,525.892816,508.320253,531.471599,767.779280,763.637692,721.333189,651.422306,642.361444,612.484877,587.933536,566.033331,593.568317,596.065172
19,685.024204,605.174424,549.260149,438.240668,385.696932,311.776230,251.870656,165.934629,106.657441,55.687231,666.364907,586.926589,511.240487,426.343687,392.422104,313.967501,224.962280,161.336916,73.600659,0.000000,658.705424,575.055871,510.186421,459.556232,383.822465,275.173842,229.152955,172.212629,103.994699,89.901848,656.261577,609.530331,529.006096,449.710593,408.732434,310.353000,283.527002,204.133423,155.236605,157.105218,701.111384,595.579839,575.036645,463.509944,433.076195,342.521004,330.991062,263.572474,270.399328,238.927384,687.006367,635.366381,568.386941,537.509145,449.445153,393.420631,367.452729,328.771403,297.751340,305.246793,733.106950,655.205883,637.869001,548.483729,494.371794,463.680324,416.719468,383.677080,396.476594,393.955930,797.200389,700.086167,668.030203,590.802252,578.611286,528.723411,507.524603,495.830325,479.468226,457.816688,806.683092,746.123623,727.901751,664.386333,619.267545,607.852004,540.433466,560.082333,531.470637,544.269223,835.304891,829.509306,783.683869,709.765696,696.069895,658.469252,631.946861,599.016639,617.732146,610.725700
20,170.938694,156.072650,165.768439,279.695565,312.712205,380.468559,439.770993,523.765691,596.438792,657.110476,52.301998,107.555182,159.812516,238.306187,273.215609,345.818229,437.846227,498.444360,588.039674,658.705424,0.000000,84.961141,149.188177,199.964716,278.191660,386.199161,437.667432,521.354689,620.070176,669.555643,87.113931,105.031795,176.849013,263.385757,288.832181,384.038660,444.776515,556.048639,618.304073,680.796569,165.670071,168.683079,209.910194,285.951545,320.578936,435.161472,474.826350,548.110781,622.013502,723.446880,218.598151,261.108787,284.777130,322.160410,369.860172,461.340865,538.289426,577.385233,662.067434,724.321828,297.954752,311.263963,343.762765,391.210144,433.159193,505.362581,559.264868,610.247173,685.212561,777.188652,382.426907,399.014415,433.162537,457.390369,520.456752,578.310431,597.128260,679.356010,728.500278,782.831205,454.597279,465.017413,508.074583,518.587714,555.394209,630.529618,654.824128,739.768635,795.673360,865.099320,511.180001,541.173204,574.670163,591.216863,640.398605,698.990062,702.014435,771.420239,845.435025,901.533770
21,204.862343,154.100121,132.365019,220.389501,243.900984,306.029858,362.873886,444.205894,515.957473,575.148464,111.095358,89.633210,95.190139,160.876693,195.090166,263.528707,355.992099,414.370610,503.931374,575.055871,84.961141,0.000000,64.869527,115.584796,193.363963,301.663684,352.846793,436.402438,535.117416,584.637659,104.989252,80.227511,109.244869,186.134738,207.214134,299.914104,361.530896,471.911241,533.592002,596.063251,184.257513,133.700868,166.139173,214.302704,246.076259,355.695055,395.506898,465.941896,540.283880,639.879358,218.399611,236.485204,238.945927,268.511623,300.635038,387.204808,462.311453,498.706858,581.175469,642.857206,299.336034,287.767531,312.839388,338.845672,371.248424,438.638812,487.147911,534.830723,609.153057,698.553201,387.238947,377.430526,401.363350,409.773019,467.802941,516.854510,532.699364,610.820527,656.823755,707.684882,450.047703,445.870027,480.648138,479.138664,506.525468,575.708496,591.403045,674.215212,725.136721,792.306054,504.620490,529.291827,550.207191,553.025313,596.226883,645.860402,645.688230,707.755402,779.320505,831.769631
22,238.974826,171.216358,128.469059,178.016270,191.013831,246.942428,301.503548,380.903644,452.090147,510.631955,167.205410,113.616750,66.630843,101.885928,134.363070,199.104702,291.642659,349.531706,439.104149,510.186421,149.188177,64.869527,0.000000,50.795017,129.191389,237.017916,288.576236,373.090984,471.334033,520.618283,158.913150,120.462157,95.095330,142.945197,154.352194,239.900615,303.159538,411.283187,471.379210,533.733711,229.015209,150.839394,169.301683,178.477565,204.333595,303.888898,343.513144,409.039165,483.820948,580.135367,249.851257,249.028104,232.289708,251.821496,264.259892,342.534045,414.369044,446.874570,525.845928,586.518865,327.066711,297.902214,315.550072,320.383083,341.603285,402.233512,443.814447,487.054112,560.154830,645.962687,414.204536,385.364507,400.113176,393.926233,445.806061,485.139716,497.631648,570.581972,612.780946,659.382105,468.959998,453.865203,481.191083,469.346557,487.545571,550.035264,556.832747,636.771719,682.037997,746.427045,520.995298,541.269425,551.960038,543.108632,580.377729,621.115810,617.842719,672.074481,740.718583,789.088920
23,276.071316,201.733834,150.114671,159.699840,159.177343,205.412141,256.410860,332.943862,403.257818,460.804902,215.714086,152.514571,84.867222,67.419780,93.426880,149.797833,242.258304,298.787539,388.346633,459.556232,199.964716,115.584796,50.795017,0.000000,78.855245,186.234476,237.957429,323.074278,420.952071,470.087830,204.184389,161.605785,109.239686,119.529100,118.251204,193.259979,257.643122,363.344113,422.096813,484.318184,267.647858,177.233341,184.686456,159.706815,177.881244,264.636590,303.631609,364.294940,439.188414,532.640728,279.733995,266.164236,235.822292,246.179510,240.603387,309.419140,377.507932,406.372280,482.039257,541.735569,352.510169,311.549724,323.104363,310.836618,321.962336,375.658674,410.745962,449.828418,521.532692,604.099101,437.661424,395.263114,402.667512,384.901451,430.884205,461.628187,471.174315,539.255548,578.073569,620.989511,485.830195,462.703795,483.915828,464.055768,474.586331,530.959410,530.329685,607.415773,647.839638,709.766182,535.401444,552.143973,554.849315,536.878788,569.049128,602.269993,596.485361,643.999439,709.984631,754.902394
24,346.897069,268.818618,212.775644,174.415330,148.671029,164.704803,202.223660,268.008388,334.783437,388.621026,294.327126,227.002278,152.951780,85.965623,80.061648,86.109940,173.813842,222.518312,311.725253,383.822465,278.191660,193.363963,129.191389,78.855245,0.000000,108.870600,159.484993,244.232523,342.164449,391.432258,273.477281,227.658897,154.745278,109.361772,80.915855,119.625215,184.800296,286.237505,343.603194,405.713839,326.810695,225.992870,219.284496,147.508606,148.215286,202.988903,239.746735,291.569479,366.186525,455.749510,326.882231,296.615150,249.048590,244.562336,209.223805,257.328353,317.298482,339.845425,410.007800,468.155719,391.071986,334.714860,336.782473,298.676111,292.637315,332.742845,356.226078,388.019690,456.916060,534.315623,471.241487,409.729991,405.729560,370.427884,405.585955,421.761734,426.374066,485.778603,519.007060,556.128571,508.589781,473.768966,485.119473,453.231498,451.396769,496.996500,484.575628,556.356667,589.075987,647.037173,553.539008,564.604808,554.958782,523.095242,546.738057,567.693348,558.033855,594.611639,656.076520,695.610169
25,438.129406,357.601189,299.814236,219.928072,172.697777,136.517193,137.194192,174.808315,233.913928,282.685207,399.075267,325.726583,249.132030,166.821868,138.852169,62.418089,82.133794,113.844033,202.865285,275.173842,386.199161,301.663684,237.017916,186.234476,108.870600,0.000000,53.649035,142.645909,236.763802,284.923005,381.248565,334.759845,256.543304,186.748382,145.626680,81.702275,125.889289,197.234403,244.832111,305.376737,429.726707,325.650767,310.987679,212.098158,193.062723,175.401042,199.853424,219.964056,289.923163,363.816656,422.474762,381.022219,322.073577,303.706748,237.192744,241.945650,277.893462,283.381486,335.238307,387.342311,478.695430,411.176298,404.223470,340.442254,311.917933,326.376378,326.143469,340.291884,399.827537,462.697377,552.761941,474.624753,458.484898,403.851804,422.018636,414.598463,410.476985,451.208292,472.143503,495.817636,578.944512,532.809851,532.575581,487.061917,468.512971,495.970746,464.354193,524.089783,541.046494,589.674009,618.091934,622.735795,598.972533,550.377991,561.434414,563.268451,547.665751,564.384714,616.132374,644.537736
26,491.569804,410.964265,353.169089,268.512414,218.806519,169.883663,150.413043,157.853697,203.848825,243.536801,451.994164,379.309330,302.746821,220.388566,191.717247,112.497344,84.047059,71.379745,155.692896,229.152955,437.667432,352.846793,288.576236,237.957429,159.484993,53.649035,0.000000,89.238742,183.507066,232.189784,428.342527,381.269062,299.883860,222.018834,180.625432,89.712058,102.749033,147.898400,191.582319,251.812153,472.025596,366.642739,347.697466,240.370558,214.672235,163.560797,178.159237,178.850927,244.485155,311.807328,459.826040,412.507460,349.088345,324.685033,247.268128,230.084326,251.292247,247.740884,289.728920,338.869421,510.679056,437.911391,426.419675,351.699413,313.392845,314.511776,302.364897,307.294454,361.197975,417.184582,580.495125,494.244466,472.141174,409.074225,418.390642,399.554135,391.257971,422.181275,437.121727,454.649621,600.182920,548.537388,542.323197,490.668486,464.185354,482.242836,441.921302,495.081496,504.745377,549.018527,635.800750,636.964748,606.104934,549.694445,554.365983,546.883752,528.643586,535.845631,582.730345,606.147197
27,580.757123,500.182161,442.387868,355.255910,304.178144,246.956039,211.065798,177.912226,190.751574,204.539535,538.419558,467.551012,391.183923,309.462801,280.936603,201.188037,148.280816,77.343637,104.076443,172.212629,521.354689,436.402438,373.090984,323.074278,244.232523,142.645909,89.238742,0.000000,99.840281,150.364444,504.991289,457.459569,372.799116,287.316542,248.171101,145.979232,111.317732,70.984066,102.370344,162.808667,540.915721,435.021145,410.388797,295.862576,263.425584,171.314478,165.086227,122.110817,171.363648,223.930951,521.358427,466.132742,397.915894,365.706699,277.234897,226.971945,218.464255,196.486127,214.856600,257.093907,563.276056,483.849203,465.750437,376.905225,325.256676,303.996599,271.026776,257.710199,298.323967,340.079070,625.479930,527.970109,496.999647,422.412268,416.869146,379.197381,363.818235,375.825101,379.274071,385.092422,634.601362,575.019787,559.320365,498.873064,459.988504,461.515642,406.995858,447.035176,443.356416,479.321025,664.060687,659.589093,617.663323,549.440150,543.317619,520.061654,497.611401,487.892369,525.486041,539.909849
28,671.824865,591.007992,533.373991,436.748820,384.029481,317.779438,268.408034,203.465710,177.016850,154.701042,635.481065,562.299235,485.622822,402.169846,371.477559,290.275221,218.205450,138.370919,78.169635,103.994699,620.070176,535.117416,471.334033,420.952071,342.164449,236.763802,183.507066,99.840281,0.000000,50.646680,604.831198,557.297874,472.524089,386.329468,347.673061,245.310022,202.737988,104.774211,52.142843,80.595188,639.845356,534.048987,508.224681,392.624823,358.708388,254.545310,236.625819,162.008921,167.445055,160.468534,618.409176,560.686359,491.186087,456.081056,364.697600,298.164170,265.293759,224.947610,198.237113,216.326526,656.803128,574.969783,553.818391,458.795053,400.542815,363.662055,313.587081,279.744357,295.866220,305.751521,715.029669,612.178482,576.201808,495.442488,478.746960,425.662166,403.845872,392.696203,379.350104,364.506045,718.129277,654.156435,632.140178,566.246759,518.236078,504.222375,436.477533,458.149765,434.642017,454.604356,743.407567,735.126562,685.514901,608.837987,593.144501,554.475146,528.023474,497.573627,520.481545,519.727646
29,717.213333,636.424776,578.996496,478.553588,425.548443,356.524630,303.123543,228.888637,186.736630,145.583832,683.991466,609.676506,532.976104,448.952892,417.469414,336.234456,259.001524,180.968607,103.398642,89.901848,669.555643,584.637659,520.618283,470.087830,391.432258,284.923005,232.189784,150.364444,50.646680,0.000000,655.317335,607.797144,523.129042,436.961481,398.314181,295.955515,252.456639,148.897886,82.703506,67.296287,690.456699,584.675203,558.665034,442.892782,408.691109,302.157392,281.589678,201.576273,190.703132,149.202956,668.649837,610.296475,540.501799,504.626880,412.681570,341.997670,302.059728,256.831704,212.458897,215.570346,706.050005,623.553144,601.469974,504.713640,444.629704,402.832855,347.515347,306.709675,311.338527,304.089613,762.952829,658.428420,620.792801,538.176265,517.522619,459.072084,435.014755,414.260165,393.430760,368.522640,763.946449,698.509331,674.214645,606.539015,555.324395,535.200949,462.754076,475.869689,443.174776,454.409518,787.644991,777.941323,725.495086,645.807315,626.324448,581.441977,553.513758,514.023659,529.481874,520.936103
30,257.923220,234.545075,229.552446,325.378508,347.302110,405.847550,459.889658,536.965351,606.546548,662.027361,139.412933,176.032644,200.156464,260.586526,293.248698,353.250072,445.178643,495.034819,583.411877,656.261577,87.113931,104.989252,158.913150,204.184389,273.477281,381.248565,428.342527,504.991289,604.831198,655.317335,0.000000,47.569701,134.040327,224.702503,258.988896,360.691451,415.241830,529.366541,595.830692,658.001798,83.379419,95.420025,137.847324,236.126897,273.351278,393.903402,432.343189,512.485173,583.974964,691.762697,131.749599,176.474683,209.415653,251.006938,312.812264,409.035162,487.797058,531.770905,621.068503,684.480329,211.907744,225.610779,259.758484,317.224717,366.241345,442.220794,502.249172,557.828902,633.193568,729.601058,297.652589,312.489673,348.617520,379.322957,444.807164,508.922264,530.401050,616.412565,669.220564,728.481465,368.149237,378.088987,422.147234,436.075789,477.107533,555.438469,586.596490,673.081041,734.429793,806.585753,424.569955,454.142283,488.123068,507.872335,559.225387,622.371184,627.548522,702.669510,778.765832,838.776563
31,266.833497,229.045771,212.464897,294.732697,311.406440,365.946408,418.015199,493.023258,561.769043,616.246658,153.798135,165.816986,171.665415,221.950670,253.143168,309.034452,400.390504,448.427008,536.538218,609.530331,105.031795,80.227511,120.462157,161.605785,227.658897,334.759845,381.269062,457.459569,557.297874,607.797144,47.569701,0.000000,86.872632,177.806731,211.499527,313.126896,367.972968,482.013037,548.320631,610.519820,108.703434,64.048569,104.879091,191.584712,228.359959,348.084630,386.857900,465.981728,537.923746,644.940752,138.172104,162.276409,179.785981,217.479575,271.261457,366.081462,444.458001,487.179853,575.590849,638.847226,219.174972,213.610123,242.775423,286.240363,329.956459,403.921054,461.237442,515.228200,590.566953,685.761736,307.047961,303.077634,332.310731,352.524398,415.432682,474.486806,494.268311,578.267327,629.393985,686.754858,370.959626,370.851567,409.480298,415.372672,450.502408,525.556917,551.460900,637.059715,695.558844,766.548157,426.055502,452.107542,477.792687,488.523028,536.253720,593.958287,597.122802,667.957742,742.803533,800.716891
32,313.745819,256.714087,221.116425,266.192011,268.357087,309.687465,354.857688,422.654655,488.297476,539.227429,216.195792,193.527833,161.657790,176.650975,200.766303,240.328600,328.115968,368.910998,455.576479,529.006096,176.849013,109.244869,95.095330,109.239686,154.745278,256.543304,299.883860,372.799116,472.524089,523.129042,134.040327,86.872632,0.000000,91.000033,125.324559,227.529777,281.201672,395.342792,462.066726,524.140154,173.218394,71.482001,76.163621,109.108656,144.290191,262.159926,301.288420,379.306551,451.593676,558.092757,173.659045,157.514377,137.603668,161.201997,193.651269,284.570749,361.905879,402.636437,489.832092,552.886898,243.688987,204.553223,220.552842,231.237120,262.070410,330.691235,382.522136,433.611201,508.703241,601.976817,328.442217,290.896116,305.144822,303.490451,359.459857,407.730819,424.121759,503.886285,551.918304,606.067661,377.726098,359.234333,386.153010,376.401249,399.187212,466.751589,482.636458,566.078335,619.446648,688.344419,428.424313,447.270058,456.890240,450.342359,490.332304,537.105491,536.524264,599.111966,671.437082,725.638023
33,381.435361,313.654671,266.617465,269.965101,254.069981,273.593190,306.031414,360.643577,420.333271,465.293456,297.157978,256.281927,201.004058,173.604515,182.690642,189.995189,265.990408,293.109843,376.145156,449.710593,263.385757,186.134738,142.945197,119.529100,109.361772,186.748382,222.018834,287.316542,386.329468,436.961481,224.702503,177.806731,91.000033,0.000000,41.534541,141.387412,191.009165,305.336605,372.987302,434.715994,253.600974,147.731543,125.678992,41.129809,61.429417,172.095240,211.601748,288.331143,360.853946,467.138028,237.807234,194.602388,140.654700,135.937224,122.141742,201.439081,276.201492,314.000353,399.627265,462.447431,292.003674,228.122413,227.747367,194.725283,202.503682,259.459498,302.108524,348.696705,423.096554,513.826035,367.759033,300.574047,296.990288,268.284292,311.612342,343.563258,354.963671,427.930105,471.613088,521.551656,400.596218,364.408213,376.963378,349.418269,355.724926,411.572672,414.192386,493.828383,540.432430,606.508439,444.555007,455.243055,447.228050,421.104071,450.543643,482.879843,477.667020,529.196368,597.868625,647.351039
34,392.042465,319.609263,268.286140,252.488876,229.560013,240.321808,268.430844,319.981815,378.946945,423.793965,317.631657,266.960450,203.109207,158.507635,160.018824,153.817474,225.654763,251.633895,335.138776,408.732434,288.832181,207.214134,154.352194,118.251204,80.915855,145.626680,180.625432,248.171101,347.673061,398.314181,258.988896,211.499527,125.324559,41.534541,0.000000,102.392017,157.230199,270.752713,336.846390,399.020553,293.307538,187.408896,167.134049,70.141811,67.547404,149.625245,189.340789,259.278720,333.290985,435.684070,279.242224,235.401238,178.383453,166.983780,129.706077,191.167950,260.446326,292.747622,373.961622,435.759623,333.096184,266.965434,263.612937,218.033663,213.200267,259.471781,292.510641,333.051041,405.847333,492.211890,407.705913,335.772250,327.507182,289.523359,325.660614,347.051543,354.612228,421.037862,460.202908,505.131740,437.709129,397.756122,405.988753,372.409405,371.193752,419.807229,413.575383,489.489881,529.856902,592.763101,479.959566,488.568480,475.375881,442.181302,466.536246,490.886054,482.921175,526.414165,591.786663,636.943907
35,466.319221,388.443808,332.263798,277.614924,237.539134,215.049784,218.588032,245.105260,293.528946,330.539355,407.086980,345.089681,272.299774,202.200876,185.051541,130.059856,159.383842,159.834498,237.161815,310.353000,384.038660,299.914104,239.900615,193.259979,119.625215,81.702275,89.712058,145.979232,245.310022,295.955515,360.691451,313.126896,227.529777,141.387412,102.392017,0.000000,65.175693,172.021508,235.677328,298.110218,394.961944,289.053789,265.377499,153.363531,125.390687,96.768835,127.177305,172.000973,246.728024,340.289955,377.017195,325.634126,260.522458,235.002183,159.358244,161.812991,206.562720,222.460481,290.397508,348.956856,423.680933,348.985933,336.749604,263.733423,230.934110,245.612155,251.400536,274.183436,340.142889,414.866286,491.622123,404.588480,383.584422,324.268777,340.402680,334.436070,332.072269,379.307440,406.412526,438.804928,510.475116,459.506319,455.332649,407.030578,386.869827,415.209206,387.408741,451.609811,476.266467,530.846416,546.430327,548.395265,520.479762,469.266308,479.734556,483.168015,468.620223,491.268306,547.389441,581.844801
36,531.437363,453.618523,397.387496,338.308712,295.097123,261.901555,251.866435,256.020272,289.617339,313.569360,470.038433,409.840598,337.420748,266.752343,247.817359,184.600614,186.332306,156.284761,214.114756,283.527002,444.776515,361.530896,303.159538,257.643122,184.800296,125.889289,102.749033,111.317732,202.737988,252.456639,415.241830,367.972968,281.201672,191.009165,157.230199,65.175693,0.000000,114.338352,182.866990,244.020504,441.638352,336.810707,307.884514,191.366983,156.363743,64.075157,75.868378,106.888468,181.706126,278.737132,416.694464,357.949497,288.573863,254.823583,165.942949,128.456231,152.233136,160.026266,225.229341,284.123332,454.199441,373.344494,354.493010,266.603185,218.922658,212.251683,201.605814,214.990395,277.654534,349.863725,514.547057,416.818453,387.204455,316.141719,318.814180,296.805107,288.982259,325.382308,347.210554,375.586098,523.479879,465.038577,452.136173,395.398687,363.988887,379.509029,340.800364,398.299152,416.557752,468.375853,553.853289,550.760647,512.933403,451.066249,452.785328,444.253688,426.466761,438.680294,490.501276,521.101116
37,631.020726,551.310921,493.832426,416.132673,366.704916,314.257242,281.524959,246.702111,249.497912,248.177262,578.443649,513.168470,438.200045,360.450349,335.230439,259.102715,217.531721,148.209970,151.401908,204.133423,556.048639,471.911241,411.283187,363.344113,286.237505,197.234403,147.898400,70.984066,104.774211,148.897886,529.366541,482.013037,395.342792,305.336605,270.752713,172.021508,114.338352,0.000000,70.706560,130.056686,555.366934,450.899948,420.971076,304.302739,268.170441,154.839684,132.717961,60.263681,100.520127,169.518094,528.258391,466.470100,395.815940,358.025133,265.364212,193.641119,163.948003,131.707261,144.570585,190.975418,560.719067,476.773791,453.392327,355.823088,296.184947,259.744410,214.585026,191.776056,227.761206,270.962412,615.047373,509.563084,472.160902,390.721007,374.791264,325.984029,306.827576,309.476711,309.362245,314.210242,615.049841,549.997098,527.371386,461.673473,415.140712,406.530374,345.307970,379.540979,372.698337,408.509377,639.202739,630.449531,580.976354,505.657245,492.848166,461.098498,436.781076,420.219240,455.337055,468.927702
38,682.945109,602.432711,544.644056,456.452585,404.769398,343.707457,300.294516,245.084011,226.660094,206.802268,637.808976,568.735433,492.625049,411.556983,383.296992,303.475979,243.346529,164.365615,125.505447,155.236605,618.304073,533.592002,471.379210,422.096813,343.603194,244.832111,191.582319,102.370344,52.142843,82.703506,595.830692,548.320631,462.066726,372.987302,336.846390,235.677328,182.866990,70.706560,0.000000,62.515414,624.503978,519.562476,490.591161,373.952706,338.197457,225.461133,201.480182,119.086900,115.388567,124.352473,598.512607,537.134803,466.514781,428.644839,335.886626,260.689099,219.511356,175.756754,146.738072,170.361093,631.416763,547.329635,523.479859,424.669383,363.234229,320.129394,265.791221,228.722095,243.874418,258.885465,685.179804,578.493345,539.500483,456.019585,434.838950,377.679559,354.643637,340.761260,327.404775,314.872146,683.489268,617.011492,591.794221,523.857628,472.864842,455.022065,385.484823,406.008407,383.529835,406.190922,706.033723,695.706602,642.794130,563.397476,545.138680,503.771543,476.892774,445.438221,469.154363,470.588096
39,743.343576,662.683354,604.892751,513.191864,460.891026,396.638328,348.693116,283.253768,249.772500,212.746625,700.006494,630.241198,553.948959,472.189845,443.149038,362.648579,296.464376,216.393040,156.594594,157.105218,680.796569,596.063251,533.733711,484.318184,405.713839,305.376737,251.812153,162.808667,80.595188,67.296287,658.001798,610.519820,524.140154,434.715994,399.020553,298.110218,244.020504,130.056686,62.515414,0.000000,685.404856,580.809914,551.015774,434.351612,398.120966,282.429517,254.741202,167.686088,136.060562,83.254371,657.941087,595.089067,524.124184,484.879257,391.849589,310.626883,258.811351,208.437386,149.883369,148.284792,688.180718,602.974679,577.375837,476.018116,411.998521,361.250204,299.288268,251.599150,247.874480,236.854039,738.939969,629.459191,587.685331,501.565077,473.967950,408.690707,382.328569,353.498137,328.775229,301.375698,733.217564,664.379179,635.353063,564.817427,508.936855,481.513425,405.171062,412.530732,376.632381,387.164350,752.839941,740.076965,682.615645,598.704104,574.528921,523.774565,494.783047,449.947083,462.918574,453.648950
40,335.447622,317.505433,312.399055,402.859557,420.024843,472.971820,523.109637,594.677687,661.257174,712.393999,216.765131,259.404206,278.685599,330.060891,360.417243,411.172159,500.611240,541.699377,627.550430,701.111384,165.670071,184.257513,229.015209,267.647858,326.810695,429.726707,472.025596,540.915721,639.845356,690.456699,83.379419,108.703434,173.218394,253.600974,293.307538,394.961944,441.638352,555.366934,624.503978,685.404856,0.000000,105.928915,135.421428,251.407858,288.396346,408.993760,444.670369,529.944559,597.366842,710.056605,62.268962,130.178736,186.902556,232.901046,312.616674,410.503921,489.069208,537.797076,630.584353,694.303482,134.181969,170.005974,209.341519,289.268809,348.606859,427.753060,494.787440,555.093108,629.616503,730.057236,216.877532,248.689230,293.098623,340.417980,409.163809,483.053874,508.350243,598.524462,655.695987,720.682603,290.854703,310.050686,359.831484,385.044591,435.407582,518.790804,561.208046,648.890669,717.423905,792.561738,347.737232,379.918092,421.988987,453.489219,509.863790,581.963710,591.092711,674.958245,753.503618,818.674941
41,329.955983,287.394070,263.635007,328.462749,335.849817,380.445872,426.318766,493.648508,558.505992,607.993976,217.845426,223.087359,213.124525,243.872611,270.247010,311.745487,398.911841,436.718950,521.991160,595.579839,168.683079,133.700868,150.839394,177.233341,225.992870,325.650767,366.642739,435.021145,534.048987,584.675203,95.420025,64.048569,71.482001,147.731543,187.408896,289.053789,336.810707,450.899948,519.562476,580.809914,105.928915,0.000000,42.555997,148.683332,186.214148,307.678647,344.782882,428.127089,497.477297,608.303811,102.723631,102.864382,116.298021,156.030909,219.426994,316.721156,395.722569,441.619909,532.698155,596.382329,176.587018,154.074137,180.308200,223.543459,270.840326,346.901323,407.917436,464.723782,540.007994,637.779719,263.405435,243.729739,269.582946,288.709633,352.289901,413.932160,435.054391,521.030699,574.193410,634.427354,319.716282,312.185500,347.829312,351.494112,386.717096,462.660599,491.448264,577.775539,639.133398,711.590291,373.091105,396.270557,416.944113,424.782824,472.205176,530.631910,534.465398,607.662463,683.484220,743.371699
42,367.478454,319.993311,290.890912,342.354697,343.284483,380.413361,421.508147,483.067133,544.901555,590.921288,257.938187,255.540907,235.030232,252.036272,274.361611,305.186721,388.019073,418.767259,501.528406,575.036645,209.910194,166.139173,169.301683,184.686456,219.284496,310.987679,347.697466,410.388797,508.224681,558.665034,137.847324,104.879091,76.163621,125.678992,167.134049,265.377499,307.884514,420.971076,490.591161,551.015774,135.421428,42.555997,0.000000,116.671601,153.219674,273.572461,309.407212,394.526830,462.178314,574.636107,112.130050,81.490429,75.109468,113.499435,179.887639,277.741898,356.713347,403.953759,496.056242,559.794950,171.911106,128.707154,147.967377,181.462886,228.409080,304.856556,366.972025,424.774756,499.917941,598.615807,254.270180,216.253593,235.527950,248.001909,310.558591,371.379463,392.557880,478.832074,532.477404,593.585087,301.573210,284.866385,315.476458,313.663405,345.889875,420.743290,448.895105,535.257478,597.076334,669.883025,352.373921,371.968658,385.627211,387.390318,432.784496,489.080470,492.408418,565.107453,640.957671,701.100830
43,414.660972,349.683165,304.664967,311.050706,294.154656,309.952730,338.376337,386.885995,442.744492,483.392052,323.997948,290.357055,239.381124,214.718651,223.006523,223.947851,293.512284,311.663750,390.468719,463.509944,285.951545,214.302704,178.477565,159.706815,147.508606,212.098158,240.370558,295.862576,392.624823,442.892782,236.126897,191.584712,109.108656,41.129809,70.141811,153.363531,191.366983,304.302739,373.952706,434.351612,251.407858,148.683332,116.671601,0.000000,37.578378,159.056764,196.651045,279.456103,349.068191,459.649762,225.786051,172.360780,109.988079,97.277298,86.663133,175.515472,253.236659,295.715570,385.178193,448.720465,270.493581,199.128928,193.686533,153.672603,163.559170,225.064520,273.647549,324.648608,399.832016,494.195871,341.119351,265.666915,258.324387,227.160653,271.185316,306.687410,319.981579,396.523641,443.208502,496.990809,368.078559,327.730587,337.620908,308.446420,314.972560,372.548369,379.062922,460.520941,511.117663,579.398098,409.848645,418.569948,407.565634,380.001735,409.651113,443.801326,439.599964,494.873116,565.333131,617.600401
44,442.852594,374.796299,326.818495,319.749565,296.870287,303.374080,325.267168,366.369957,418.425273,455.621290,356.722624,317.711240,261.116397,224.990473,227.564901,214.833608,275.195983,285.215162,360.640227,433.076195,320.578936,246.076259,204.333595,177.881244,148.215286,193.062723,214.672235,263.425584,358.708388,408.691109,273.351278,228.359959,144.290191,61.429417,67.547404,125.390687,156.363743,268.170441,338.197457,398.120966,288.396346,186.214148,153.219674,37.578378,0.000000,121.484943,159.150326,241.991023,311.495350,422.199485,260.429616,202.712275,135.525427,110.902786,63.180279,141.230718,217.725348,258.838580,347.772108,411.269919,300.100158,223.635191,212.237317,152.668826,146.234832,198.469898,241.198391,289.716728,364.633626,457.810089,366.266702,281.726886,266.746946,222.776271,258.260776,283.748450,294.045715,366.533616,410.839428,462.435748,386.681909,339.998222,343.221122,306.038049,303.684707,354.130389,353.276536,432.449354,479.424228,546.248158,425.033074,430.233744,411.627350,375.103295,399.019590,425.377474,418.752053,467.979430,536.439529,586.260417
45,540.467882,466.049641,412.343066,371.089380,333.338850,311.050706,308.853506,319.319218,353.566955,375.484146,466.589500,415.864125,348.722945,288.872688,276.748366,226.824435,245.155898,220.335572,275.292480,342.521004,435.161472,355.695055,303.888898,264.636590,202.988903,175.401042,163.560797,171.314478,254.545310,302.157392,393.903402,348.084630,262.159926,172.095240,149.625245,96.768835,64.075157,154.839684,225.461133,282.429517,408.993760,307.678647,273.572461,159.056764,121.484943,0.000000,39.815614,120.975501,190.166047,301.072440,376.930120,312.699046,241.695186,203.188829,110.614533,67.111573,114.326503,143.174673,227.675325,290.779728,406.071749,321.947369,299.363487,205.975196,155.142789,151.925543,155.484005,185.692011,256.915280,342.887398,460.795478,358.313491,325.723399,252.452551,255.327581,239.316133,235.509824,284.426193,316.048225,356.361812,464.681042,403.773864,388.834725,331.342831,300.841643,321.115573,290.640899,356.168238,386.113499,445.510106,492.880095,488.380524,449.028325,387.313433,390.849643,387.912611,372.411781,395.446708,453.901760,492.751459
46,579.632380,504.719682,450.543259,404.570503,364.545573,336.357981,327.720185,327.725128,354.061219,368.661951,506.405049,455.224378,387.373462,325.246007,311.163100,255.685154,262.022974,225.308967,268.138182,330.991062,474.826350,395.506898,343.513144,303.631609,239.746735,199.853424,178.159237,165.086227,236.625819,281.589678,432.343189,386.857900,301.288420,211.601748,189.340789,127.177305,75.868378,132.717961,201.480182,254.741202,444.670369,344.782882,309.407212,196.651045,159.150326,39.815614,0.000000,88.236069,152.806706,266.198934,410.047173,343.475204,272.256629,231.099498,138.326494,62.466856,79.391965,103.407632,188.748074,252.147654,434.432513,348.487873,322.728041,223.267108,164.027306,140.408662,126.308866,148.330818,218.045232,303.072108,484.381031,377.079117,339.599927,259.861864,251.891446,222.008110,213.170419,252.488610,279.956584,317.503757,482.375453,417.532470,396.938852,334.281584,295.505235,304.915627,265.097841,325.072902,349.969598,407.463691,506.781791,499.053359,453.364386,384.540957,381.293984,368.768133,350.632857,365.064977,420.214252,456.144874
47,638.313711,560.346395,503.916546,438.991556,392.661133,348.716466,324.132949,299.933043,308.336298,308.408000,575.398106,516.627679,444.294472,372.455416,351.560061,282.052861,257.896594,197.799658,211.429348,263.572474,548.110781,465.941896,409.039165,364.294940,291.569479,219.964056,178.850927,122.110817,162.008921,201.576273,512.485173,465.981728,379.306551,288.331143,259.278720,172.000973,106.888468,60.263681,119.086900,167.686088,529.944559,428.127089,394.526830,279.456103,241.991023,120.975501,88.236069,0.000000,74.893721,180.210538,497.320658,431.517619,360.297914,319.334171,226.534454,143.100612,103.922707,74.378502,118.492423,177.520569,522.651823,436.532227,409.977749,308.364399,245.094641,201.851880,154.323494,135.644377,182.485930,244.377221,571.418821,461.918196,421.253109,337.011904,316.882319,265.777518,246.652197,253.737922,260.295879,276.261583,566.096293,498.499527,472.709440,405.135134,356.254766,346.274798,286.314121,325.179088,326.711936,370.460454,587.384966,576.645594,524.238903,446.850876,432.782579,401.343210,377.539582,366.079542,406.581634,427.323318
48,713.031243,634.854385,578.246188,509.820753,462.056828,413.206599,382.025358,344.163134,337.568661,322.145998,649.998506,591.508340,519.016297,446.286645,424.338775,352.338424,317.708458,248.271291,235.991509,270.399328,622.013502,540.283880,483.820948,439.188414,366.186525,289.923163,244.485155,171.363648,167.445055,190.703132,583.974964,537.923746,451.593676,360.853946,333.290985,246.728024,181.706126,100.520127,115.388567,136.060562,597.366842,497.477297,462.178314,349.068191,311.495350,190.166047,152.806706,74.893721,0.000000,116.988677,561.334206,492.878203,421.966269,378.762776,287.959784,194.802012,129.066603,75.094783,45.340585,102.700720,580.360082,492.751466,462.814634,357.452172,289.986912,230.399995,164.269450,116.293923,131.026657,172.888883,622.370420,508.102497,462.223568,373.486882,340.459100,272.679402,246.371572,225.434218,214.367640,213.728781,609.031289,537.265978,504.310885,432.044835,373.827580,345.885601,272.057335,290.922795,274.562217,307.992225,624.607726,609.363306,548.764001,463.193215,438.532090,390.738871,362.957804,330.640861,358.718046,368.760522
49,800.118713,720.155760,662.537893,579.186744,527.992933,468.002300,424.157248,363.863975,332.982306,294.591250,747.340099,682.685466,607.628262,529.075479,502.630380,424.304664,367.676440,288.653434,238.232740,238.927384,723.446880,639.879358,580.135367,532.640728,455.749510,363.816656,311.807328,223.930951,160.468534,149.202956,691.762697,644.940752,558.092757,467.138028,435.684070,340.289955,278.737132,169.518094,124.352473,83.254371,710.056605,608.303811,574.636107,459.649762,422.199485,301.072440,266.198934,180.210538,116.988677,0.000000,676.205363,608.748599,537.657174,495.019800,403.459360,311.654577,244.620473,189.772685,103.246990,72.567914,697.106418,609.624461,579.799444,474.310256,406.553617,343.803790,273.213556,214.448143,188.525500,156.696395,739.193028,624.320043,577.291076,487.637860,449.649568,374.072261,344.064578,298.234014,262.981018,224.723174,724.260885,651.344778,615.604724,541.661942,479.084468,438.912111,356.112926,349.342019,303.035971,306.621284,737.794440,720.606890,655.977782,566.156917,534.040558,472.507016,441.629032,384.232564,388.688336,373.593224
50,389.534882,363.456824,350.555549,427.771604,437.829885,483.126252,528.243218,593.300664,656.310635,702.999614,270.784256,301.982275,307.878137,345.966664,372.902761,412.948105,498.288432,530.873272,613.536487,687.006367,218.598151,218.399611,249.851257,279.733995,326.882231,422.474762,459.826040,521.358427,618.409176,668.649837,131.749599,138.172104,173.659045,237.807234,279.242224,377.017195,416.694464,528.258391,598.512607,657.941087,62.268962,102.723631,112.130050,225.786051,260.429616,376.930120,410.047173,497.320658,561.334206,676.205363,0.000000,74.416557,140.784654,186.385746,273.493307,369.794121,446.977656,497.890003,591.854212,655.270579,81.417613,108.446358,148.515418,235.481598,298.577193,378.031451,447.823291,510.029086,583.505000,685.472921,169.016633,186.752474,230.940356,281.532601,350.799899,427.704973,454.372992,545.750223,604.552725,671.914356,236.539555,249.340073,297.868807,323.179099,375.168464,459.585236,505.581377,593.335552,664.480401,740.633010,292.849605,322.652737,360.873693,391.269969,448.029201,521.617587,531.719986,618.048627,697.230013,764.155681
51,428.487050,389.803859,366.249944,423.635220,424.589516,459.696785,498.222873,555.233093,613.858110,655.726565,312.688360,325.660560,313.655286,333.488150,355.257230,381.611508,460.581909,483.863018,562.550446,635.366381,261.108787,236.485204,249.028104,266.164236,296.615150,381.022219,412.507460,466.132742,560.686359,610.296475,176.474683,162.276409,157.514377,194.602388,235.401238,325.634126,357.949497,466.470100,537.134803,595.089067,130.178736,102.864382,81.490429,172.360780,202.712275,312.699046,343.475204,431.517619,492.878203,608.748599,74.416557,0.000000,71.221699,114.662508,205.352666,299.460591,375.472626,427.366150,521.686267,584.782617,98.172072,51.433006,83.366533,161.116787,224.441468,303.854416,374.263230,437.029805,510.045297,612.430959,174.639231,141.123100,172.214417,210.404553,278.996934,353.871330,380.155792,471.380719,530.144146,597.746980,220.321753,209.408686,247.516204,260.229954,306.199717,388.778802,431.890167,519.639946,590.143418,666.225445,271.984207,293.691821,315.519153,331.498391,384.216911,452.690604,461.120390,545.061588,623.889472,690.139073
52,441.928149,391.675526,358.606883,395.419386,388.132135,413.733186,446.373461,496.870325,552.213966,591.015149,333.047030,327.502670,298.916644,300.608293,316.841999,330.606980,403.345704,420.085705,496.116790,568.386941,284.777130,238.945927,232.289708,235.822292,249.048590,322.073577,349.088345,397.915894,491.186087,540.501799,209.415653,179.785981,137.603668,140.654700,178.383453,260.522458,288.573863,395.815940,466.514781,524.124184,186.902556,116.298021,75.109468,109.988079,135.525427,241.695186,272.256629,360.297914,421.966269,537.657174,140.784654,71.221699,0.000000,46.129465,134.204023,229.239875,306.194218,357.321692,451.457011,514.752200,165.627467,89.160822,88.361597,107.811765,161.939130,240.892014,308.378261,369.753328,443.705479,545.138506,231.471476,161.390331,168.014042,172.892692,236.020518,300.571723,323.784686,412.610705,468.974356,533.872387,259.941662,227.520210,249.265444,240.291416,270.790947,346.473557,378.615478,465.763211,531.445054,606.016846,304.636005,317.744816,320.176964,314.238043,358.015985,414.336330,418.400819,494.126583,571.161654,633.846944
53,473.257357,417.887907,380.160740,403.246838,389.901100,407.171019,433.945440,477.272740,528.527200,563.299058,368.501453,354.679613,317.549168,306.936234,318.426482,320.641477,385.817041,394.521166,466.341720,537.509145,322.160410,268.511623,251.821496,246.179510,244.562336,303.706748,324.685033,365.706699,456.081056,504.626880,251.006938,217.479575,161.201997,135.937224,166.983780,235.002183,254.823583,358.025133,428.644839,484.879257,232.901046,156.030909,113.499435,97.277298,110.902786,203.188829,231.099498,319.334171,378.762776,495.019800,186.385746,114.662508,46.129465,0.000000,93.033526,184.857425,260.936083,312.706123,407.043928,470.120113,203.386836,118.926424,101.755070,70.338710,116.607677,195.121245,262.250505,323.770293,397.614502,499.189961,259.774467,170.918140,161.174392,142.422735,199.632377,257.938111,279.784724,367.600848,423.318384,487.800185,275.830762,230.926142,241.043561,218.313566,238.131733,308.808286,335.600095,422.261793,486.319177,560.485092,314.587308,321.669126,311.423533,291.715956,329.241025,378.151867,379.967256,451.684136,527.879865,589.309015
54,501.267122,435.388648,388.742682,382.182262,357.329489,358.048508,373.516424,404.270065,449.045115,478.514414,409.670796,376.768395,323.100177,287.917091,289.134218,268.756411,317.905870,313.971630,379.776214,449.445153,369.860172,300.635038,264.259892,240.603387,209.223805,237.192744,247.268128,277.234897,364.697600,412.681570,312.812264,271.261457,193.651269,122.141742,129.706077,159.358244,165.942949,265.364212,335.886626,391.849589,312.616674,219.426994,179.887639,86.663133,63.180279,110.614533,138.326494,226.534454,287.959784,403.459360,273.493307,205.352666,134.204023,93.033526,0.000000,97.981020,176.861363,225.308976,318.709923,382.302953,296.398227,211.447476,189.218993,104.474131,83.519262,138.410956,189.993074,245.302924,320.609959,418.731020,350.347937,251.031731,224.939141,167.298591,196.369639,221.425195,233.489318,310.354060,358.710525,415.729199,357.708380,301.783914,296.019508,250.885364,242.301902,290.951936,292.643003,373.865926,425.867131,495.578596,389.815448,389.728109,361.800580,317.254024,337.606655,362.205156,355.883278,408.271800,478.751258,531.987219
55,581.483293,510.542129,459.410058,429.770892,395.025288,376.845109,375.957959,384.423876,414.632504,430.958785,497.943366,456.114644,394.274423,342.826562,334.693236,291.119621,312.183128,283.643472,330.395508,393.420631,461.340865,387.204808,342.534045,309.419140,257.328353,241.945650,230.084326,226.971945,298.164170,341.997670,409.035162,366.081462,284.570749,201.439081,191.167950,161.812991,128.456231,193.641119,260.689099,310.626883,410.503921,316.721156,277.741898,175.515472,141.230718,67.111573,62.466856,143.100612,194.802012,311.654577,369.794121,299.460591,229.239875,184.857425,97.981020,0.000000,79.014358,128.098543,222.252331,285.514546,385.571396,297.970974,268.838246,165.476481,102.632197,84.813970,101.440171,149.209373,224.503759,321.062727,429.572777,318.843380,278.849985,197.563604,191.187467,172.712290,171.196523,230.002916,270.335934,321.498868,423.076855,356.511685,334.585458,271.979806,235.827031,254.131273,228.151416,299.407187,339.504544,405.121185,445.659495,437.025809,390.974572,323.820531,324.415834,321.439090,306.969563,337.330745,400.777025,446.563854
56,652.485505,579.222015,526.128882,483.821081,443.916396,414.120925,401.705174,392.294287,408.597086,412.068446,573.358271,527.381125,462.039631,403.143126,390.128974,334.805124,335.202066,288.630764,314.138463,367.452729,538.289426,462.311453,414.369044,377.507932,317.298482,277.893462,251.292247,218.464255,265.293759,302.059728,487.797058,444.458001,361.905879,276.201492,260.446326,206.562720,152.233136,163.948003,219.511356,258.811351,489.069208,395.722569,356.713347,253.236659,217.725348,114.326503,79.391965,103.922707,129.066603,244.620473,446.977656,375.472626,306.194218,260.936083,176.861363,79.014358,0.000000,54.895637,148.272406,210.118347,458.028293,369.775982,337.556472,231.012579,162.468343,102.463059,52.704654,72.702222,146.969505,242.057234,495.334912,379.719358,333.172807,244.550584,215.837125,162.199138,145.361589,173.428069,201.721748,245.429254,480.023690,408.276437,376.725810,306.108572,253.380082,243.593944,191.396751,246.226572,271.787200,332.349618,495.853451,481.609744,424.353317,343.946934,328.903485,301.789568,280.384342,286.493972,340.848073,378.457922
57,682.443218,606.848609,552.011803,498.330994,454.713032,416.434631,395.859449,374.302087,381.200932,376.763683,609.676105,558.316832,489.579311,424.266681,407.255839,343.910640,329.228603,271.955954,282.532191,328.771403,577.385233,498.706858,446.874570,406.372280,339.845425,283.381486,247.740884,196.486127,224.947610,256.831704,531.770905,487.179853,402.636437,314.000353,292.747622,222.460481,160.026266,131.707261,175.756754,208.437386,537.797076,441.619909,403.953759,295.715570,258.838580,143.174673,103.407632,74.378502,75.094783,189.772685,497.890003,427.366150,357.321692,312.706123,225.308976,128.098543,54.895637,0.000000,94.461454,157.439644,511.663416,423.538500,391.946745,285.627778,217.269276,155.315963,91.108062,61.320104,117.745315,199.891838,550.142408,434.604951,387.722751,298.593906,265.908036,202.242108,178.981390,179.367245,189.466912,216.422974,534.645058,462.395977,429.253227,357.264820,300.554314,279.379501,213.823265,250.998006,257.777577,308.510505,549.580960,534.295071,474.450702,390.521045,369.540918,330.534390,305.428952,291.922648,335.019315,361.343179
58,756.628039,678.810359,622.408951,555.118150,507.397324,458.183023,425.887320,384.639342,373.033731,351.510279,691.379968,634.513336,562.624264,490.823803,469.304637,397.650184,362.097195,291.123409,271.460974,297.751340,662.067434,581.175469,525.845928,482.039257,410.007800,335.238307,289.728920,214.856600,198.237113,212.458897,621.068503,575.590849,489.832092,399.627265,373.961622,290.397508,225.229341,144.570585,146.738072,149.883369,630.584353,532.698155,496.056242,385.178193,347.772108,227.675325,188.748074,118.492423,45.340585,103.246990,591.854212,521.686267,451.457011,407.043928,318.709923,222.252331,148.272406,94.461454,0.000000,63.738791,606.036055,517.860134,485.821477,379.189868,310.423818,243.295369,170.980264,111.206895,98.930256,127.551366,643.052288,526.288187,477.445448,387.071877,346.815112,270.952655,241.353369,203.742659,181.723549,171.308825,624.360848,550.373098,513.150689,438.809667,375.837508,337.606593,257.388181,263.418904,236.892593,264.962636,636.097402,618.051473,552.758627,463.051912,432.296258,375.436534,345.770076,301.664651,322.417669,327.130109
59,815.049979,736.511171,679.643637,606.876181,557.673921,503.904407,466.329147,415.425512,393.045755,360.794561,752.671788,693.957329,621.088811,547.109183,523.927292,449.559106,405.259884,329.753279,294.047433,305.246793,724.321828,642.857206,586.518865,541.735569,468.155719,387.342311,338.869421,257.093907,216.326526,215.570346,684.480329,638.847226,552.886898,462.447431,435.759623,348.956856,284.123332,190.975418,170.361093,148.284792,694.303482,596.382329,559.794950,448.720465,411.269919,290.779728,252.147654,177.520569,102.700720,72.567914,655.270579,584.782617,514.752200,470.120113,382.302953,285.514546,210.118347,157.439644,63.738791,0.000000,668.121640,579.842817,547.035633,440.154044,371.139301,300.935970,226.689835,162.694903,120.973693,89.526165,702.903239,585.053017,534.645204,443.728338,398.836419,317.570023,285.756853,230.450467,191.194692,153.487389,681.157014,605.926662,565.788735,490.299748,423.991090,376.323365,290.861117,277.903172,230.764801,239.367510,690.226214,670.114032,601.211958,508.369583,471.787367,405.073018,373.516951,312.101444,316.657582,305.533262
60,468.664404,444.764676,431.639366,504.953555,511.639002,552.053961,593.261420,652.535373,711.841957,753.880787,349.786579,383.399837,387.244631,419.685589,444.430281,476.798732,557.696144,582.035069,660.435814,733.106950,297.954752,299.336034,327.066711,352.510169,391.071986,478.695430,510.679056,563.276056,656.803128,706.050005,211.907744,219.174972,243.688987,292.003674,333.096184,423.680933,454.199441,560.719067,631.416763,688.180718,134.181969,176.587018,171.911106,270.493581,300.100158,406.071749,434.432513,522.651823,580.360082,697.106418,81.417613,98.172072,165.627467,203.386836,296.398227,385.571396,458.028293,511.663416,606.036055,668.121640,0.000000,88.331710,124.581986,230.055019,298.725984,375.566164,449.404572,514.111389,584.282884,687.990346,87.944641,129.381784,184.158377,255.445780,324.065405,409.122248,439.130965,532.037754,594.045730,666.021137,156.826648,181.484956,236.945848,277.219178,339.310313,426.805459,484.602056,571.318830,648.839720,726.815607,213.634907,246.001702,293.513050,338.366138,400.014606,482.656393,497.154771,591.554494,671.993442,743.469377
61,479.467803,441.211494,417.007527,470.393193,468.473472,499.183295,534.137063,585.982794,641.243579,679.196697,363.113246,377.033824,363.245338,378.397325,398.106747,417.905373,492.308167,508.745006,583.441684,655.205883,311.263963,287.767531,297.902214,311.549724,334.714860,411.176298,437.911391,483.849203,574.969783,623.553144,225.610779,213.610123,204.553223,228.122413,266.965434,348.985933,373.344494,476.773791,547.329635,602.974679,170.005974,154.074137,128.707154,199.128928,223.635191,321.947369,348.487873,436.532227,492.751466,609.624461,108.446358,51.433006,89.160822,118.926424,211.447476,297.970974,369.775982,423.538500,517.860134,579.842817,88.331710,0.000000,40.967854,142.147826,210.539988,287.914914,361.394831,425.954544,496.551059,600.130987,142.636232,89.708011,124.011128,175.788930,245.350121,326.497178,355.221560,447.840342,508.890419,579.682579,174.867862,158.114090,196.822034,215.078180,267.295785,352.642886,403.399000,490.871786,565.637581,643.028313,223.974178,243.507711,264.275995,284.424977,339.869760,413.545813,424.491463,513.625074,593.475935,662.661215
62,509.608700,466.937439,438.835437,482.803574,476.460574,501.310776,532.024860,578.365472,630.266890,664.697297,394.983483,402.471925,381.921909,388.531958,405.197780,417.046122,486.179694,496.262706,567.240547,637.869001,343.762765,312.839388,315.550072,323.104363,336.782473,404.223470,426.419675,465.750437,553.818391,601.469974,259.758484,242.775423,220.552842,227.747367,263.612937,336.749604,354.493010,453.392327,523.479859,577.375837,209.341519,180.308200,147.967377,193.686533,212.237317,299.363487,322.728041,409.977749,462.814634,579.799444,148.515418,83.366533,88.361597,101.755070,189.218993,268.838246,337.556472,391.946745,485.821477,547.035633,124.581986,40.967854,0.000000,106.963826,176.048707,251.487343,325.781801,390.808523,460.142694,563.964942,161.706339,73.061925,89.567319,134.859723,204.415043,286.260069,315.460121,408.248065,469.809661,541.459132,174.723884,139.600960,167.811799,177.050932,226.699976,311.746528,362.863847,450.236372,525.692706,603.316396,216.808004,229.473139,237.690811,248.140192,301.400153,373.106893,383.661810,472.722772,552.630574,622.130758
63,543.594791,487.748922,448.852142,464.689170,446.828335,456.024839,475.727854,508.731275,552.897317,580.172070,438.252447,424.764953,385.421665,368.304021,376.117299,367.316823,421.731585,417.829877,480.535245,548.483729,391.210144,338.845672,320.383083,310.836618,298.676111,340.442254,351.699413,376.905225,458.795053,504.713640,317.224717,286.240363,231.237120,194.725283,218.033663,263.733423,266.603185,355.823088,424.669383,476.018116,289.268809,223.543459,181.462886,153.672603,152.668826,205.975196,223.267108,308.364399,357.452172,474.310256,235.481598,161.116787,107.811765,70.338710,104.474131,165.476481,231.012579,285.627778,379.189868,440.154044,230.055019,142.147826,106.963826,0.000000,69.084993,145.808061,219.349603,284.137564,354.403512,458.001569,264.923815,153.824158,120.910529,74.082507,129.517594,194.019541,219.209836,310.269632,369.453774,438.541607,259.340789,198.478344,192.134434,154.864705,167.950309,239.320256,272.216604,359.778669,429.028392,505.196162,287.259435,285.466311,259.357655,226.448935,259.994662,308.149004,310.951474,387.006516,464.744647,529.453402
64,574.993575,512.586902,468.223771,465.687752,440.462097,438.158084,449.111241,471.112502,508.531583,529.792722,476.857123,452.073559,402.896420,371.220988,372.602852,348.972068,390.016819,374.619857,429.305471,494.371794,433.159193,371.248424,341.603285,321.962336,292.637315,311.917933,313.392845,325.256676,400.542815,444.629704,366.241345,329.956459,262.070410,202.503682,213.200267,230.934110,218.922658,296.184947,363.234229,411.998521,348.606859,270.840326,228.409080,163.559170,146.234832,155.142789,164.027306,245.094641,289.986912,406.553617,298.577193,224.441468,161.939130,116.607677,83.519262,102.632197,162.468343,217.269276,310.423818,371.139301,298.725984,210.539988,176.048707,69.084993,0.000000,79.462392,151.036186,215.414660,286.627114,389.881862,332.874729,218.357355,176.267288,97.325350,113.223064,145.708027,164.358836,251.010388,307.092602,373.338113,321.221617,253.879653,234.063741,177.308363,159.516054,209.098408,221.665343,307.159644,369.711633,444.078586,343.039003,335.177920,294.041180,238.463374,254.612326,280.395617,276.248724,338.262831,412.907579,472.909586
65,639.667398,573.114061,525.170598,506.936956,475.095241,460.540292,460.766026,467.511963,494.050697,505.116972,546.865700,515.062911,459.473893,416.524576,411.927291,373.795652,396.930862,365.593876,405.242271,463.680324,505.362581,438.638812,402.233512,375.658674,332.742845,326.376378,314.511776,303.996599,363.662055,402.832855,442.220794,403.921054,330.691235,259.459498,259.471781,245.612155,212.251683,259.744410,320.129394,361.250204,427.753060,346.901323,304.856556,225.064520,198.469898,151.925543,140.408662,201.851880,230.399995,343.803790,378.031451,303.854416,240.892014,195.121245,138.410956,84.813970,102.463059,155.315963,243.295369,300.935970,375.566164,287.914914,251.487343,145.808061,79.462392,0.000000,75.006787,140.373165,208.717490,312.484343,402.858552,284.210366,234.167622,143.886912,115.089872,89.626781,95.583346,174.359832,228.224354,293.894879,381.065489,307.541054,274.300981,203.959752,156.226116,169.620897,154.808937,235.583017,292.234912,365.488836,394.331396,379.241934,322.681169,246.345183,240.998760,237.941988,225.668298,269.914492,340.764121,396.822353
66,682.787723,611.972772,560.642954,526.399199,488.691963,462.656668,452.673299,444.946101,460.887901,462.650763,597.468641,557.421668,495.612125,442.118696,431.787152,381.098547,386.400329,341.284440,365.564655,416.719468,559.264868,487.147911,443.814447,410.745962,356.226078,326.143469,302.364897,271.026776,313.587081,347.515347,502.249172,461.237442,382.522136,302.108524,292.510641,251.400536,201.605814,214.585026,265.791221,299.288268,494.787440,407.917436,366.972025,273.647549,241.198391,155.484005,126.308866,154.323494,164.269450,273.213556,447.823291,374.263230,308.378261,262.250505,189.993074,101.440171,52.704654,91.108062,170.980264,226.689835,449.404572,361.394831,325.781801,219.349603,151.036186,75.006787,0.000000,65.367824,135.803887,238.845802,477.850256,358.988248,307.958982,217.052179,176.797498,112.075533,92.851377,129.553089,169.676720,226.618226,454.506484,379.722234,342.392612,268.731187,209.683196,191.959797,139.564765,200.727937,238.335644,305.834599,465.127576,447.396082,384.630851,299.462611,279.573257,249.107776,227.797047,239.984101,300.065601,345.316922
67,725.060104,651.475040,598.021314,551.715489,509.880090,474.844087,456.273374,435.574539,441.025896,433.451400,645.839902,600.007916,534.211558,473.576196,459.020972,399.575963,389.553309,333.273982,341.391604,383.677080,610.247173,534.830723,487.054112,449.828418,388.019690,340.291884,307.294454,257.710199,279.744357,306.709675,557.828902,515.228200,433.611201,348.696705,333.051041,274.183436,214.990395,191.776056,228.722095,251.599150,555.093108,464.723782,424.774756,324.648608,289.716728,185.692011,148.330818,135.644377,116.293923,214.448143,510.029086,437.029805,369.753328,323.770293,245.302924,149.209373,72.702222,61.320104,111.206895,162.694903,514.111389,425.954544,390.808523,284.137564,215.414660,140.373165,65.367824,0.000000,75.367822,175.444965,543.196313,424.185238,372.584475,281.522211,236.715243,159.926016,131.323081,118.119999,132.359563,172.855774,518.775853,443.266255,403.546323,328.532278,264.649605,229.918383,156.772532,189.705661,202.091521,259.943297,527.613625,508.164633,441.662758,351.982522,323.378511,275.111901,248.279119,230.636721,275.986920,307.879017
68,797.367805,722.761736,668.494573,615.942898,571.824819,530.946294,505.956971,474.024730,468.423500,449.892181,720.226959,672.636289,605.414775,541.705755,524.998169,460.937692,440.060599,375.660296,366.767444,396.476594,685.212561,609.153057,560.154830,521.532692,456.916060,399.827537,361.197975,298.323967,295.866220,311.338527,633.193568,590.566953,508.703241,423.096554,405.847333,340.142889,277.654534,227.761206,243.874418,247.874480,629.616503,540.007994,499.917941,399.832016,364.633626,256.915280,218.045232,182.485930,131.026657,188.525500,583.505000,510.045297,443.705479,397.614502,320.609959,224.503759,146.969505,117.745315,98.930256,120.973693,584.282884,496.551059,460.142694,354.403512,286.627114,208.717490,135.803887,75.367822,0.000000,103.935442,608.491410,488.286886,434.211378,343.492712,290.392233,203.835737,170.604162,109.844850,83.576859,99.464989,578.282098,500.997234,456.123035,379.694298,310.059278,256.347992,170.001199,164.690314,145.056825,190.766342,582.061284,558.929284,486.215766,391.204757,351.732790,284.423747,253.222512,202.734520,227.944074,245.029512
69,879.813619,802.936638,747.080214,682.510516,634.941776,585.164965,550.877171,503.532207,482.555316,449.599785,809.476536,756.505336,686.124933,616.488381,595.931306,525.094390,488.146822,414.881700,383.297614,393.955930,777.188652,698.553201,645.962687,604.099101,534.315623,462.697377,417.184582,340.079070,305.751521,304.089613,729.601058,685.761736,601.976817,513.826035,492.211890,414.866286,349.863725,270.962412,258.885465,236.854039,730.057236,637.779719,598.615807,494.195871,457.810089,342.887398,303.072108,244.377221,172.888883,156.696395,685.472921,612.430959,545.138506,499.189961,418.731020,321.062727,242.057234,199.891838,127.551366,89.526165,687.990346,600.130987,563.964942,458.001569,389.881862,312.484343,238.845802,175.444965,103.935442,0.000000,712.209291,591.870093,537.320806,446.865822,391.723806,303.136396,269.416238,191.647449,135.027908,72.258280,680.484827,602.715512,555.835697,479.261789,407.741211,344.897952,256.109043,218.621571,153.250369,150.320952,682.137796,657.234334,581.444395,484.254861,438.370734,358.861244,325.903246,246.328507,236.116088,217.025029
70,552.250358,531.588846,519.505770,591.825638,596.798567,634.195290,672.656855,727.507252,783.679430,821.782156,433.638964,470.769056,475.002221,505.041312,528.530664,556.060551,633.360577,651.372440,725.726885,797.200389,382.426907,387.238947,414.204536,437.661424,471.241487,552.761941,580.495125,625.479930,715.029669,762.952829,297.652589,307.047961,328.442217,367.759033,407.705913,491.622123,514.547057,615.047373,685.179804,738.939969,216.877532,263.405435,254.270180,341.119351,366.266702,460.795478,484.381031,571.418821,622.370420,739.193028,169.016633,174.639231,231.471476,259.774467,350.347937,429.572777,495.334912,550.142408,643.052288,702.903239,87.944641,142.636232,161.706339,264.923815,332.874729,402.858552,477.850256,543.196313,608.491410,712.209291,0.000000,120.731167,177.995309,265.933516,328.058990,417.914155,450.428075,542.170583,606.246726,681.845137,81.950101,138.115399,200.013396,260.059540,331.161233,418.249433,487.970033,571.240615,654.408881,733.191607,137.069004,175.451752,240.524125,306.847018,372.653490,464.469943,484.060263,585.865968,666.308552,741.958227
71,568.227507,530.919026,506.194506,554.891358,549.386776,574.167219,603.974582,648.013622,697.797660,729.457533,451.131789,466.736886,451.279661,461.088058,478.179569,489.455352,556.732016,563.125917,630.796692,700.086167,399.014415,377.430526,385.364507,395.263114,409.729991,474.624753,494.244466,527.970109,612.178482,658.428420,312.489673,303.077634,290.896116,300.574047,335.772250,404.588480,416.818453,509.563084,578.493345,629.459191,248.689230,243.729739,216.253593,265.666915,281.726886,358.313491,377.079117,461.918196,508.102497,624.320043,186.752474,141.123100,161.390331,170.918140,251.031731,318.843380,379.719358,434.604951,526.288187,585.053017,129.381784,89.708011,73.061925,153.824158,218.357355,284.210366,358.988248,424.185238,488.286886,591.870093,120.731167,0.000000,58.723076,145.249748,208.021075,297.486831,329.822536,421.808053,485.735184,561.145290,106.677009,68.678940,111.142477,148.924065,215.225906,303.108527,368.734630,453.235127,535.019304,613.733384,144.188205,156.882096,175.659001,209.162039,270.702904,355.295148,371.681128,470.040752,550.675831,624.798683
72,599.141034,555.405972,525.440714,561.667388,550.621345,567.822571,592.010092,628.683492,673.769593,700.722538,484.492494,490.929244,466.738455,465.909954,479.080972,480.506437,540.313831,538.692409,600.851541,668.030203,433.162537,401.363350,400.113176,402.667512,405.729560,458.484898,472.141174,496.999647,576.201808,620.792801,348.617520,332.310731,305.144822,296.990288,327.507182,383.584422,387.204455,472.160902,539.500483,587.685331,293.098623,269.582946,235.527950,258.324387,266.746946,325.723399,339.599927,421.253109,462.223568,577.291076,230.940356,172.214417,168.014042,161.174392,224.939141,278.849985,333.172807,387.722751,477.445448,534.645204,184.158377,124.011128,89.567319,120.910529,176.267288,234.167622,307.958982,372.584475,434.211378,537.320806,177.995309,58.723076,0.000000,91.103541,150.066033,240.048419,272.796366,364.227426,428.403736,504.407897,146.983459,78.099959,81.311675,93.551652,156.765229,244.670723,310.297771,394.547983,476.672651,555.425004,167.344833,164.834589,152.266717,160.494141,217.914381,298.528640,313.820751,411.395779,492.033664,566.076727
73,613.959094,560.203369,522.364910,538.172373,518.982631,524.729575,540.590423,566.927887,605.695926,626.947341,505.937180,496.793010,459.237056,441.877317,448.704341,435.544849,483.629237,471.531964,526.415123,590.802252,457.390369,409.773019,393.926233,384.901451,370.427884,403.851804,409.074225,422.412268,495.442488,538.176265,379.322957,352.524398,303.490451,268.284292,289.523359,324.268777,316.141719,390.721007,456.019585,501.565077,340.417980,288.709633,248.001909,227.160653,222.776271,252.452551,259.861864,337.011904,373.486882,487.637860,281.532601,210.404553,172.892692,142.422735,167.298591,197.563604,244.550584,298.593906,387.071877,443.728338,255.445780,175.788930,134.859723,74.082507,97.325350,143.886912,217.052179,281.522211,343.492712,446.865822,265.933516,145.249748,91.103541,0.000000,69.561918,154.333980,185.649278,278.324499,341.631770,416.284503,237.464753,163.802907,137.105595,83.642732,98.014222,178.381548,229.157225,316.047383,393.844911,472.145074,251.425687,239.788283,197.159890,152.950142,186.844173,243.240697,250.715860,337.871347,417.854157,488.154354
74,672.655218,615.077171,573.909935,578.006190,553.620547,550.575709,558.970042,574.636087,605.680386,619.345727,567.751176,552.734927,509.372319,482.916227,485.443384,461.557782,497.968621,474.687720,519.157467,578.611286,520.456752,467.802941,445.806061,430.884205,405.585955,422.018636,418.390642,416.869146,478.746960,517.522619,444.807164,415.432682,359.459857,311.612342,325.660614,340.402680,318.814180,374.791264,434.838950,473.967950,409.163809,352.289901,310.558591,271.185316,258.260776,255.327581,251.891446,316.882319,340.459100,449.649568,350.799899,278.996934,236.020518,199.632377,196.369639,191.187467,215.837125,265.908036,346.815112,398.836419,324.065405,245.350121,204.415043,129.517594,113.223064,115.089872,176.797498,236.715243,290.392233,391.723806,328.058990,208.021075,150.066033,69.561918,0.000000,90.347475,123.653860,214.222780,278.537659,355.103563,289.031015,211.001596,166.954248,92.012427,46.590022,110.655135,161.233494,247.309026,327.155414,405.804472,292.030792,271.449575,208.652320,132.687924,141.391507,178.640858,182.916014,268.349047,348.429575,419.458170
75,720.226865,656.355735,610.166774,596.104210,564.701445,549.484645,547.642919,549.099524,569.872837,574.160862,622.485283,596.721499,544.516087,504.918407,501.191015,463.168817,482.902281,445.941715,476.314026,528.723411,578.310431,516.854510,485.139716,461.628187,421.761734,414.598463,399.554135,379.197381,425.662166,459.072084,508.922264,474.486806,407.730819,343.563258,347.051543,334.436070,296.805107,325.984029,377.679559,408.690707,483.053874,413.932160,371.379463,306.687410,283.748450,239.316133,222.008110,265.777518,272.679402,374.072261,427.704973,353.871330,300.571723,257.938111,221.425195,172.712290,162.199138,202.242108,270.952655,317.570023,409.122248,326.497178,286.260069,194.019541,145.708027,89.626781,112.075533,159.926016,203.835737,303.136396,417.914155,297.486831,240.048419,154.333980,90.347475,0.000000,33.744854,124.331491,188.355668,264.758566,378.910641,300.523771,252.766963,176.205323,106.574538,82.950495,78.197208,165.837730,239.720304,317.857895,379.018289,355.103855,283.659419,192.099304,167.509765,148.735154,136.277317,193.748022,270.749406,336.564550
76,734.625444,668.607172,620.748218,599.996449,566.172964,546.511241,540.840908,536.938620,553.735045,554.504603,639.947117,610.254552,555.053209,510.880545,504.866813,461.919994,475.183828,433.336972,458.069534,507.524603,597.128260,532.699364,497.631648,471.174315,426.374066,410.476985,391.257971,363.818235,403.845872,435.014755,530.401050,494.268311,424.121759,354.963671,354.612228,332.072269,288.982259,306.827576,354.643637,382.328569,508.350243,435.054391,392.557880,319.981579,294.045715,235.509824,213.170419,246.652197,246.371572,344.064578,454.372992,380.155792,323.784686,279.784724,233.489318,171.196523,145.361589,178.981390,241.353369,285.756853,439.130965,355.221560,315.460121,219.209836,164.358836,95.583346,92.851377,131.323081,170.604162,269.416238,450.428075,329.822536,272.796366,185.649278,123.653860,33.744854,0.000000,92.923944,156.014516,231.640918,412.500152,334.181419,286.444209,209.872769,139.456751,100.398117,59.233598,142.802041,210.499547,287.857598,412.724058,388.516215,315.995389,222.720427,192.212330,156.673556,137.499696,175.060633,248.550493,310.341631
77,809.357582,739.907086,689.323979,655.514655,616.845922,587.229924,572.121260,553.668795,558.162213,547.321301,720.008298,684.128176,624.063063,571.670284,561.089527,508.150673,505.367389,451.195233,457.797479,495.830325,679.356010,610.820527,570.581972,539.255548,485.778603,451.208292,422.181275,375.825101,392.696203,414.260165,616.412565,578.267327,503.886285,427.930105,421.037862,379.307440,325.382308,309.476711,340.761260,353.498137,598.524462,521.030699,478.832074,396.523641,366.533616,284.426193,252.488610,253.737922,225.434218,298.234014,545.750223,471.380719,412.610705,367.600848,310.354060,230.002916,173.428069,179.367245,203.742659,230.450467,532.037754,447.840342,408.248065,310.269632,251.010388,174.359832,129.553089,118.119999,109.844850,191.647449,542.170583,421.808053,364.227426,278.324499,214.222780,124.331491,92.923944,0.000000,64.645690,142.723111,500.961195,422.214740,370.835307,294.868401,221.293009,153.260204,64.468069,72.974712,118.899499,195.229973,496.927588,469.423957,391.169120,293.207151,247.040524,174.637754,143.401741,113.664359,170.774388,222.462807
78,851.655193,779.745232,727.320959,684.003442,642.207010,605.868705,584.347370,556.042123,551.901926,533.164418,767.117468,726.303850,662.839740,604.814546,591.058822,531.809766,517.939743,456.426135,450.270575,479.468226,728.500278,656.823755,612.780946,578.073569,519.007060,472.143503,437.121727,379.274071,379.350104,393.430760,669.220564,629.393985,551.918304,471.613088,460.202908,406.412526,347.210554,309.362245,327.404775,328.775229,655.695987,574.193410,532.477404,443.208502,410.839428,316.048225,279.956584,260.295879,214.367640,262.981018,604.552725,530.144146,468.974356,423.318384,358.710525,270.335934,201.721748,189.466912,181.723549,191.194692,594.045730,508.890419,469.809661,369.453774,307.092602,228.224354,169.676720,132.359563,83.576859,135.027908,606.246726,485.735184,428.403736,341.631770,278.537659,188.355668,156.014516,64.645690,0.000000,78.576160,565.606306,486.860227,435.257432,359.415337,285.706106,214.288727,126.558053,86.912057,70.069226,137.405944,561.231150,533.178164,453.817221,355.266180,305.556843,223.833706,190.882244,121.537346,146.348581,176.888354
79,896.788387,822.222988,767.897542,713.456059,668.360039,624.454612,595.578418,555.875090,541.275664,513.135972,818.695260,771.997550,704.876334,640.688890,623.330855,557.510573,530.772528,461.907513,440.377569,457.816688,782.831205,707.684882,659.382105,620.989511,556.128571,495.817636,454.649621,385.092422,364.506045,368.522640,728.481465,686.754858,606.067661,521.551656,505.131740,438.804928,375.586098,314.210242,314.872146,301.375698,720.682603,634.427354,593.585087,496.990809,462.435748,356.361812,317.503757,276.261583,213.728781,224.723174,671.914356,597.746980,533.872387,487.800185,415.729199,321.498868,245.429254,216.422974,171.308825,153.487389,666.021137,579.682579,541.459132,438.541607,373.338113,293.894879,226.618226,172.855774,99.464989,72.258280,681.845137,561.145290,504.407897,416.284503,355.103563,264.758566,231.640918,142.723111,78.576160,0.000000,643.166806,564.512051,513.558230,437.545256,364.015284,292.488735,205.110518,152.578620,80.996945,94.477487,639.634005,611.749523,532.259360,433.585405,382.570218,296.856200,263.742429,176.402566,164.586386,155.971905
80,625.414079,599.146812,582.072655,643.911236,643.273871,673.268849,706.080679,752.990617,803.903845,836.106339,506.534250,536.659147,532.714564,552.911614,572.974217,590.527736,660.901738,669.404188,737.472879,806.683092,454.597279,450.047703,468.959998,485.830195,508.589781,578.944512,600.182920,634.601362,718.129277,763.946449,368.149237,370.959626,377.726098,400.596218,437.709129,510.475116,523.479879,615.049841,683.489268,733.217564,290.854703,319.716282,301.573210,368.078559,386.681909,464.681042,482.375453,566.096293,609.031289,724.260885,236.539555,220.321753,259.941662,275.830762,357.708380,423.076855,480.023690,534.645058,624.360848,681.157014,156.826648,174.867862,174.723884,259.340789,321.221617,381.065489,454.506484,518.775853,578.282098,680.484827,81.950101,106.677009,146.983459,237.464753,289.031015,378.910641,412.500152,500.961195,565.606306,643.166806,0.000000,78.815697,136.364566,207.625536,281.678536,365.076276,442.383397,521.272536,607.660457,686.179142,56.941688,93.514379,163.116384,240.552841,307.117324,403.124195,425.929321,531.433864,610.887285,688.842267
81,634.967280,599.149906,574.860576,622.402078,615.487238,637.537276,664.698729,704.389388,750.829029,778.600086,517.271167,535.060258,519.868920,528.049441,544.079366,551.522073,614.871464,615.754188,678.822344,746.123623,465.017413,445.870027,453.865203,462.703795,473.768966,532.809851,548.537388,575.019787,654.156435,698.509331,378.088987,370.851567,359.234333,364.408213,397.756122,459.506319,465.038577,549.997098,617.011492,664.379179,310.050686,312.185500,284.866385,327.730587,339.998222,403.773864,417.532470,498.499527,537.265978,651.344778,249.340073,209.408686,227.520210,230.926142,301.783914,356.511685,408.276437,462.395977,550.373098,605.926662,181.484956,158.114090,139.600960,198.478344,253.879653,307.541054,379.722234,443.266255,500.997234,602.715512,138.115399,68.678940,78.099959,163.802907,211.001596,300.523771,334.181419,422.214740,486.860227,564.512051,78.815697,0.000000,61.940130,128.999377,202.953729,287.074659,363.584489,442.909301,528.989964,607.562192,89.270481,90.863248,112.234988,168.778271,234.800876,328.231916,349.582685,454.015666,533.842265,611.229034
82,675.994236,634.743593,606.015200,642.781009,630.934153,645.962068,667.674217,699.896032,741.257305,763.856139,559.932445,570.281228,547.798987,546.894574,559.439192,557.932309,613.784011,606.605708,663.365180,727.901751,508.074583,480.648138,481.191083,483.915828,485.119473,532.575581,542.323197,559.320365,632.140178,674.214645,422.147234,409.480298,386.153010,376.963378,405.988753,455.332649,452.136173,527.371386,591.794221,635.353063,359.831484,347.829312,315.476458,337.620908,343.221122,388.834725,396.938852,472.709440,504.310885,615.604724,297.868807,247.516204,249.265444,241.043561,296.019508,334.585458,376.725810,429.253227,513.150689,565.788735,236.945848,196.822034,167.811799,192.134434,234.063741,274.300981,342.392612,403.546323,456.123035,555.835697,200.013396,111.142477,81.311675,137.105595,166.954248,252.766963,286.444209,370.835307,435.257432,513.558230,136.364566,61.940130,0.000000,76.574091,149.553191,229.669789,310.028234,386.292122,473.671088,551.839940,126.363157,105.077144,70.956490,106.842412,172.907537,267.173591,289.567731,395.274068,474.569515,552.751392
83,680.987855,631.914823,597.214805,619.302525,601.582127,608.347629,623.953638,648.417606,684.833622,702.925804,568.972072,567.788564,535.474477,522.868079,530.965650,519.178002,566.405602,551.512791,602.371823,664.386333,518.587714,479.138664,469.346557,464.055768,453.231498,487.061917,490.668486,498.873064,566.246759,606.539015,436.075789,415.372672,376.401249,349.418269,372.409405,407.030578,395.398687,461.673473,523.857628,564.817427,385.044591,351.494112,313.663405,308.446420,306.038049,331.342831,334.281584,405.135134,432.044835,541.661942,323.179099,260.229954,240.291416,218.313566,250.885364,271.979806,306.108572,357.264820,438.809667,490.299748,277.219178,215.078180,177.050932,154.864705,177.308363,203.959752,268.731187,328.532278,379.694298,479.261789,260.059540,148.924065,93.551652,83.642732,92.012427,176.205323,209.872769,294.868401,359.415337,437.545256,207.625536,128.999377,76.574091,0.000000,74.129127,158.720637,235.010386,313.982812,400.035544,478.575686,202.905538,179.828985,119.323393,73.977398,124.851867,206.481346,224.215094,326.229112,406.489010,483.009647
84,711.078610,655.649442,615.928392,623.279282,599.631370,597.149150,605.407171,619.980863,649.566408,661.297317,603.820391,592.714997,551.860637,527.869963,531.132037,508.110586,544.166482,519.460037,561.468288,619.267545,555.394209,506.525468,487.545571,474.586331,451.396769,468.512971,464.185354,459.988504,518.236078,555.324395,477.107533,450.502408,399.187212,355.724926,371.193752,386.869827,363.988887,415.140712,472.864842,508.936855,435.407582,386.717096,345.889875,314.972560,303.684707,300.841643,295.505235,356.254766,373.827580,479.084468,375.168464,306.199717,270.790947,238.131733,242.301902,235.827031,253.380082,300.554314,375.837508,423.991090,339.310313,267.295785,226.699976,167.950309,159.516054,156.226116,209.683196,264.649605,310.059278,407.741211,331.161233,215.225906,156.765229,98.014222,46.590022,106.574538,139.456751,221.293009,285.706106,364.015284,281.678536,202.953729,149.553191,74.129127,0.000000,87.905742,160.893269,240.623046,326.048085,404.662916,275.668098,249.494918,177.271288,90.604628,95.348532,146.558470,157.958727,255.023324,335.620134,410.799844
85,780.476413,720.567673,677.161994,671.298181,642.179512,630.044949,629.851091,632.034695,652.031768,654.499304,677.308228,659.132791,611.928971,578.313890,576.930570,542.896068,565.409482,528.832593,557.489816,607.852004,630.529618,575.708496,550.035264,530.959410,496.996500,495.970746,482.242836,461.515642,504.222375,535.200949,555.438469,525.556917,466.751589,411.572672,419.807229,415.209206,379.509029,406.530374,455.022065,481.513425,518.790804,462.660599,420.743290,372.548369,354.130389,321.115573,304.915627,346.274798,345.885601,438.912111,459.585236,388.778802,346.473557,308.808286,290.951936,254.131273,243.593944,279.379501,337.606593,376.323365,426.805459,352.642886,311.746528,239.320256,209.098408,169.620897,191.959797,229.918383,256.347992,344.897952,418.249433,303.108527,244.670723,178.381548,110.655135,82.950495,100.398117,153.260204,214.288727,292.488735,365.076276,287.074659,229.669789,158.720637,87.905742,0.000000,88.792228,156.695924,244.865087,322.532529,352.829137,321.728644,240.058854,141.146539,95.464181,71.310677,72.376330,167.624058,248.077845,324.302996
86,793.657215,727.830631,679.955846,657.780524,622.967771,600.783888,592.195061,582.946450,594.581546,589.871285,698.196821,669.383549,614.263866,569.387122,562.660688,517.465112,525.960809,479.363048,496.353658,540.433466,654.824128,591.403045,556.832747,530.329685,484.575628,464.354193,441.921302,406.995858,436.477533,462.754076,586.596490,551.460900,482.636458,414.192386,413.575383,387.408741,340.800364,345.307970,385.484823,405.171062,561.208046,491.448264,448.895105,379.062922,353.276536,290.640899,265.097841,286.314121,272.057335,356.112926,505.581377,431.890167,378.615478,335.600095,292.643003,228.151416,191.396751,213.823265,257.388181,290.861117,484.602056,403.399000,362.863847,272.216604,221.665343,154.808937,139.564765,156.772532,170.001199,256.109043,487.970033,368.734630,310.297771,229.157225,161.233494,78.197208,59.233598,64.468069,126.558053,205.110518,442.383397,363.584489,310.028234,235.010386,160.893269,88.792228,0.000000,87.756772,166.442647,245.232755,435.524739,406.774246,327.349007,229.039775,182.949549,118.726685,91.675119,116.611909,192.581310,259.269535
87,874.884563,807.039897,757.512043,727.122304,689.114978,660.171598,644.922679,624.945664,626.915602,612.762433,782.147312,750.001836,692.008342,642.080036,632.457532,580.754298,578.163222,522.934986,525.892816,560.082333,739.768635,674.215212,636.771719,607.415773,556.356667,524.089783,495.081496,447.035176,458.149765,475.869689,673.081041,637.059715,566.078335,493.828383,489.489881,451.609811,398.299152,379.540979,406.008407,412.530732,648.890669,577.775539,535.257478,460.520941,432.449354,356.168238,325.072902,325.179088,290.922795,349.342019,593.335552,519.639946,465.763211,422.261793,373.865926,299.407187,246.226572,250.998006,263.418904,277.903172,571.318830,490.871786,450.236372,359.778669,307.159644,235.583017,200.727937,189.705661,164.690314,218.621571,571.240615,453.235127,394.547983,316.047383,247.309026,165.837730,142.802041,72.974712,86.912057,152.578620,521.272536,442.909301,386.292122,313.982812,240.623046,156.695924,87.756772,0.000000,89.584728,166.010128,509.332279,477.288549,393.547769,294.637599,237.217397,145.640618,112.813465,40.935719,105.748464,172.153510
88,920.984940,849.453623,797.216781,753.804886,711.647653,674.027696,650.694497,618.562120,609.921979,586.248838,835.112679,795.617114,732.641865,674.882569,661.015615,601.096090,584.594158,520.697885,508.320253,531.470637,795.673360,725.136721,682.037997,647.839638,589.075987,541.046494,504.745377,443.356416,434.642017,443.174776,734.429793,695.558844,619.446648,540.432430,529.856902,476.266467,416.557752,372.698337,383.529835,376.632381,717.423905,639.133398,597.076334,511.117663,479.424228,386.113499,349.969598,326.711936,274.562217,303.035971,664.480401,590.143418,531.445054,486.319177,425.867131,339.504544,271.787200,257.777577,236.892593,230.764801,648.839720,565.637581,525.692706,429.028392,369.711633,292.234912,238.335644,202.091521,145.056825,153.250369,654.408881,535.019304,476.672651,393.844911,327.155414,239.720304,210.499547,118.899499,70.069226,80.996945,607.660457,528.989964,473.671088,400.035544,326.048085,244.865087,166.442647,89.584728,0.000000,78.794011,597.661158,566.292021,482.976653,383.981703,326.739863,233.526833,201.263040,101.312445,86.307099,107.093901
89,984.802111,911.417628,857.833989,806.608506,762.051461,718.856273,689.960538,648.915546,631.619326,599.904291,902.931970,859.631549,794.145634,732.131872,715.754607,651.160535,625.234222,555.973854,531.471599,544.269223,865.099320,792.306054,746.427045,709.766182,647.037173,589.674009,549.018527,479.321025,454.604356,454.409518,806.585753,766.548157,688.344419,606.508439,592.763101,530.846416,468.375853,408.509377,406.190922,387.164350,792.561738,711.590291,669.883025,579.398098,546.248158,445.510106,407.463691,370.460454,307.992225,306.621284,740.633010,666.225445,606.016846,560.485092,495.578596,405.121185,332.349618,308.510505,264.962636,239.367510,726.815607,643.028313,603.316396,505.196162,444.078586,365.488836,305.834599,259.943297,190.766342,150.320952,733.191607,613.733384,555.425004,472.145074,405.804472,317.857895,287.857598,195.229973,137.405944,94.477487,686.179142,607.562192,551.839940,478.575686,404.662916,322.532529,245.232755,166.010128,78.794011,0.000000,675.305337,643.230805,559.063571,460.359522,401.253474,305.308542,274.222467,167.754313,113.600857,67.277611
90,682.056912,654.693910,636.284503,694.367368,691.476587,718.112116,748.114553,790.799166,838.665656,867.415253,563.186902,591.867541,585.511898,602.037741,620.611210,633.635988,700.225697,703.654709,767.779280,835.304891,511.180001,504.620490,520.995298,535.401444,553.539008,618.091934,635.800750,664.060687,743.407567,787.644991,424.569955,426.055502,428.424313,444.555007,479.959566,546.430327,553.853289,639.202739,706.033723,752.839941,347.737232,373.091105,352.373921,409.848645,425.033074,492.880095,506.781791,587.384966,624.607726,737.794440,292.849605,271.984207,304.636005,314.587308,389.815448,445.659495,495.853451,549.580960,636.097402,690.226214,213.634907,223.974178,216.808004,287.259435,343.039003,394.331396,465.127576,527.613625,582.061284,682.137796,137.069004,144.188205,167.344833,251.425687,292.030792,379.018289,412.724058,496.927588,561.231150,639.634005,56.941688,89.270481,126.363157,202.905538,275.668098,352.829137,435.524739,509.332279,597.661158,675.305337,0.000000,42.792967,126.953685,218.023926,283.132049,381.758523,407.528010,515.228758,592.978288,672.503802
91,712.064611,681.152429,659.880009,711.759873,705.871384,728.399489,755.223857,793.480960,838.310227,863.858518,593.406877,617.641877,606.750279,617.919376,634.535792,642.304240,704.703629,703.263638,763.637692,829.509306,541.173204,529.291827,541.269425,552.143973,564.604808,622.735795,636.964748,659.589093,735.126562,777.941323,454.142283,452.107542,447.270058,455.243055,488.568480,548.395265,550.760647,630.449531,695.706602,740.076965,379.918092,396.270557,371.968658,418.569948,430.233744,488.380524,499.053359,576.645594,609.363306,720.606890,322.652737,293.691821,317.744816,321.669126,389.728109,437.025809,481.609744,534.295071,618.051473,670.114032,246.001702,243.507711,229.473139,285.466311,335.177920,379.241934,447.396082,508.164633,558.929284,657.234334,175.451752,156.882096,164.834589,239.788283,271.449575,355.103855,388.516215,469.423957,533.178164,611.749523,93.514379,90.863248,105.077144,179.828985,249.494918,321.728644,406.774246,477.288549,566.292021,643.230805,42.792967,0.000000,87.535665,183.280745,246.618193,345.676250,372.717546,480.967423,557.637972,637.705222
92,743.659365,704.228471,676.400596,713.635505,701.286203,714.871854,734.881030,763.947134,802.550648,821.911041,626.771090,639.815417,618.547954,617.678924,629.839164,626.457387,679.581945,668.608489,721.333189,783.683869,574.670163,550.207191,551.960038,554.849315,554.958782,598.972533,606.104934,617.663323,685.514901,725.495086,488.123068,477.792687,456.890240,447.228050,475.375881,520.479762,512.933403,580.976354,642.794130,682.615645,421.988987,416.944113,385.627211,407.565634,411.627350,449.028325,453.364386,524.238903,548.764001,655.977782,360.873693,315.519153,320.176964,311.423533,361.800580,390.974572,424.353317,474.450702,552.758627,601.211958,293.513050,264.275995,237.690811,259.357655,294.041180,322.681169,384.630851,441.662758,486.215766,581.444395,240.524125,175.659001,152.266717,197.159890,208.652320,283.659419,315.995389,391.169120,453.817221,532.259360,163.116384,112.234988,70.956490,119.323393,177.271288,240.058854,327.349007,393.547769,482.976653,559.063571,126.953685,87.535665,0.000000,99.107298,159.842894,258.898251,286.771531,395.203237,471.034577,551.372559
93,754.528057,705.883109,671.078958,691.050540,671.728034,675.242425,687.572094,706.548215,738.366471,751.428849,641.908590,641.740604,609.137344,594.707594,601.599515,585.938986,628.007643,607.140524,651.422306,709.765696,591.216863,553.025313,543.108632,536.878788,523.095242,550.377991,549.694445,549.440150,608.837987,645.807315,507.872335,488.523028,450.342359,421.104071,442.181302,469.266308,451.066249,505.657245,563.397476,598.704104,453.489219,424.782824,387.390318,380.001735,375.103295,387.313433,384.540957,446.850876,463.193215,566.156917,391.269969,331.498391,314.238043,291.715956,317.254024,323.820531,343.946934,390.521045,463.051912,508.369583,338.366138,284.424977,248.140192,226.448935,238.463374,246.345183,299.462611,351.982522,391.204757,484.254861,306.847018,209.162039,160.494141,152.950142,132.687924,192.099304,222.720427,293.207151,355.266180,433.585405,240.552841,168.778271,106.842412,73.977398,90.604628,141.146539,229.039775,294.637599,383.981703,460.359522,218.023926,183.280745,99.107298,0.000000,66.567437,163.917875,189.661210,297.745939,374.992329,454.723018
94,799.918643,747.042817,708.846785,718.553918,694.928224,691.427663,697.875940,708.447450,733.960469,740.899086,690.049183,683.574546,645.281588,623.037811,626.480512,602.569335,635.605089,606.570104,642.361444,696.069895,640.398605,596.226883,580.377729,569.049128,546.738057,561.434414,554.365983,543.317619,593.144501,626.324448,559.225387,536.253720,490.332304,450.543643,466.536246,479.734556,452.785328,492.848166,545.138680,574.528921,509.863790,472.205176,432.784496,409.651113,399.019590,390.849643,381.293984,432.782579,438.532090,534.040558,448.029201,384.216911,358.015985,329.241025,337.606655,324.415834,328.903485,369.540918,432.296258,471.787367,400.014606,339.869760,301.400153,259.994662,254.612326,240.998760,279.573257,323.378511,351.732790,438.370734,372.653490,270.702904,217.914381,186.844173,141.391507,167.509765,192.212330,247.040524,305.556843,382.570218,307.117324,234.800876,172.907537,124.851867,95.348532,95.464181,182.949549,237.217397,326.739863,401.253474,283.132049,246.618193,159.842894,66.567437,0.000000,99.084281,127.452037,235.820214,311.194705,391.553618
95,850.706715,791.488267,748.374915,742.069018,712.246920,698.214430,695.736047,693.611114,709.403223,707.261130,746.391983,729.830553,683.180961,649.376835,647.539353,611.733791,630.578985,590.009925,612.484877,658.469252,698.990062,645.860402,621.115810,602.269993,567.693348,563.268451,546.883752,520.061654,554.475146,581.441977,622.371184,593.958287,537.105491,482.879843,490.886054,483.168015,444.253688,461.098498,503.771543,523.774565,581.963710,530.631910,489.080470,443.801326,425.377474,387.912611,368.768133,401.343210,390.738871,472.507016,521.617587,452.690604,414.336330,378.151867,362.205156,321.439090,301.789568,330.534390,375.436534,405.073018,482.656393,413.545813,373.106893,308.149004,280.395617,237.941988,249.107776,275.111901,284.423747,358.861244,464.469943,355.295148,298.528640,243.240697,178.640858,148.735154,156.673556,174.637754,223.833706,296.856200,403.124195,328.231916,267.173591,206.481346,146.558470,71.310677,118.726685,145.640618,233.526833,305.308542,381.758523,345.676250,258.898251,163.917875,99.084281,0.000000,33.120686,138.148949,212.149500,292.643779
96,850.215482,788.826107,744.101732,732.381527,700.680285,683.440443,678.331268,672.665941,685.875178,681.532314,748.358341,728.048099,678.601221,641.019695,637.460875,598.083061,612.610955,569.004314,587.933536,631.946861,702.014435,645.688230,617.842719,596.485361,558.033855,547.665751,528.643586,497.611401,528.023474,553.513758,627.548522,597.122802,536.524264,477.667020,482.921175,468.620223,426.466761,436.781076,476.892774,494.783047,591.092711,534.465398,492.408418,439.599964,418.752053,372.411781,350.632857,377.539582,362.957804,441.629032,531.719986,461.120390,418.400819,379.967256,355.883278,306.969563,280.384342,305.428952,345.770076,373.516951,497.154771,424.491463,383.661810,310.951474,276.248724,225.668298,227.797047,248.279119,253.222512,325.903246,484.060263,371.681128,313.820751,250.715860,182.916014,136.277317,137.499696,143.401741,190.882244,263.742429,425.929321,349.582685,289.567731,224.215094,157.958727,72.376330,91.675119,112.813465,201.263040,274.222467,407.528010,372.717546,286.771531,189.661210,127.452037,33.120686,0.000000,108.443125,185.529882,265.062324
97,909.530591,842.775728,793.980494,766.076269,728.663310,700.581046,685.758363,665.797197,667.197429,652.046564,814.776590,784.977341,728.368825,680.155475,671.254419,620.670153,619.001104,563.848819,566.033331,599.016639,771.420239,707.755402,672.074481,643.999439,594.611639,564.384714,535.845631,487.892369,497.573627,514.023659,702.669510,667.957742,599.111966,529.196368,526.414165,491.268306,438.680294,420.219240,445.438221,449.947083,674.958245,607.662463,565.107453,494.873116,467.979430,395.446708,365.064977,366.079542,330.640861,384.232564,618.048627,545.061588,494.126583,451.684136,408.271800,337.330745,286.493972,291.922648,301.664651,312.101444,591.554494,513.625074,472.722772,387.006516,338.262831,269.914492,239.984101,230.636721,202.734520,246.328507,585.865968,470.040752,411.395779,337.871347,268.349047,193.748022,175.060633,113.664359,121.537346,176.402566,531.433864,454.015666,395.274068,326.229112,255.023324,167.624058,116.611909,40.935719,101.312445,167.754313,515.228758,480.967423,395.203237,297.745939,235.820214,138.148949,108.443125,0.000000,80.638090,157.513172
98,979.233966,910.436149,860.070109,824.600122,784.530988,750.814906,730.517302,701.870982,695.237884,672.450304,887.579485,854.150459,794.769154,742.023045,730.601863,674.798128,664.026776,602.695584,593.568317,617.732146,845.435025,779.320505,740.718583,709.984631,656.076520,616.132374,582.730345,525.486041,520.481545,529.481874,778.765832,742.803533,671.437082,597.868625,591.786663,547.389441,490.501276,455.337055,469.154363,462.918574,753.503618,683.484220,640.957671,565.333131,536.439529,453.901760,420.214252,406.581634,358.718046,388.688336,697.230013,623.889472,571.161654,527.879865,478.751258,400.777025,340.848073,335.019315,322.417669,316.657582,671.993442,593.475935,552.630574,464.744647,412.907579,340.764121,300.065601,275.986920,227.944074,236.116088,666.308552,550.675831,492.033664,417.854157,348.429575,270.749406,248.550493,170.774388,146.348581,164.586386,610.887285,533.842265,474.569515,406.489010,335.620134,248.077845,192.581310,105.748464,86.307099,113.600857,592.978288,557.637972,471.034577,374.992329,311.194705,212.149500,185.529882,80.638090,0.000000,80.955705
99,1028.046742,956.534322,904.207675,859.079139,816.041988,775.949593,749.618574,711.766089,696.687764,666.309670,941.527765,902.677861,839.691291,781.317373,766.818671,705.253812,684.204868,616.999806,596.065172,610.725700,901.533770,831.769631,789.088920,754.902394,695.610169,644.537736,606.147197,539.909849,519.727646,520.936103,838.776563,800.716891,725.638023,647.351039,636.943907,581.844801,521.101116,468.927702,470.588096,453.648950,818.674941,743.371699,701.100830,617.600401,586.260417,492.751459,456.144874,427.323318,368.760522,373.593224,764.155681,690.139073,633.846944,589.309015,531.987219,446.563854,378.457922,361.343179,327.130109,305.533262,743.469377,662.661215,622.130758,529.453402,472.909586,396.822353,345.316922,307.879017,245.029512,217.025029,741.958227,624.798683,566.076727,488.154354,419.458170,336.564550,310.341631,222.462807,176.888354,155.971905,688.842267,611.229034,552.751392,483.009647,410.799844,324.302996,259.269535,172.153510,107.093901,67.277611,672.503802,637.705222,551.372559,454.723018,391.553618,292.643779,265.062324,157.513172,80.955705,0.000000
