packet_id,source_node,created_at,received_at,delay
"(16, (0, 254))",16,62.100082101830424,62.10016320366084,8.11018304176514e-05
"((0, 1), (0, 254))",16,67.10047609190401,67.10055719373443,8.11018304176514e-05
"(26, (0, 1))",26,67.10027909686723,67.10031088824319,3.1791375960210644e-05
"(25, (0, 1))",25,67.10031016692191,67.10037302835258,6.28614306634745e-05
"((0, 254), (0, 1))",17,67.10045613018299,67.10047509190402,1.8961721025334555e-05
"((0, 254), (0, 1))",17,67.10045613018299,67.10053723201341,8.11018304176514e-05
"((1, 1), (1, 254))",26,67.10057446603189,,
"((1, 2), (1, 254))",25,67.10053995333467,,
"((0, 1), (1, 1))",16,67.10054167465593,67.10057346603189,3.1791375960210644e-05
