time,packet_type,source,current_node,next_hop,dest,hop_count,path_type
77.83210312520238,NETWORK_REQUEST,"[0,1]",16,"[0,254]","[0,254]",,DIRECT
77.83216526531179,NETWORK_REQUEST,"[0,1]",16,"[0,254]","[0,254]",,DIRECT
77.8321852270328,NETWORK_REPLY,"[0,254]",17,"[0,1]","[0,1]",,DIRECT
77.8322473671422,NETWORK_REPLY,"[0,254]",17,"[0,1]","[0,1]",,DIRECT
97.83246027828916,NETWORK_REQUEST,"[0,2]",27,"[0,254]","[0,254]",,DIRECT
97.8325236514817,NETWORK_REPLY,"[0,254]",17,"[0,2]","[0,2]",,DIRECT
107.83254157468293,NETWORK_REQUEST,"[1,3]",35,"[1,254]","[0,254]",,TREE
107.83262011036692,NETWORK_REQUEST,"[1,3]",25,"[0,1]","[0,254]",,TREE
107.83268397179758,NETWORK_REQUEST,"[1,3]",16,"[0,254]","[0,254]",,DIRECT
107.832766073628,NETWORK_REPLY,"[0,254]",17,"[0,1]","[1,3]",,TREE
107.83281697535843,NETWORK_REQUEST,"[0,3]",18,"[0,254]","[0,254]",,DIRECT
107.83284817545841,NETWORK_REPLY,"[0,254]",16,"[1,2]","[1,3]",,TREE
107.83290313345474,NETWORK_REPLY,"[0,254]",17,"[0,3]","[0,3]",,DIRECT
107.83291203688907,NETWORK_REPLY,"[0,254]",25,"[1,3]","[1,3]",,DIRECT
110.3172886806205,NETWORK_REQUEST,"[1,4]",34,"[1,254]","[0,254]",,TREE
110.31736931395149,NETWORK_REQUEST,"[1,4]",25,"[0,1]","[0,254]",,TREE
110.31743317538215,NETWORK_REQUEST,"[1,4]",16,"[0,254]","[0,254]",,DIRECT
110.31751527721256,NETWORK_REPLY,"[0,254]",17,"[0,1]","[1,4]",,TREE
110.31759737904298,NETWORK_REPLY,"[0,254]",16,"[1,2]","[1,4]",,TREE
110.31766124047364,NETWORK_REPLY,"[0,254]",25,"[1,4]","[1,4]",,DIRECT
117.83247927222477,NETWORK_REQUEST,"[1,1]",26,"[1,254]","[0,254]",,TREE
117.83251468431645,NETWORK_REQUEST,"[1,1]",25,"[0,1]","[0,254]",,TREE
117.83257854574711,NETWORK_REQUEST,"[1,1]",16,"[0,254]","[0,254]",,DIRECT
117.83266064757753,NETWORK_REPLY,"[0,254]",17,"[0,1]","[1,1]",,TREE
117.83274274940794,NETWORK_REPLY,"[0,254]",16,"[1,1]","[1,1]",,DIRECT
120.3176977391449,NETWORK_REQUEST,"[3,2]",55,"[3,254]","[0,254]",,TREE
120.31778434388495,NETWORK_REQUEST,"[3,2]",46,"[1,3]","[0,254]",,TREE
120.317865019784,NETWORK_REQUEST,"[3,2]",35,"[1,254]","[0,254]",,TREE
120.31794355546798,NETWORK_REQUEST,"[3,2]",25,"[0,1]","[0,254]",,TREE
120.31800741689864,NETWORK_REQUEST,"[3,2]",16,"[0,254]","[0,254]",,DIRECT
120.31808951872905,NETWORK_REPLY,"[0,254]",17,"[0,1]","[3,2]",,TREE
120.31817162055947,NETWORK_REPLY,"[0,254]",16,"[1,2]","[3,2]",,TREE
120.31823548199013,NETWORK_REPLY,"[0,254]",25,"[1,3]","[3,2]",,TREE
120.31831401767411,NETWORK_REPLY,"[0,254]",35,"[3,1]","[3,2]",,TREE
120.31839469357315,NETWORK_REPLY,"[0,254]",46,"[3,2]","[3,2]",,DIRECT
122.54363114365847,NETWORK_REQUEST,"[1,5]",15,"[1,254]","[0,254]",,TREE
122.5437026195916,NETWORK_REQUEST,"[1,5]",25,"[0,1]","[0,254]",,TREE
122.54376648102226,NETWORK_REQUEST,"[1,5]",16,"[0,254]","[0,254]",,DIRECT
122.54384858285268,NETWORK_REPLY,"[0,254]",17,"[0,1]","[1,5]",,TREE
122.543860580712,NETWORK_REQUEST,"[5,3]",32,"[5,254]","[0,254]",,TREE
122.54392889042282,NETWORK_REQUEST,"[5,3]",33,"[1,4]","[0,254]",,TREE
122.54393068468309,NETWORK_REPLY,"[0,254]",16,"[1,5]","[1,5]",,DIRECT
122.544018650673,NETWORK_REQUEST,"[5,3]",34,"[1,254]","[0,254]",,TREE
122.54409928400398,NETWORK_REQUEST,"[5,3]",25,"[0,1]","[0,254]",,TREE
122.54416314543464,NETWORK_REQUEST,"[5,3]",16,"[0,254]","[0,254]",,DIRECT
122.54424524726505,NETWORK_REPLY,"[0,254]",17,"[0,1]","[5,3]",,TREE
122.54432734909547,NETWORK_REPLY,"[0,254]",16,"[1,2]","[5,3]",,TREE
122.54439121052613,NETWORK_REPLY,"[0,254]",25,"[1,4]","[5,3]",,TREE
122.54447184385711,NETWORK_REPLY,"[0,254]",34,"[5,1]","[5,3]",,TREE
122.54456160410729,NETWORK_REPLY,"[0,254]",33,"[5,3]","[5,3]",,DIRECT
126.10033377992862,NETWORK_REQUEST,"[0,3]",18,"[0,254]","[0,254]",,DIRECT
126.10041993802493,NETWORK_REPLY,"[0,254]",17,"[0,3]","[0,3]",,DIRECT
127.83266886474222,NETWORK_REQUEST,"[3,4]",57,"[3,254]","[0,254]",,TREE
127.83271496900046,NETWORK_REQUEST,"[3,4]",57,"[3,254]","[0,254]",,TREE
127.83275425449713,NETWORK_REQUEST,"[3,4]",46,"[1,3]","[0,254]",,TREE
127.83280035875538,NETWORK_REQUEST,"[3,4]",46,"[1,3]","[0,254]",,TREE
127.83283493039617,NETWORK_REQUEST,"[3,4]",35,"[1,254]","[0,254]",,TREE
127.83288103465442,NETWORK_REQUEST,"[3,4]",35,"[1,254]","[0,254]",,TREE
127.83291346608016,NETWORK_REQUEST,"[3,4]",25,"[0,1]","[0,254]",,TREE
127.8329595703384,NETWORK_REQUEST,"[3,4]",25,"[0,1]","[0,254]",,TREE
127.83297732751082,NETWORK_REQUEST,"[3,4]",16,"[0,254]","[0,254]",,DIRECT
127.83302343176906,NETWORK_REQUEST,"[3,4]",16,"[0,254]","[0,254]",,DIRECT
127.83305942934123,NETWORK_REPLY,"[0,254]",17,"[0,1]","[3,4]",,TREE
127.83310553359948,NETWORK_REPLY,"[0,254]",17,"[0,1]","[3,4]",,TREE
127.83314153117165,NETWORK_REPLY,"[0,254]",16,"[1,2]","[3,4]",,TREE
127.8331876354299,NETWORK_REPLY,"[0,254]",16,"[1,2]","[3,4]",,TREE
127.83320539260231,NETWORK_REPLY,"[0,254]",25,"[1,3]","[3,4]",,TREE
127.83325149686056,NETWORK_REPLY,"[0,254]",25,"[1,3]","[3,4]",,TREE
127.83328392828629,NETWORK_REPLY,"[0,254]",35,"[3,1]","[3,4]",,MESH
127.83333003254454,NETWORK_REPLY,"[0,254]",35,"[3,1]","[3,4]",,MESH
127.83336460418533,NETWORK_REPLY,"[0,254]",46,"[3,4]","[3,4]",,DIRECT
127.83341070844358,NETWORK_REPLY,"[0,254]",46,"[3,4]","[3,4]",,DIRECT
130.31740866419082,NETWORK_REQUEST,"[5,2]",43,"[5,254]","[0,254]",,TREE
130.3174376271984,NETWORK_REQUEST,"[5,2]",33,"[1,4]","[0,254]",,TREE
130.31752738744856,NETWORK_REQUEST,"[5,2]",34,"[1,254]","[0,254]",,TREE
130.31760802077955,NETWORK_REQUEST,"[5,2]",25,"[0,1]","[0,254]",,TREE
130.3176718822102,NETWORK_REQUEST,"[5,2]",16,"[0,254]","[0,254]",,DIRECT
130.3177539840406,NETWORK_REPLY,"[0,254]",17,"[0,1]","[5,2]",,TREE
130.317836085871,NETWORK_REPLY,"[0,254]",16,"[1,2]","[5,2]",,TREE
130.31789994730164,NETWORK_REPLY,"[0,254]",25,"[1,4]","[5,2]",,TREE
130.31798058063262,NETWORK_REPLY,"[0,254]",34,"[5,1]","[5,2]",,MESH
130.3180703408828,NETWORK_REPLY,"[0,254]",33,"[5,2]","[5,2]",,DIRECT
131.10042688061102,NETWORK_REQUEST,"[0,3]",18,"[0,254]","[0,254]",,DIRECT
131.10051303870733,NETWORK_REPLY,"[0,254]",17,"[0,3]","[0,3]",,DIRECT
137.83274730328696,NETWORK_REQUEST,"[0,2]",27,"[0,254]","[0,254]",,DIRECT
137.83281067647948,NETWORK_REPLY,"[0,254]",17,"[0,2]","[0,2]",,DIRECT
139.01231063280085,NETWORK_REQUEST,"[3,2]",55,"[3,254]","[0,254]",,TREE
139.0123972375409,NETWORK_REQUEST,"[3,2]",46,"[1,3]","[0,254]",,TREE
139.01247791343997,NETWORK_REQUEST,"[3,2]",35,"[1,254]","[0,254]",,TREE
139.01255644912396,NETWORK_REQUEST,"[3,2]",25,"[0,1]","[0,254]",,TREE
139.0126203105546,NETWORK_REQUEST,"[3,2]",16,"[0,254]","[0,254]",,DIRECT
139.012702412385,NETWORK_REPLY,"[0,254]",17,"[0,1]","[3,2]",,TREE
139.0127845142154,NETWORK_REPLY,"[0,254]",16,"[1,2]","[3,2]",,TREE
139.01284837564606,NETWORK_REPLY,"[0,254]",25,"[1,3]","[3,2]",,TREE
139.01292691133006,NETWORK_REPLY,"[0,254]",35,"[3,1]","[3,2]",,TREE
139.0130075872291,NETWORK_REPLY,"[0,254]",46,"[3,2]","[3,2]",,DIRECT
140.31753581336037,NETWORK_REQUEST,"[5,3]",32,"[5,254]","[0,254]",,TREE
140.3176041230712,NETWORK_REQUEST,"[5,3]",33,"[1,4]","[0,254]",,TREE
140.3176147236949,NETWORK_REQUEST,"[7,2]",75,"[7,254]","[0,254]",,TREE
140.31768874213859,NETWORK_REQUEST,"[7,2]",65,"[3,2]","[0,254]",,TREE
140.31769388332137,NETWORK_REQUEST,"[5,3]",34,"[1,254]","[0,254]",,TREE
140.31774079528424,NETWORK_REQUEST,"[7,2]",55,"[3,254]","[0,254]",,TREE
140.31777451665235,NETWORK_REQUEST,"[5,3]",25,"[0,1]","[0,254]",,TREE
140.31780576939948,NETWORK_REQUEST,"[7,2]",75,"[7,254]","[0,254]",,TREE
140.3178274000243,NETWORK_REQUEST,"[7,2]",46,"[1,3]","[0,254]",,TREE
140.317838378083,NETWORK_REQUEST,"[5,3]",16,"[0,254]","[0,254]",,DIRECT
140.31787978784317,NETWORK_REQUEST,"[7,2]",65,"[3,2]","[0,254]",,TREE
140.31790807592336,NETWORK_REQUEST,"[7,2]",35,"[1,254]","[0,254]",,TREE
140.3179204799134,NETWORK_REPLY,"[0,254]",17,"[0,1]","[5,3]",,TREE
140.31793184098882,NETWORK_REQUEST,"[7,2]",55,"[3,254]","[0,254]",,TREE
140.31798661160735,NETWORK_REQUEST,"[7,2]",25,"[0,1]","[0,254]",,TREE
140.3180025817438,NETWORK_REPLY,"[0,254]",16,"[1,2]","[5,3]",,TREE
140.31801844572888,NETWORK_REQUEST,"[7,2]",46,"[1,3]","[0,254]",,TREE
140.318050473038,NETWORK_REQUEST,"[7,2]",16,"[0,254]","[0,254]",,DIRECT
140.31806644317444,NETWORK_REPLY,"[0,254]",25,"[1,4]","[5,3]",,TREE
140.31809912162794,NETWORK_REQUEST,"[7,2]",35,"[1,254]","[0,254]",,TREE
140.3181325748684,NETWORK_REPLY,"[0,254]",17,"[0,1]","[7,2]",,TREE
140.31814707650543,NETWORK_REPLY,"[0,254]",34,"[5,1]","[5,3]",,TREE
140.31817765731194,NETWORK_REQUEST,"[7,2]",25,"[0,1]","[0,254]",,TREE
140.3182146766988,NETWORK_REPLY,"[0,254]",16,"[1,2]","[7,2]",,TREE
140.3182368367556,NETWORK_REPLY,"[0,254]",33,"[5,3]","[5,3]",,DIRECT
140.31824151874258,NETWORK_REQUEST,"[7,2]",16,"[0,254]","[0,254]",,DIRECT
140.31827853812945,NETWORK_REPLY,"[0,254]",25,"[1,3]","[7,2]",,TREE
140.31832362057298,NETWORK_REPLY,"[0,254]",17,"[0,1]","[7,2]",,TREE
140.31835707381344,NETWORK_REPLY,"[0,254]",35,"[3,1]","[7,2]",,TREE
140.31840572240338,NETWORK_REPLY,"[0,254]",16,"[1,2]","[7,2]",,TREE
140.3184377497125,NETWORK_REPLY,"[0,254]",46,"[3,2]","[7,2]",,TREE
140.31846958383403,NETWORK_REPLY,"[0,254]",25,"[1,3]","[7,2]",,TREE
140.31852435445256,NETWORK_REPLY,"[0,254]",55,"[7,1]","[7,2]",,MESH
140.31854811951803,NETWORK_REPLY,"[0,254]",35,"[3,1]","[7,2]",,TREE
140.31857640759821,NETWORK_REPLY,"[0,254]",65,"[7,2]","[7,2]",,DIRECT
140.31862879541708,NETWORK_REPLY,"[0,254]",46,"[3,2]","[7,2]",,TREE
140.31871540015715,NETWORK_REPLY,"[0,254]",55,"[7,1]","[7,2]",,MESH
140.3187674533028,NETWORK_REPLY,"[0,254]",65,"[7,2]","[7,2]",,DIRECT
142.54391347525365,NETWORK_REQUEST,"[9,3]",12,"[9,254]","[0,254]",,TREE
142.54396116135342,NETWORK_REQUEST,"[9,3]",12,"[9,254]","[0,254]",,TREE
142.54399016345346,NETWORK_REQUEST,"[9,3]",23,"[5,3]","[0,254]",,TREE
142.54403784955323,NETWORK_REQUEST,"[9,3]",23,"[5,3]","[0,254]",,TREE
142.54407264258865,NETWORK_REQUEST,"[9,3]",32,"[5,254]","[0,254]",,TREE
142.54412032868842,NETWORK_REQUEST,"[9,3]",32,"[5,254]","[0,254]",,TREE
142.54414095229947,NETWORK_REQUEST,"[9,3]",33,"[1,4]","[0,254]",,TREE
142.54418863839925,NETWORK_REQUEST,"[9,3]",33,"[1,4]","[0,254]",,TREE
142.54423071254965,NETWORK_REQUEST,"[9,3]",34,"[1,254]","[0,254]",,TREE
142.54427839864942,NETWORK_REQUEST,"[9,3]",34,"[1,254]","[0,254]",,TREE
142.54431134588063,NETWORK_REQUEST,"[9,3]",25,"[0,1]","[0,254]",,TREE
142.5443590319804,NETWORK_REQUEST,"[9,3]",25,"[0,1]","[0,254]",,TREE
142.54437520731128,NETWORK_REQUEST,"[9,3]",16,"[0,254]","[0,254]",,DIRECT
142.54442289341105,NETWORK_REQUEST,"[9,3]",16,"[0,254]","[0,254]",,DIRECT
142.54445730914168,NETWORK_REPLY,"[0,254]",17,"[0,1]","[9,3]",,TREE
142.54450499524145,NETWORK_REPLY,"[0,254]",17,"[0,1]","[9,3]",,TREE
142.54453941097208,NETWORK_REPLY,"[0,254]",16,"[1,2]","[9,3]",,TREE
142.54458709707185,NETWORK_REPLY,"[0,254]",16,"[1,2]","[9,3]",,TREE
142.54460327240272,NETWORK_REPLY,"[0,254]",25,"[1,4]","[9,3]",,TREE
142.5446509585025,NETWORK_REPLY,"[0,254]",25,"[1,4]","[9,3]",,TREE
142.5446839057337,NETWORK_REPLY,"[0,254]",34,"[5,1]","[9,3]",,TREE
142.54473159183348,NETWORK_REPLY,"[0,254]",34,"[5,1]","[9,3]",,TREE
142.54477366598388,NETWORK_REPLY,"[0,254]",33,"[5,3]","[9,3]",,TREE
142.54482135208366,NETWORK_REPLY,"[0,254]",33,"[5,3]","[9,3]",,TREE
142.5448419756947,NETWORK_REPLY,"[0,254]",32,"[9,1]","[9,3]",,MESH
142.54488966179449,NETWORK_REPLY,"[0,254]",32,"[9,1]","[9,3]",,MESH
142.5449244548299,NETWORK_REPLY,"[0,254]",23,"[9,3]","[9,3]",,DIRECT
142.54497214092967,NETWORK_REPLY,"[0,254]",23,"[9,3]","[9,3]",,DIRECT
142.83282060564045,NETWORK_REQUEST,"[3,2]",55,"[3,254]","[0,254]",,TREE
142.8329072103805,NETWORK_REQUEST,"[3,2]",46,"[1,3]","[0,254]",,TREE
142.83298788627957,NETWORK_REQUEST,"[3,2]",35,"[1,254]","[0,254]",,TREE
142.83306642196357,NETWORK_REQUEST,"[3,2]",25,"[0,1]","[0,254]",,TREE
142.8331302833942,NETWORK_REQUEST,"[3,2]",16,"[0,254]","[0,254]",,DIRECT
142.8332123852246,NETWORK_REPLY,"[0,254]",17,"[0,1]","[3,2]",,TREE
142.833294487055,NETWORK_REPLY,"[0,254]",16,"[1,2]","[3,2]",,TREE
142.83335834848566,NETWORK_REPLY,"[0,254]",25,"[1,3]","[3,2]",,TREE
142.83343688416966,NETWORK_REPLY,"[0,254]",35,"[3,1]","[3,2]",,TREE
142.8335175600687,NETWORK_REPLY,"[0,254]",46,"[3,2]","[3,2]",,DIRECT
147.83287498194073,NETWORK_REQUEST,"[11,3]",58,"[11,254]","[0,254]",,TREE
147.8329525459387,NETWORK_REQUEST,"[11,3]",67,"[3,4]","[0,254]",,TREE
147.83303688616954,NETWORK_REQUEST,"[11,3]",57,"[3,254]","[0,254]",,TREE
147.83312227592447,NETWORK_REQUEST,"[11,3]",46,"[1,3]","[0,254]",,TREE
147.83320295182352,NETWORK_REQUEST,"[11,3]",35,"[1,254]","[0,254]",,TREE
147.83328148750752,NETWORK_REQUEST,"[11,3]",25,"[0,1]","[0,254]",,TREE
147.83334534893817,NETWORK_REQUEST,"[11,3]",16,"[0,254]","[0,254]",,DIRECT
147.83342745076857,NETWORK_REPLY,"[0,254]",17,"[0,1]","[11,3]",,TREE
147.83350955259897,NETWORK_REPLY,"[0,254]",16,"[1,2]","[11,3]",,TREE
147.83357341402962,NETWORK_REPLY,"[0,254]",25,"[1,3]","[11,3]",,TREE
147.8336519497136,NETWORK_REPLY,"[0,254]",35,"[3,1]","[11,3]",,TREE
147.83373262561267,NETWORK_REPLY,"[0,254]",46,"[3,4]","[11,3]",,TREE
147.83375926146266,NETWORK_REQUEST,"[11,4]",77,"[11,254]","[0,254]",,TREE
147.83377745599697,NETWORK_REQUEST,"[11,4]",77,"[11,254]","[0,254]",,TREE
147.833810073716,NETWORK_REQUEST,"[11,3]",58,"[11,254]","[0,254]",,TREE
147.8338180153676,NETWORK_REPLY,"[0,254]",57,"[11,2]","[11,3]",,MESH
147.8338465952797,NETWORK_REQUEST,"[11,4]",67,"[3,4]","[0,254]",,TREE
147.83386478981402,NETWORK_REQUEST,"[11,4]",67,"[3,4]","[0,254]",,TREE
147.8338837866562,NETWORK_REQUEST,"[11,3]",58,"[11,254]","[0,254]",,TREE
147.83388763771396,NETWORK_REQUEST,"[11,3]",67,"[3,4]","[0,254]",,TREE
147.83390235559844,NETWORK_REPLY,"[0,254]",67,"[11,3]","[11,3]",,DIRECT
147.83393093551055,NETWORK_REQUEST,"[11,4]",57,"[3,254]","[0,254]",,TREE
147.83394913004486,NETWORK_REQUEST,"[11,4]",57,"[3,254]","[0,254]",,TREE
147.83396135065416,NETWORK_REQUEST,"[11,3]",67,"[3,4]","[0,254]",,TREE
147.8339719779448,NETWORK_REQUEST,"[11,3]",57,"[3,254]","[0,254]",,TREE
147.83401632526548,NETWORK_REQUEST,"[11,4]",46,"[1,3]","[0,254]",,TREE
147.8340345197998,NETWORK_REQUEST,"[11,4]",46,"[1,3]","[0,254]",,TREE
147.834045690885,NETWORK_REQUEST,"[11,3]",57,"[3,254]","[0,254]",,TREE
147.83405736769973,NETWORK_REQUEST,"[11,3]",46,"[1,3]","[0,254]",,TREE
147.83409700116454,NETWORK_REQUEST,"[11,4]",35,"[1,254]","[0,254]",,TREE
147.83411519569884,NETWORK_REQUEST,"[11,4]",35,"[1,254]","[0,254]",,TREE
147.83413108063993,NETWORK_REQUEST,"[11,3]",46,"[1,3]","[0,254]",,TREE
147.83413804359878,NETWORK_REQUEST,"[11,3]",35,"[1,254]","[0,254]",,TREE
147.83417553684853,NETWORK_REQUEST,"[11,4]",25,"[0,1]","[0,254]",,TREE
147.83419373138284,NETWORK_REQUEST,"[11,4]",25,"[0,1]","[0,254]",,TREE
147.834211756539,NETWORK_REQUEST,"[11,3]",35,"[1,254]","[0,254]",,TREE
147.83421657928278,NETWORK_REQUEST,"[11,3]",25,"[0,1]","[0,254]",,TREE
147.83423939827918,NETWORK_REQUEST,"[11,4]",16,"[0,254]","[0,254]",,DIRECT
147.8342575928135,NETWORK_REQUEST,"[11,4]",16,"[0,254]","[0,254]",,DIRECT
147.83428044071343,NETWORK_REQUEST,"[11,3]",16,"[0,254]","[0,254]",,DIRECT
147.834290292223,NETWORK_REQUEST,"[11,3]",25,"[0,1]","[0,254]",,TREE
147.83432150010958,NETWORK_REPLY,"[0,254]",17,"[0,1]","[11,4]",,TREE
147.8343396946439,NETWORK_REPLY,"[0,254]",17,"[0,1]","[11,4]",,TREE
147.83435415365363,NETWORK_REQUEST,"[11,3]",16,"[0,254]","[0,254]",,DIRECT
147.83436254254383,NETWORK_REPLY,"[0,254]",17,"[0,1]","[11,3]",,TREE
147.83440360193998,NETWORK_REPLY,"[0,254]",16,"[1,2]","[11,4]",,TREE
147.8344217964743,NETWORK_REPLY,"[0,254]",16,"[1,2]","[11,4]",,TREE
147.83443625548404,NETWORK_REPLY,"[0,254]",17,"[0,1]","[11,3]",,TREE
147.83444464437423,NETWORK_REPLY,"[0,254]",16,"[1,2]","[11,3]",,TREE
147.83446746337063,NETWORK_REPLY,"[0,254]",25,"[1,3]","[11,4]",,TREE
147.83448565790493,NETWORK_REPLY,"[0,254]",25,"[1,3]","[11,4]",,TREE
147.83450850580488,NETWORK_REPLY,"[0,254]",25,"[1,3]","[11,3]",,TREE
147.83451835731444,NETWORK_REPLY,"[0,254]",16,"[1,2]","[11,3]",,TREE
147.83454599905463,NETWORK_REPLY,"[0,254]",35,"[3,1]","[11,4]",,TREE
147.83456419358893,NETWORK_REPLY,"[0,254]",35,"[3,1]","[11,4]",,TREE
147.83458221874508,NETWORK_REPLY,"[0,254]",25,"[1,3]","[11,3]",,TREE
147.83458704148887,NETWORK_REPLY,"[0,254]",35,"[3,1]","[11,3]",,TREE
147.83462667495368,NETWORK_REPLY,"[0,254]",46,"[3,4]","[11,4]",,TREE
147.834644869488,NETWORK_REPLY,"[0,254]",46,"[3,4]","[11,4]",,TREE
147.83466075442908,NETWORK_REPLY,"[0,254]",35,"[3,1]","[11,3]",,TREE
147.83466771738793,NETWORK_REPLY,"[0,254]",46,"[3,4]","[11,3]",,TREE
147.8347120647086,NETWORK_REPLY,"[0,254]",57,"[11,2]","[11,4]",,MESH
147.83473025924292,NETWORK_REPLY,"[0,254]",57,"[11,2]","[11,4]",,MESH
147.83474143032814,NETWORK_REPLY,"[0,254]",46,"[3,4]","[11,3]",,TREE
147.83475310714286,NETWORK_REPLY,"[0,254]",57,"[11,2]","[11,3]",,MESH
147.83479640493945,NETWORK_REPLY,"[0,254]",67,"[11,4]","[11,4]",,DIRECT
147.83481459947376,NETWORK_REPLY,"[0,254]",67,"[11,4]","[11,4]",,DIRECT
147.83482682008307,NETWORK_REPLY,"[0,254]",57,"[11,2]","[11,3]",,MESH
147.8348374473737,NETWORK_REPLY,"[0,254]",67,"[11,3]","[11,3]",,DIRECT
147.8349111603139,NETWORK_REPLY,"[0,254]",67,"[11,3]","[11,3]",,DIRECT
149.9624974971056,NETWORK_REQUEST,"[1,5]",15,"[1,254]","[0,254]",,TREE
149.9625689730387,NETWORK_REQUEST,"[1,5]",25,"[0,1]","[0,254]",,TREE
149.96263283446936,NETWORK_REQUEST,"[1,5]",16,"[0,254]","[0,254]",,DIRECT
149.96271493629976,NETWORK_REPLY,"[0,254]",17,"[0,1]","[1,5]",,TREE
149.96279703813016,NETWORK_REPLY,"[0,254]",16,"[1,5]","[1,5]",,DIRECT
150.31743121353074,NETWORK_REQUEST,"[15,2]",54,"[15,254]","[0,254]",,TREE
150.3175060710722,NETWORK_REQUEST,"[15,1]",74,"[15,254]","[0,254]",,TREE
150.31751096365454,NETWORK_REQUEST,"[15,2]",64,"[3,2]","[0,254]",,TREE
150.3175767704717,NETWORK_REQUEST,"[15,1]",64,"[3,2]","[0,254]",,TREE
150.31758637655116,NETWORK_REQUEST,"[15,2]",55,"[3,254]","[0,254]",,TREE
150.31761270385087,NETWORK_REQUEST,"[15,1]",74,"[15,254]","[0,254]",,TREE
150.31765218336832,NETWORK_REQUEST,"[15,1]",55,"[3,254]","[0,254]",,TREE
150.31767298129122,NETWORK_REQUEST,"[15,2]",46,"[1,3]","[0,254]",,TREE
150.31768340325038,NETWORK_REQUEST,"[15,1]",64,"[3,2]","[0,254]",,TREE
150.3177387881084,NETWORK_REQUEST,"[15,1]",46,"[1,3]","[0,254]",,TREE
150.31775365719028,NETWORK_REQUEST,"[15,2]",35,"[1,254]","[0,254]",,TREE
150.317758816147,NETWORK_REQUEST,"[15,1]",55,"[3,254]","[0,254]",,TREE
150.3178179563068,NETWORK_REQUEST,"[15,1]",74,"[15,254]","[0,254]",,TREE
150.31781946400744,NETWORK_REQUEST,"[15,1]",35,"[1,254]","[0,254]",,TREE
150.31783219287428,NETWORK_REQUEST,"[15,2]",25,"[0,1]","[0,254]",,TREE
150.31784542088707,NETWORK_REQUEST,"[15,1]",46,"[1,3]","[0,254]",,TREE
150.31788865570633,NETWORK_REQUEST,"[15,1]",64,"[3,2]","[0,254]",,TREE
150.31789605430492,NETWORK_REQUEST,"[15,2]",16,"[0,254]","[0,254]",,DIRECT
150.31789799969144,NETWORK_REQUEST,"[15,1]",25,"[0,1]","[0,254]",,TREE
150.31792609678612,NETWORK_REQUEST,"[15,1]",35,"[1,254]","[0,254]",,TREE
150.3179618611221,NETWORK_REQUEST,"[15,1]",16,"[0,254]","[0,254]",,DIRECT
150.31796406860295,NETWORK_REQUEST,"[15,1]",55,"[3,254]","[0,254]",,TREE
150.31797815613533,NETWORK_REPLY,"[0,254]",17,"[0,1]","[15,2]",,TREE
150.31800463247012,NETWORK_REQUEST,"[15,1]",25,"[0,1]","[0,254]",,TREE
150.3180439629525,NETWORK_REPLY,"[0,254]",17,"[0,1]","[15,1]",,TREE
150.318050673343,NETWORK_REQUEST,"[15,1]",46,"[1,3]","[0,254]",,TREE
150.31806025796573,NETWORK_REPLY,"[0,254]",16,"[1,2]","[15,2]",,TREE
150.31806849390077,NETWORK_REQUEST,"[15,1]",16,"[0,254]","[0,254]",,DIRECT
150.31812411939637,NETWORK_REPLY,"[0,254]",25,"[1,3]","[15,2]",,TREE
150.3181260647829,NETWORK_REPLY,"[0,254]",16,"[1,2]","[15,1]",,TREE
150.31813134924207,NETWORK_REQUEST,"[15,1]",35,"[1,254]","[0,254]",,TREE
150.31815059573117,NETWORK_REPLY,"[0,254]",17,"[0,1]","[15,1]",,TREE
150.31818992621353,NETWORK_REPLY,"[0,254]",25,"[1,3]","[15,1]",,TREE
150.31820265508037,NETWORK_REPLY,"[0,254]",35,"[3,1]","[15,2]",,TREE
150.31820988492606,NETWORK_REQUEST,"[15,1]",25,"[0,1]","[0,254]",,TREE
150.31823269756157,NETWORK_REPLY,"[0,254]",16,"[1,2]","[15,1]",,TREE
150.31826846189753,NETWORK_REPLY,"[0,254]",35,"[3,1]","[15,1]",,TREE
150.3182737463567,NETWORK_REQUEST,"[15,1]",16,"[0,254]","[0,254]",,DIRECT
150.31828333097943,NETWORK_REPLY,"[0,254]",46,"[3,2]","[15,2]",,TREE
150.31829655899222,NETWORK_REPLY,"[0,254]",25,"[1,3]","[15,1]",,TREE
150.3183491377966,NETWORK_REPLY,"[0,254]",46,"[3,2]","[15,1]",,TREE
150.3183558481871,NETWORK_REPLY,"[0,254]",17,"[0,1]","[15,1]",,TREE
150.3183699357195,NETWORK_REPLY,"[0,254]",55,"[15,254]","[15,2]",,TREE
150.3183750946762,NETWORK_REPLY,"[0,254]",35,"[3,1]","[15,1]",,TREE
150.31843574253665,NETWORK_REPLY,"[0,254]",55,"[15,254]","[15,1]",,TREE
150.3184379500175,NETWORK_REPLY,"[0,254]",16,"[1,2]","[15,1]",,TREE
150.3184453486161,NETWORK_REPLY,"[0,254]",64,"[15,2]","[15,2]",,DIRECT
150.31845577057527,NETWORK_REPLY,"[0,254]",46,"[3,2]","[15,1]",,TREE
150.31850181144816,NETWORK_REPLY,"[0,254]",25,"[1,3]","[15,1]",,TREE
150.31851115543327,NETWORK_REPLY,"[0,254]",64,"[15,1]","[15,1]",,DIRECT
150.31854237531533,NETWORK_REPLY,"[0,254]",55,"[15,254]","[15,1]",,TREE
150.31858034713215,NETWORK_REPLY,"[0,254]",35,"[3,1]","[15,1]",,TREE
150.31861778821195,NETWORK_REPLY,"[0,254]",64,"[15,1]","[15,1]",,DIRECT
150.3186610230312,NETWORK_REPLY,"[0,254]",46,"[3,2]","[15,1]",,TREE
150.31874762777127,NETWORK_REPLY,"[0,254]",55,"[15,254]","[15,1]",,TREE
150.3188230406679,NETWORK_REPLY,"[0,254]",64,"[15,1]","[15,1]",,DIRECT
151.96244241046946,NETWORK_REQUEST,"[1,4]",34,"[1,254]","[0,254]",,TREE
151.96252304380045,NETWORK_REQUEST,"[1,4]",25,"[0,1]","[0,254]",,TREE
151.9625869052311,NETWORK_REQUEST,"[1,4]",16,"[0,254]","[0,254]",,DIRECT
151.9626690070615,NETWORK_REPLY,"[0,254]",17,"[0,1]","[1,4]",,TREE
151.9627511088919,NETWORK_REPLY,"[0,254]",16,"[1,2]","[1,4]",,TREE
151.96281497032254,NETWORK_REPLY,"[0,254]",25,"[1,4]","[1,4]",,DIRECT
157.54406685165327,NETWORK_REQUEST,"[9,3]",12,"[9,254]","[0,254]",,TREE
157.54414353985308,NETWORK_REQUEST,"[9,3]",23,"[5,3]","[0,254]",,TREE
157.54422601898827,NETWORK_REQUEST,"[9,3]",32,"[5,254]","[0,254]",,TREE
157.5442943286991,NETWORK_REQUEST,"[9,3]",33,"[1,4]","[0,254]",,TREE
157.54438408894927,NETWORK_REQUEST,"[9,3]",34,"[1,254]","[0,254]",,TREE
157.54446472228025,NETWORK_REQUEST,"[9,3]",25,"[0,1]","[0,254]",,TREE
157.5445285837109,NETWORK_REQUEST,"[9,3]",16,"[0,254]","[0,254]",,DIRECT
157.5446106855413,NETWORK_REPLY,"[0,254]",17,"[0,1]","[9,3]",,TREE
157.5446927873717,NETWORK_REPLY,"[0,254]",16,"[1,2]","[9,3]",,TREE
157.54475664880235,NETWORK_REPLY,"[0,254]",25,"[1,4]","[9,3]",,TREE
157.54483728213333,NETWORK_REPLY,"[0,254]",34,"[5,1]","[9,3]",,TREE
157.5449270423835,NETWORK_REPLY,"[0,254]",33,"[5,3]","[9,3]",,TREE
157.54499535209433,NETWORK_REPLY,"[0,254]",32,"[9,1]","[9,3]",,TREE
157.54507783122952,NETWORK_REPLY,"[0,254]",23,"[9,3]","[9,3]",,DIRECT
160.96259076926503,NETWORK_REQUEST,"[1,4]",34,"[1,254]","[0,254]",,TREE
160.96267140259602,NETWORK_REQUEST,"[1,4]",25,"[0,1]","[0,254]",,TREE
160.96273526402666,NETWORK_REQUEST,"[1,4]",16,"[0,254]","[0,254]",,DIRECT
160.96281736585706,NETWORK_REPLY,"[0,254]",17,"[0,1]","[1,4]",,TREE
160.96289946768746,NETWORK_REPLY,"[0,254]",16,"[1,2]","[1,4]",,TREE
160.9629633291181,NETWORK_REPLY,"[0,254]",25,"[1,4]","[1,4]",,DIRECT
162.5440529333024,NETWORK_REQUEST,"[18,3]",2,"[18,254]","[0,254]",,TREE
162.54413424401008,NETWORK_REQUEST,"[18,3]",3,"[9,3]","[0,254]",,TREE
162.54420922746544,NETWORK_REQUEST,"[18,3]",12,"[9,254]","[0,254]",,TREE
162.54428591566526,NETWORK_REQUEST,"[18,3]",23,"[5,3]","[0,254]",,TREE
162.54436839480044,NETWORK_REQUEST,"[18,3]",32,"[5,254]","[0,254]",,TREE
162.54443670451127,NETWORK_REQUEST,"[18,3]",33,"[1,4]","[0,254]",,TREE
162.54452646476145,NETWORK_REQUEST,"[18,3]",34,"[1,254]","[0,254]",,TREE
162.54460709809243,NETWORK_REQUEST,"[18,3]",25,"[0,1]","[0,254]",,TREE
162.54467095952307,NETWORK_REQUEST,"[18,3]",16,"[0,254]","[0,254]",,DIRECT
162.54475306135348,NETWORK_REPLY,"[0,254]",17,"[0,1]","[18,3]",,TREE
162.54483516318388,NETWORK_REPLY,"[0,254]",16,"[1,2]","[18,3]",,TREE
162.54489902461452,NETWORK_REPLY,"[0,254]",25,"[1,4]","[18,3]",,TREE
162.5449796579455,NETWORK_REPLY,"[0,254]",34,"[5,1]","[18,3]",,TREE
162.54506941819568,NETWORK_REPLY,"[0,254]",33,"[5,3]","[18,3]",,TREE
162.5451377279065,NETWORK_REPLY,"[0,254]",32,"[9,1]","[18,3]",,TREE
162.5452202070417,NETWORK_REPLY,"[0,254]",23,"[9,3]","[18,3]",,TREE
162.5452968952415,NETWORK_REPLY,"[0,254]",12,"[18,2]","[18,3]",,MESH
162.54537187869687,NETWORK_REPLY,"[0,254]",3,"[18,3]","[18,3]",,DIRECT
162.83393392909673,NETWORK_REQUEST,"[11,4]",77,"[11,254]","[0,254]",,TREE
162.83402126291378,NETWORK_REQUEST,"[11,4]",67,"[3,4]","[0,254]",,TREE
162.83410560314462,NETWORK_REQUEST,"[11,4]",57,"[3,254]","[0,254]",,TREE
162.83419099289955,NETWORK_REQUEST,"[11,4]",46,"[1,3]","[0,254]",,TREE
162.8342716687986,NETWORK_REQUEST,"[11,4]",35,"[1,254]","[0,254]",,TREE
162.8343502044826,NETWORK_REQUEST,"[11,4]",25,"[0,1]","[0,254]",,TREE
162.83441406591325,NETWORK_REQUEST,"[11,4]",16,"[0,254]","[0,254]",,DIRECT
162.83449616774365,NETWORK_REPLY,"[0,254]",17,"[0,1]","[11,4]",,TREE
162.83457826957405,NETWORK_REPLY,"[0,254]",16,"[1,2]","[11,4]",,TREE
162.8346421310047,NETWORK_REPLY,"[0,254]",25,"[1,3]","[11,4]",,TREE
162.8347206666887,NETWORK_REPLY,"[0,254]",35,"[3,1]","[11,4]",,TREE
162.83480134258775,NETWORK_REPLY,"[0,254]",46,"[3,4]","[11,4]",,TREE
162.83488673234268,NETWORK_REPLY,"[0,254]",57,"[11,2]","[11,4]",,TREE
162.83497107257352,NETWORK_REPLY,"[0,254]",67,"[11,4]","[11,4]",,DIRECT
167.83385964278716,NETWORK_REQUEST,"[21,3]",98,"[21,254]","[0,254]",,TREE
167.83394751618255,NETWORK_REQUEST,"[21,3]",88,"[11,4]","[0,254]",,TREE
167.83402541018697,NETWORK_REQUEST,"[21,3]",77,"[11,254]","[0,254]",,TREE
167.83411274400402,NETWORK_REQUEST,"[21,3]",67,"[3,4]","[0,254]",,TREE
167.83419708423486,NETWORK_REQUEST,"[21,3]",57,"[3,254]","[0,254]",,TREE
167.8342824739898,NETWORK_REQUEST,"[21,3]",46,"[1,3]","[0,254]",,TREE
167.83436314988884,NETWORK_REQUEST,"[21,3]",35,"[1,254]","[0,254]",,TREE
167.83444168557284,NETWORK_REQUEST,"[21,3]",25,"[0,1]","[0,254]",,TREE
167.8345055470035,NETWORK_REQUEST,"[21,3]",16,"[0,254]","[0,254]",,DIRECT
167.8345876488339,NETWORK_REPLY,"[0,254]",17,"[0,1]","[21,3]",,TREE
167.8346697506643,NETWORK_REPLY,"[0,254]",16,"[1,2]","[21,3]",,TREE
167.83473361209494,NETWORK_REPLY,"[0,254]",25,"[1,3]","[21,3]",,TREE
167.83481214777893,NETWORK_REPLY,"[0,254]",35,"[3,1]","[21,3]",,TREE
167.834892823678,NETWORK_REPLY,"[0,254]",46,"[3,4]","[21,3]",,TREE
167.83497821343292,NETWORK_REPLY,"[0,254]",57,"[11,2]","[21,3]",,TREE
167.83506255366376,NETWORK_REPLY,"[0,254]",67,"[11,4]","[21,3]",,TREE
167.8351498874808,NETWORK_REPLY,"[0,254]",77,"[21,2]","[21,3]",,MESH
167.83522778148523,NETWORK_REPLY,"[0,254]",88,"[21,3]","[21,3]",,DIRECT
170.31762326662755,NETWORK_REQUEST,"[24,4]",72,"[24,254]","[0,254]",,TREE
170.31769483838605,NETWORK_REQUEST,"[24,5]",93,"[24,254]","[0,254]",,TREE
170.31769846282174,NETWORK_REQUEST,"[16,2]",40,"[16,254]","[0,254]",,TREE
170.3177030093911,NETWORK_REQUEST,"[24,4]",83,"[15,1]","[0,254]",,TREE
170.3177412493992,NETWORK_REQUEST,"[24,4]",72,"[24,254]","[0,254]",,TREE
170.31775969309285,NETWORK_REQUEST,"[24,5]",83,"[15,1]","[0,254]",,TREE
170.31776720786627,NETWORK_REQUEST,"[16,2]",31,"[5,3]","[0,254]",,TREE
170.31776927082834,NETWORK_REQUEST,"[16,3]",41,"[16,254]","[0,254]",,TREE
170.3177882526089,NETWORK_REQUEST,"[24,4]",74,"[15,254]","[0,254]",,TREE
170.31782099216275,NETWORK_REQUEST,"[24,4]",83,"[15,1]","[0,254]",,TREE
170.31783318979507,NETWORK_REQUEST,"[16,2]",32,"[5,254]","[0,254]",,TREE
170.31783499467375,NETWORK_REQUEST,"[16,3]",31,"[5,3]","[0,254]",,TREE
170.31784493631065,NETWORK_REQUEST,"[24,5]",74,"[15,254]","[0,254]",,TREE
170.3178589520084,NETWORK_REQUEST,"[24,4]",64,"[3,2]","[0,254]",,TREE
170.31790097660254,NETWORK_REQUEST,"[16,3]",32,"[5,254]","[0,254]",,TREE
170.3179014995059,NETWORK_REQUEST,"[16,2]",33,"[1,4]","[0,254]",,TREE
170.31790623538055,NETWORK_REQUEST,"[24,4]",74,"[15,254]","[0,254]",,TREE
170.31791563571016,NETWORK_REQUEST,"[24,5]",64,"[3,2]","[0,254]",,TREE
170.31793436490503,NETWORK_REQUEST,"[24,4]",55,"[3,254]","[0,254]",,TREE
170.31796928631337,NETWORK_REQUEST,"[16,3]",33,"[1,4]","[0,254]",,TREE
170.31797693478006,NETWORK_REQUEST,"[24,4]",64,"[3,2]","[0,254]",,TREE
170.31799104860679,NETWORK_REQUEST,"[24,5]",55,"[3,254]","[0,254]",,TREE
170.31799125975607,NETWORK_REQUEST,"[16,2]",34,"[1,254]","[0,254]",,TREE
170.31799767136036,NETWORK_REQUEST,"[21,4]",97,"[21,254]","[0,254]",,TREE
170.3180209696451,NETWORK_REQUEST,"[24,4]",46,"[1,3]","[0,254]",,TREE
170.31805234767668,NETWORK_REQUEST,"[24,4]",55,"[3,254]","[0,254]",,TREE
170.31805567214252,NETWORK_REQUEST,"[21,4]",88,"[11,4]","[0,254]",,TREE
170.31805904656355,NETWORK_REQUEST,"[16,3]",34,"[1,254]","[0,254]",,TREE
170.31807189308705,NETWORK_REQUEST,"[16,2]",25,"[0,1]","[0,254]",,TREE
170.31807765334685,NETWORK_REQUEST,"[24,5]",46,"[1,3]","[0,254]",,TREE
170.31810164554415,NETWORK_REQUEST,"[24,4]",35,"[1,254]","[0,254]",,TREE
170.31813356614694,NETWORK_REQUEST,"[21,4]",77,"[11,254]","[0,254]",,TREE
170.3181357545177,NETWORK_REQUEST,"[16,2]",16,"[0,254]","[0,254]",,DIRECT
170.31813895241675,NETWORK_REQUEST,"[24,4]",46,"[1,3]","[0,254]",,TREE
170.31813967989453,NETWORK_REQUEST,"[16,3]",25,"[0,1]","[0,254]",,TREE
170.3181583292459,NETWORK_REQUEST,"[24,5]",35,"[1,254]","[0,254]",,TREE
170.31818018122814,NETWORK_REQUEST,"[24,4]",25,"[0,1]","[0,254]",,TREE
170.31820354132518,NETWORK_REQUEST,"[16,3]",16,"[0,254]","[0,254]",,DIRECT
170.3182178563481,NETWORK_REPLY,"[0,254]",17,"[0,1]","[16,2]",,TREE
170.3182196283158,NETWORK_REQUEST,"[24,4]",35,"[1,254]","[0,254]",,TREE
170.318220899964,NETWORK_REQUEST,"[21,4]",67,"[3,4]","[0,254]",,TREE
170.3182368649299,NETWORK_REQUEST,"[24,5]",25,"[0,1]","[0,254]",,TREE
170.3182440426588,NETWORK_REQUEST,"[24,4]",16,"[0,254]","[0,254]",,DIRECT
170.31828564315558,NETWORK_REPLY,"[0,254]",17,"[0,1]","[16,3]",,TREE
170.3182981639998,NETWORK_REQUEST,"[24,4]",25,"[0,1]","[0,254]",,TREE
170.3182999581785,NETWORK_REPLY,"[0,254]",16,"[1,2]","[16,2]",,TREE
170.31830072636055,NETWORK_REQUEST,"[24,5]",16,"[0,254]","[0,254]",,DIRECT
170.31830524019483,NETWORK_REQUEST,"[21,4]",57,"[3,254]","[0,254]",,TREE
170.3183261444892,NETWORK_REPLY,"[0,254]",17,"[0,1]","[24,4]",,TREE
170.31836202543045,NETWORK_REQUEST,"[24,4]",16,"[0,254]","[0,254]",,DIRECT
170.31836381960915,NETWORK_REPLY,"[0,254]",25,"[1,4]","[16,2]",,TREE
170.31836774498598,NETWORK_REPLY,"[0,254]",16,"[1,2]","[16,3]",,TREE
170.31838282819095,NETWORK_REPLY,"[0,254]",17,"[0,1]","[24,5]",,TREE
170.31839062994976,NETWORK_REQUEST,"[21,4]",46,"[1,3]","[0,254]",,TREE
170.3184082463196,NETWORK_REPLY,"[0,254]",16,"[1,2]","[24,4]",,TREE
170.31843160641662,NETWORK_REPLY,"[0,254]",25,"[1,4]","[16,3]",,TREE
170.31844412726085,NETWORK_REPLY,"[0,254]",17,"[0,1]","[24,4]",,TREE
170.31844445294013,NETWORK_REPLY,"[0,254]",34,"[5,1]","[16,2]",,TREE
170.31846493002135,NETWORK_REPLY,"[0,254]",16,"[1,2]","[24,5]",,TREE
170.31847130584882,NETWORK_REQUEST,"[21,4]",35,"[1,254]","[0,254]",,TREE
170.31847210775024,NETWORK_REPLY,"[0,254]",25,"[1,3]","[24,4]",,TREE
170.3185122397476,NETWORK_REPLY,"[0,254]",34,"[5,1]","[16,3]",,TREE
170.31852622909125,NETWORK_REPLY,"[0,254]",16,"[1,2]","[24,4]",,TREE
170.318528791452,NETWORK_REPLY,"[0,254]",25,"[1,3]","[24,5]",,TREE
170.3185342131903,NETWORK_REPLY,"[0,254]",33,"[5,3]","[16,2]",,TREE
170.3185498415328,NETWORK_REQUEST,"[21,4]",25,"[0,1]","[0,254]",,TREE
170.31855064343424,NETWORK_REPLY,"[0,254]",35,"[3,1]","[24,4]",,TREE
170.3185900905219,NETWORK_REPLY,"[0,254]",25,"[1,3]","[24,4]",,TREE
170.31860199999778,NETWORK_REPLY,"[0,254]",33,"[5,3]","[16,3]",,TREE
170.31860252290113,NETWORK_REPLY,"[0,254]",32,"[16,254]","[16,2]",,TREE
170.318607327136,NETWORK_REPLY,"[0,254]",35,"[3,1]","[24,5]",,TREE
170.31861370296346,NETWORK_REQUEST,"[21,4]",16,"[0,254]","[0,254]",,DIRECT
170.3186313193333,NETWORK_REPLY,"[0,254]",46,"[3,2]","[24,4]",,TREE
170.31866850482993,NETWORK_REPLY,"[0,254]",31,"[16,2]","[16,2]",,DIRECT
170.3186686262059,NETWORK_REPLY,"[0,254]",35,"[3,1]","[24,4]",,TREE
170.3186703097086,NETWORK_REPLY,"[0,254]",32,"[16,254]","[16,3]",,TREE
170.31868800303505,NETWORK_REPLY,"[0,254]",46,"[3,2]","[24,5]",,TREE
170.31869580479386,NETWORK_REPLY,"[0,254]",17,"[0,1]","[21,4]",,TREE
170.31871792407335,NETWORK_REPLY,"[0,254]",55,"[15,254]","[24,4]",,TREE
170.3187362916374,NETWORK_REPLY,"[0,254]",31,"[16,3]","[16,3]",,DIRECT
170.31874930210495,NETWORK_REPLY,"[0,254]",46,"[3,2]","[24,4]",,TREE
170.3187746077751,NETWORK_REPLY,"[0,254]",55,"[15,254]","[24,5]",,TREE
170.31877790662426,NETWORK_REPLY,"[0,254]",16,"[1,2]","[21,4]",,TREE
170.31879333696997,NETWORK_REPLY,"[0,254]",64,"[15,1]","[24,4]",,TREE
170.318835906845,NETWORK_REPLY,"[0,254]",55,"[15,254]","[24,4]",,TREE
170.3188417680549,NETWORK_REPLY,"[0,254]",25,"[1,3]","[21,4]",,TREE
170.31885002067173,NETWORK_REPLY,"[0,254]",64,"[15,1]","[24,5]",,TREE
170.3188640363695,NETWORK_REPLY,"[0,254]",74,"[24,1]","[24,4]",,MESH
170.31891131974163,NETWORK_REPLY,"[0,254]",64,"[15,1]","[24,4]",,TREE
170.3189203037389,NETWORK_REPLY,"[0,254]",35,"[3,1]","[21,4]",,TREE
170.31892072007125,NETWORK_REPLY,"[0,254]",74,"[24,3]","[24,5]",,TREE
170.3189429689781,NETWORK_REPLY,"[0,254]",73,"[24,4]","[24,4]",,DIRECT
170.31898201914115,NETWORK_REPLY,"[0,254]",74,"[24,1]","[24,4]",,MESH
170.31900097963796,NETWORK_REPLY,"[0,254]",46,"[3,4]","[21,4]",,TREE
170.31900596328904,NETWORK_REPLY,"[0,254]",83,"[24,5]","[24,5]",,DIRECT
170.31906095174975,NETWORK_REPLY,"[0,254]",73,"[24,4]","[24,4]",,DIRECT
170.3190863693929,NETWORK_REPLY,"[0,254]",57,"[11,2]","[21,4]",,TREE
170.31917070962373,NETWORK_REPLY,"[0,254]",67,"[11,4]","[21,4]",,TREE
170.31925804344078,NETWORK_REPLY,"[0,254]",77,"[21,2]","[21,4]",,TREE
170.3193359374452,NETWORK_REPLY,"[0,254]",88,"[21,4]","[21,4]",,DIRECT
176.58287778999443,NETWORK_REQUEST,"[23,3]",62,"[23,254]","[0,254]",,TREE
176.5829260803495,NETWORK_REQUEST,"[23,3]",63,"[15,2]","[0,254]",,TREE
176.5829963797739,NETWORK_REQUEST,"[23,3]",54,"[15,254]","[0,254]",,TREE
176.5830761298977,NETWORK_REQUEST,"[23,3]",64,"[3,2]","[0,254]",,TREE
176.58315154279433,NETWORK_REQUEST,"[23,3]",55,"[3,254]","[0,254]",,TREE
176.5832381475344,NETWORK_REQUEST,"[23,3]",46,"[1,3]","[0,254]",,TREE
176.58331882343344,NETWORK_REQUEST,"[23,3]",35,"[1,254]","[0,254]",,TREE
176.58339735911744,NETWORK_REQUEST,"[23,3]",25,"[0,1]","[0,254]",,TREE
176.5834612205481,NETWORK_REQUEST,"[23,3]",16,"[0,254]","[0,254]",,DIRECT
176.5835433223785,NETWORK_REPLY,"[0,254]",17,"[0,1]","[23,3]",,TREE
176.5836254242089,NETWORK_REPLY,"[0,254]",16,"[1,2]","[23,3]",,TREE
176.58368928563954,NETWORK_REPLY,"[0,254]",25,"[1,3]","[23,3]",,TREE
176.58376782132353,NETWORK_REPLY,"[0,254]",35,"[3,1]","[23,3]",,TREE
176.5838484972226,NETWORK_REPLY,"[0,254]",46,"[3,2]","[23,3]",,TREE
176.58393510196265,NETWORK_REPLY,"[0,254]",55,"[15,254]","[23,3]",,TREE
176.58401051485927,NETWORK_REPLY,"[0,254]",64,"[15,2]","[23,3]",,TREE
176.58409026498308,NETWORK_REPLY,"[0,254]",54,"[23,1]","[23,3]",,TREE
176.58416056440748,NETWORK_REPLY,"[0,254]",63,"[23,3]","[23,3]",,DIRECT
177.5841180136248,NETWORK_REQUEST,"[17,4]",86,"[17,254]","[0,254]",,TREE
177.5841901212399,NETWORK_REQUEST,"[17,4]",85,"[7,2]","[0,254]",,TREE
177.58423315371817,NETWORK_REQUEST,"[17,4]",75,"[7,254]","[0,254]",,TREE
177.58430717216186,NETWORK_REQUEST,"[17,4]",65,"[3,2]","[0,254]",,TREE
177.5843592253075,NETWORK_REQUEST,"[17,4]",55,"[3,254]","[0,254]",,TREE
177.58444583004757,NETWORK_REQUEST,"[17,4]",46,"[1,3]","[0,254]",,TREE
177.58452650594663,NETWORK_REQUEST,"[17,4]",35,"[1,254]","[0,254]",,TREE
177.58460504163062,NETWORK_REQUEST,"[17,4]",25,"[0,1]","[0,254]",,TREE
177.58466890306127,NETWORK_REQUEST,"[17,4]",16,"[0,254]","[0,254]",,DIRECT
177.58475100489167,NETWORK_REPLY,"[0,254]",17,"[0,1]","[17,4]",,TREE
177.58483310672207,NETWORK_REPLY,"[0,254]",16,"[1,2]","[17,4]",,TREE
177.58489696815272,NETWORK_REPLY,"[0,254]",25,"[1,3]","[17,4]",,TREE
177.58497550383672,NETWORK_REPLY,"[0,254]",35,"[3,1]","[17,4]",,TREE
177.58505617973577,NETWORK_REPLY,"[0,254]",46,"[3,2]","[17,4]",,TREE
177.58514278447583,NETWORK_REPLY,"[0,254]",55,"[7,1]","[17,4]",,TREE
177.5851948376215,NETWORK_REPLY,"[0,254]",65,"[7,2]","[17,4]",,TREE
177.58526885606517,NETWORK_REPLY,"[0,254]",75,"[17,2]","[17,4]",,TREE
177.58531188854343,NETWORK_REPLY,"[0,254]",85,"[17,4]","[17,4]",,DIRECT
180.31795150354037,NETWORK_REQUEST,"[17,3]",95,"[17,254]","[0,254]",,TREE
180.31803492249884,NETWORK_REQUEST,"[17,3]",85,"[7,2]","[0,254]",,TREE
180.3180779549771,NETWORK_REQUEST,"[17,3]",75,"[7,254]","[0,254]",,TREE
180.31815197342078,NETWORK_REQUEST,"[17,3]",65,"[3,2]","[0,254]",,TREE
180.31820402656643,NETWORK_REQUEST,"[17,3]",55,"[3,254]","[0,254]",,TREE
180.3182906313065,NETWORK_REQUEST,"[17,3]",46,"[1,3]","[0,254]",,TREE
180.31837130720555,NETWORK_REQUEST,"[17,3]",35,"[1,254]","[0,254]",,TREE
180.31844984288955,NETWORK_REQUEST,"[17,3]",25,"[0,1]","[0,254]",,TREE
180.3185137043202,NETWORK_REQUEST,"[17,3]",16,"[0,254]","[0,254]",,DIRECT
180.3185958061506,NETWORK_REPLY,"[0,254]",17,"[0,1]","[17,3]",,TREE
180.318677907981,NETWORK_REPLY,"[0,254]",16,"[1,2]","[17,3]",,TREE
180.31874176941164,NETWORK_REPLY,"[0,254]",25,"[1,3]","[17,3]",,TREE
180.31882030509564,NETWORK_REPLY,"[0,254]",35,"[3,1]","[17,3]",,TREE
180.3189009809947,NETWORK_REPLY,"[0,254]",46,"[3,2]","[17,3]",,TREE
180.31898758573476,NETWORK_REPLY,"[0,254]",55,"[7,1]","[17,3]",,TREE
180.3190396388804,NETWORK_REPLY,"[0,254]",65,"[7,2]","[17,3]",,TREE
180.3191136573241,NETWORK_REPLY,"[0,254]",75,"[17,2]","[17,3]",,TREE
180.31915668980236,NETWORK_REPLY,"[0,254]",85,"[17,3]","[17,3]",,DIRECT
181.54579432861107,NETWORK_REQUEST,"[16,1]",21,"[16,254]","[0,254]",,TREE
181.54588114124763,NETWORK_REQUEST,"[16,1]",31,"[5,3]","[0,254]",,TREE
181.54594712317643,NETWORK_REQUEST,"[16,1]",32,"[5,254]","[0,254]",,TREE
181.54601543288726,NETWORK_REQUEST,"[16,1]",33,"[1,4]","[0,254]",,TREE
181.54610519313744,NETWORK_REQUEST,"[16,1]",34,"[1,254]","[0,254]",,TREE
181.54618582646842,NETWORK_REQUEST,"[16,1]",25,"[0,1]","[0,254]",,TREE
181.54624968789906,NETWORK_REQUEST,"[16,1]",16,"[0,254]","[0,254]",,DIRECT
181.54633178972946,NETWORK_REPLY,"[0,254]",17,"[0,1]","[16,1]",,TREE
181.54641389155987,NETWORK_REPLY,"[0,254]",16,"[1,2]","[16,1]",,TREE
181.5464777529905,NETWORK_REPLY,"[0,254]",25,"[1,4]","[16,1]",,TREE
181.5465583863215,NETWORK_REPLY,"[0,254]",34,"[5,1]","[16,1]",,TREE
181.54664814657167,NETWORK_REPLY,"[0,254]",33,"[5,3]","[16,1]",,TREE
181.5467164562825,NETWORK_REPLY,"[0,254]",32,"[16,254]","[16,1]",,TREE
181.5467824382113,NETWORK_REPLY,"[0,254]",31,"[16,1]","[16,1]",,DIRECT
190.3178644025264,NETWORK_REQUEST,"[31,2]",51,"[31,254]","[0,254]",,TREE
190.31794456210056,NETWORK_REQUEST,"[31,2]",50,"[16,2]","[0,254]",,TREE
190.31800401381733,NETWORK_REQUEST,"[17,4]",86,"[17,254]","[0,254]",,TREE
190.3180245052734,NETWORK_REQUEST,"[31,2]",40,"[16,254]","[0,254]",,TREE
190.31807612143245,NETWORK_REQUEST,"[17,4]",85,"[7,2]","[0,254]",,TREE
190.31809325031793,NETWORK_REQUEST,"[31,2]",31,"[5,3]","[0,254]",,TREE
190.31811915391071,NETWORK_REQUEST,"[17,4]",75,"[7,254]","[0,254]",,TREE
190.31815923224673,NETWORK_REQUEST,"[31,2]",32,"[5,254]","[0,254]",,TREE
190.3181931723544,NETWORK_REQUEST,"[17,4]",65,"[3,2]","[0,254]",,TREE
190.31822754195755,NETWORK_REQUEST,"[31,2]",33,"[1,4]","[0,254]",,TREE
190.31824522550005,NETWORK_REQUEST,"[17,4]",55,"[3,254]","[0,254]",,TREE
190.31831730220773,NETWORK_REQUEST,"[31,2]",34,"[1,254]","[0,254]",,TREE
190.3183318302401,NETWORK_REQUEST,"[17,4]",46,"[1,3]","[0,254]",,TREE
190.3183979355387,NETWORK_REQUEST,"[31,2]",25,"[0,1]","[0,254]",,TREE
190.31841250613917,NETWORK_REQUEST,"[17,4]",35,"[1,254]","[0,254]",,TREE
190.31846179696936,NETWORK_REQUEST,"[31,2]",16,"[0,254]","[0,254]",,DIRECT
190.31849104182317,NETWORK_REQUEST,"[17,4]",25,"[0,1]","[0,254]",,TREE
190.31854389879976,NETWORK_REPLY,"[0,254]",17,"[0,1]","[31,2]",,TREE
190.3185549032538,NETWORK_REQUEST,"[17,4]",16,"[0,254]","[0,254]",,DIRECT
190.31862600063016,NETWORK_REPLY,"[0,254]",16,"[1,2]","[31,2]",,TREE
190.3186370050842,NETWORK_REPLY,"[0,254]",17,"[0,1]","[17,4]",,TREE
190.3186898620608,NETWORK_REPLY,"[0,254]",25,"[1,4]","[31,2]",,TREE
190.3187191069146,NETWORK_REPLY,"[0,254]",16,"[1,2]","[17,4]",,TREE
190.3187704953918,NETWORK_REPLY,"[0,254]",34,"[5,1]","[31,2]",,TREE
190.31878296834526,NETWORK_REPLY,"[0,254]",25,"[1,3]","[17,4]",,TREE
190.31886025564197,NETWORK_REPLY,"[0,254]",33,"[5,3]","[31,2]",,TREE
190.31886150402926,NETWORK_REPLY,"[0,254]",35,"[3,1]","[17,4]",,TREE
190.3189285653528,NETWORK_REPLY,"[0,254]",32,"[16,254]","[31,2]",,TREE
190.3189421799283,NETWORK_REPLY,"[0,254]",46,"[3,2]","[17,4]",,TREE
190.3189945472816,NETWORK_REPLY,"[0,254]",31,"[16,2]","[31,2]",,TREE
190.31902878466838,NETWORK_REPLY,"[0,254]",55,"[7,1]","[17,4]",,TREE
190.31906329232612,NETWORK_REPLY,"[0,254]",40,"[31,1]","[31,2]",,MESH
190.31908083781403,NETWORK_REPLY,"[0,254]",65,"[7,2]","[17,4]",,TREE
190.31914323549896,NETWORK_REPLY,"[0,254]",50,"[31,2]","[31,2]",,DIRECT
190.3191548562577,NETWORK_REPLY,"[0,254]",75,"[17,2]","[17,4]",,TREE
190.31919788873597,NETWORK_REPLY,"[0,254]",85,"[17,4]","[17,4]",,DIRECT
190.31923855841663,NETWORK_REQUEST,"[33,1]",81,"[33,254]","[0,254]",,TREE
190.31928837317415,NETWORK_REQUEST,"[33,1]",71,"[24,4]","[0,254]",,TREE
190.31933911481465,NETWORK_REQUEST,"[33,1]",72,"[24,254]","[0,254]",,TREE
190.3194188575782,NETWORK_REQUEST,"[33,1]",83,"[15,1]","[0,254]",,TREE
190.319504100796,NETWORK_REQUEST,"[33,1]",74,"[15,254]","[0,254]",,TREE
190.3195748001955,NETWORK_REQUEST,"[33,1]",64,"[3,2]","[0,254]",,TREE
190.31965021309213,NETWORK_REQUEST,"[33,1]",55,"[3,254]","[0,254]",,TREE
190.3197368178322,NETWORK_REQUEST,"[33,1]",46,"[1,3]","[0,254]",,TREE
190.31981749373125,NETWORK_REQUEST,"[33,1]",35,"[1,254]","[0,254]",,TREE
190.31989602941525,NETWORK_REQUEST,"[33,1]",25,"[0,1]","[0,254]",,TREE
190.3199598908459,NETWORK_REQUEST,"[33,1]",16,"[0,254]","[0,254]",,DIRECT
190.3200419926763,NETWORK_REPLY,"[0,254]",17,"[0,1]","[33,1]",,TREE
190.3201240945067,NETWORK_REPLY,"[0,254]",16,"[1,2]","[33,1]",,TREE
190.32018795593734,NETWORK_REPLY,"[0,254]",25,"[1,3]","[33,1]",,TREE
190.32026649162134,NETWORK_REPLY,"[0,254]",35,"[3,1]","[33,1]",,TREE
190.3203471675204,NETWORK_REPLY,"[0,254]",46,"[3,2]","[33,1]",,TREE
190.32043377226046,NETWORK_REPLY,"[0,254]",55,"[15,254]","[33,1]",,TREE
190.32050918515708,NETWORK_REPLY,"[0,254]",64,"[15,1]","[33,1]",,TREE
190.3205798845566,NETWORK_REPLY,"[0,254]",74,"[24,3]","[33,1]",,TREE
190.3206651277744,NETWORK_REPLY,"[0,254]",83,"[24,4]","[33,1]",,TREE
190.32074487053794,NETWORK_REPLY,"[0,254]",72,"[33,1]","[33,1]",,DIRECT
196.83304834438903,NETWORK_REQUEST,"[4,2]",29,"[4,254]","[0,254]",,TREE
196.83311406474445,NETWORK_REQUEST,"[4,2]",28,"[0,3]","[0,254]",,TREE
196.83317758894307,NETWORK_REQUEST,"[4,2]",18,"[0,254]","[0,254]",,DIRECT
196.83326374703938,NETWORK_REPLY,"[0,254]",17,"[0,3]","[4,2]",,TREE
196.8333499051357,NETWORK_REPLY,"[0,254]",18,"[4,1]","[4,2]",,TREE
196.8334134293343,NETWORK_REPLY,"[0,254]",28,"[4,2]","[4,2]",,DIRECT
198.54560106548126,NETWORK_REQUEST,"[9,3]",12,"[9,254]","[0,254]",,TREE
198.54567775368108,NETWORK_REQUEST,"[9,3]",23,"[5,3]","[0,254]",,TREE
198.54576023281626,NETWORK_REQUEST,"[9,3]",32,"[5,254]","[0,254]",,TREE
198.5458285425271,NETWORK_REQUEST,"[9,3]",33,"[1,4]","[0,254]",,TREE
198.54591830277727,NETWORK_REQUEST,"[9,3]",34,"[1,254]","[0,254]",,TREE
198.54599893610825,NETWORK_REQUEST,"[9,3]",25,"[0,1]","[0,254]",,TREE
198.5460627975389,NETWORK_REQUEST,"[9,3]",16,"[0,254]","[0,254]",,DIRECT
198.5461448993693,NETWORK_REPLY,"[0,254]",17,"[0,1]","[9,3]",,TREE
198.5462270011997,NETWORK_REPLY,"[0,254]",16,"[1,2]","[9,3]",,TREE
198.54629086263034,NETWORK_REPLY,"[0,254]",25,"[1,4]","[9,3]",,TREE
198.54637149596132,NETWORK_REPLY,"[0,254]",34,"[5,1]","[9,3]",,TREE
198.5464612562115,NETWORK_REPLY,"[0,254]",33,"[5,3]","[9,3]",,TREE
198.54652956592233,NETWORK_REPLY,"[0,254]",32,"[9,1]","[9,3]",,TREE
198.54661204505751,NETWORK_REPLY,"[0,254]",23,"[9,3]","[9,3]",,DIRECT
210.31795046507258,NETWORK_REQUEST,"[40,2]",70,"[40,254]","[0,254]",,TREE
210.31798022728302,NETWORK_REQUEST,"[40,2]",60,"[31,2]","[0,254]",,TREE
210.31806308893468,NETWORK_REQUEST,"[40,2]",51,"[31,254]","[0,254]",,TREE
210.31814324850885,NETWORK_REQUEST,"[40,2]",50,"[16,2]","[0,254]",,TREE
210.31822319168168,NETWORK_REQUEST,"[40,2]",40,"[16,254]","[0,254]",,TREE
210.3182919367262,NETWORK_REQUEST,"[40,2]",31,"[5,3]","[0,254]",,TREE
210.318357918655,NETWORK_REQUEST,"[40,2]",32,"[5,254]","[0,254]",,TREE
210.31842622836584,NETWORK_REQUEST,"[40,2]",33,"[1,4]","[0,254]",,TREE
210.318515988616,NETWORK_REQUEST,"[40,2]",34,"[1,254]","[0,254]",,TREE
210.318596621947,NETWORK_REQUEST,"[40,2]",25,"[0,1]","[0,254]",,TREE
210.31866048337764,NETWORK_REQUEST,"[40,2]",16,"[0,254]","[0,254]",,DIRECT
210.31874258520804,NETWORK_REPLY,"[0,254]",17,"[0,1]","[40,2]",,TREE
210.31882468703844,NETWORK_REPLY,"[0,254]",16,"[1,2]","[40,2]",,TREE
210.3188885484691,NETWORK_REPLY,"[0,254]",25,"[1,4]","[40,2]",,TREE
210.31896918180007,NETWORK_REPLY,"[0,254]",34,"[5,1]","[40,2]",,TREE
210.31905894205025,NETWORK_REPLY,"[0,254]",33,"[5,3]","[40,2]",,TREE
210.31912725176107,NETWORK_REPLY,"[0,254]",32,"[16,254]","[40,2]",,TREE
210.31919323368987,NETWORK_REPLY,"[0,254]",31,"[16,2]","[40,2]",,TREE
210.3192619787344,NETWORK_REPLY,"[0,254]",40,"[31,1]","[40,2]",,TREE
210.31934192190724,NETWORK_REPLY,"[0,254]",50,"[31,2]","[40,2]",,TREE
210.3194220814814,NETWORK_REPLY,"[0,254]",51,"[33,3]","[40,2]",,MESH
210.31948513146529,NETWORK_REPLY,"[0,254]",61,"[40,2]","[40,2]",,DIRECT
777.8332179263288,NETWORK_REQUEST,"[14,1]",47,"[14,254]","[0,254]",,TREE
777.833281175667,NETWORK_REQUEST,"[14,1]",38,"[0,2]","[0,254]",,TREE
777.8333576529752,NETWORK_REQUEST,"[14,1]",27,"[0,254]","[0,254]",,DIRECT
777.8334210261678,NETWORK_REPLY,"[0,254]",17,"[0,2]","[14,1]",,TREE
777.8334249263924,NETWORK_REQUEST,"[43,2]",49,"[43,254]","[0,254]",,TREE
777.8334843993604,NETWORK_REPLY,"[0,254]",27,"[14,254]","[14,1]",,TREE
777.8335139253917,NETWORK_REQUEST,"[43,2]",39,"[4,2]","[0,254]",,TREE
777.8335608766686,NETWORK_REPLY,"[0,254]",38,"[14,1]","[14,1]",,DIRECT
777.8335627914731,NETWORK_REQUEST,"[43,2]",29,"[4,254]","[0,254]",,TREE
777.8336285118286,NETWORK_REQUEST,"[43,2]",28,"[0,3]","[0,254]",,TREE
777.8336920360272,NETWORK_REQUEST,"[43,2]",18,"[0,254]","[0,254]",,DIRECT
777.8337781941235,NETWORK_REPLY,"[0,254]",17,"[0,3]","[43,2]",,TREE
777.8338643522198,NETWORK_REPLY,"[0,254]",18,"[4,1]","[43,2]",,TREE
777.8339278764184,NETWORK_REPLY,"[0,254]",28,"[4,2]","[43,2]",,TREE
777.8339935967739,NETWORK_REPLY,"[0,254]",29,"[43,1]","[43,2]",,TREE
777.8340424628553,NETWORK_REPLY,"[0,254]",39,"[43,2]","[43,2]",,DIRECT
780.3173142181013,NETWORK_REQUEST,"[2,5]",35,"[2,254]","[0,254]",,TREE
780.3173747875965,NETWORK_REQUEST,"[2,5]",35,"[2,254]","[0,254]",,TREE
780.317399021712,NETWORK_REQUEST,"[2,5]",36,"[0,2]","[0,254]",,TREE
780.3174165112432,NETWORK_REQUEST,"[2,5]",35,"[2,254]","[0,254]",,TREE
780.3174595912072,NETWORK_REQUEST,"[2,5]",36,"[0,2]","[0,254]",,TREE
780.3174696037693,NETWORK_REQUEST,"[2,5]",27,"[0,254]","[0,254]",,DIRECT
780.317501314854,NETWORK_REQUEST,"[2,5]",36,"[0,2]","[0,254]",,TREE
780.3175301732645,NETWORK_REQUEST,"[2,5]",27,"[0,254]","[0,254]",,DIRECT
780.3175329769618,NETWORK_REPLY,"[0,254]",17,"[0,2]","[2,5]",,TREE
780.3175718969112,NETWORK_REQUEST,"[2,5]",27,"[0,254]","[0,254]",,DIRECT
780.317593546457,NETWORK_REPLY,"[0,254]",17,"[0,2]","[2,5]",,TREE
780.3175963501544,NETWORK_REPLY,"[0,254]",27,"[2,1]","[2,5]",,TREE
780.3176352701038,NETWORK_REPLY,"[0,254]",17,"[0,2]","[2,5]",,TREE
780.3176569196496,NETWORK_REPLY,"[0,254]",27,"[2,1]","[2,5]",,TREE
780.3176669322116,NETWORK_REPLY,"[0,254]",36,"[2,5]","[2,5]",,DIRECT
780.3176986432964,NETWORK_REPLY,"[0,254]",27,"[2,1]","[2,5]",,TREE
780.3177275017068,NETWORK_REPLY,"[0,254]",36,"[2,5]","[2,5]",,DIRECT
780.3177692253536,NETWORK_REPLY,"[0,254]",36,"[2,5]","[2,5]",,DIRECT
787.5440040695703,NETWORK_REQUEST,"[0,1]",16,"[0,254]","[0,254]",,DIRECT
787.5440861714007,NETWORK_REPLY,"[0,254]",17,"[0,1]","[0,1]",,DIRECT
787.8332273480248,NETWORK_REQUEST,"[2,6]",46,"[2,254]","[0,254]",,TREE
787.8332444579523,NETWORK_REQUEST,"[2,6]",46,"[2,254]","[0,254]",,TREE
787.8332985505767,NETWORK_REQUEST,"[2,6]",36,"[0,2]","[0,254]",,TREE
787.8333156605042,NETWORK_REQUEST,"[2,6]",36,"[0,2]","[0,254]",,TREE
787.833369132634,NETWORK_REQUEST,"[2,6]",27,"[0,254]","[0,254]",,DIRECT
787.8333862425615,NETWORK_REQUEST,"[2,6]",27,"[0,254]","[0,254]",,DIRECT
787.8334037275872,NETWORK_REQUEST,"[48,2]",44,"[48,254]","[0,254]",,TREE
787.8334325058265,NETWORK_REPLY,"[0,254]",17,"[0,2]","[2,6]",,TREE
787.833449615754,NETWORK_REPLY,"[0,254]",17,"[0,2]","[2,6]",,TREE
787.8334570451616,NETWORK_REQUEST,"[48,2]",35,"[2,254]","[0,254]",,TREE
787.8334958790191,NETWORK_REPLY,"[0,254]",27,"[2,1]","[2,6]",,TREE
787.8335129889466,NETWORK_REPLY,"[0,254]",27,"[2,1]","[2,6]",,TREE
787.8335418487724,NETWORK_REQUEST,"[48,2]",36,"[0,2]","[0,254]",,TREE
787.8335664610763,NETWORK_REPLY,"[0,254]",36,"[2,6]","[2,6]",,DIRECT
787.8335835710038,NETWORK_REPLY,"[0,254]",36,"[2,6]","[2,6]",,DIRECT
787.8336124308296,NETWORK_REQUEST,"[48,2]",27,"[0,254]","[0,254]",,DIRECT
787.8336758040222,NETWORK_REPLY,"[0,254]",17,"[0,2]","[48,2]",,TREE
787.8337391772147,NETWORK_REPLY,"[0,254]",27,"[2,1]","[48,2]",,TREE
787.833809759272,NETWORK_REPLY,"[0,254]",36,"[2,5]","[48,2]",,TREE
787.8338945628827,NETWORK_REPLY,"[0,254]",35,"[48,2]","[48,2]",,DIRECT
788.9624588203783,NETWORK_REQUEST,"[48,1]",34,"[48,254]","[0,254]",,TREE
788.9625026116975,NETWORK_REQUEST,"[48,1]",35,"[2,254]","[0,254]",,TREE
788.9625874153082,NETWORK_REQUEST,"[48,1]",36,"[0,2]","[0,254]",,TREE
788.9626579973655,NETWORK_REQUEST,"[48,1]",27,"[0,254]","[0,254]",,DIRECT
788.962721370558,NETWORK_REPLY,"[0,254]",17,"[0,2]","[48,1]",,TREE
788.9627847437506,NETWORK_REPLY,"[0,254]",27,"[2,1]","[48,1]",,TREE
788.9628553258078,NETWORK_REPLY,"[0,254]",36,"[2,5]","[48,1]",,TREE
788.9629401294186,NETWORK_REPLY,"[0,254]",35,"[48,1]","[48,1]",,DIRECT
797.8334803715678,NETWORK_REQUEST,"[50,3]",65,"[50,254]","[0,254]",,TREE
797.8335135141505,NETWORK_REQUEST,"[47,3]",69,"[47,254]","[0,254]",,TREE
797.8335324247134,NETWORK_REQUEST,"[50,3]",55,"[2,6]","[0,254]",,TREE
797.8335600714207,NETWORK_REQUEST,"[47,3]",59,"[43,2]","[0,254]",,TREE
797.833608066826,NETWORK_REQUEST,"[47,3]",49,"[43,254]","[0,254]",,TREE
797.8336190294535,NETWORK_REQUEST,"[50,3]",46,"[2,254]","[0,254]",,TREE
797.8336902320054,NETWORK_REQUEST,"[50,3]",36,"[0,2]","[0,254]",,TREE
797.8336970658253,NETWORK_REQUEST,"[47,3]",39,"[4,2]","[0,254]",,TREE
797.8337459319067,NETWORK_REQUEST,"[47,3]",29,"[4,254]","[0,254]",,TREE
797.8337608140627,NETWORK_REQUEST,"[50,3]",27,"[0,254]","[0,254]",,DIRECT
797.8338116522622,NETWORK_REQUEST,"[47,3]",28,"[0,3]","[0,254]",,TREE
797.8338241872552,NETWORK_REPLY,"[0,254]",17,"[0,2]","[50,3]",,TREE
797.8338751764608,NETWORK_REQUEST,"[47,3]",18,"[0,254]","[0,254]",,DIRECT
797.8338875604478,NETWORK_REPLY,"[0,254]",27,"[2,1]","[50,3]",,TREE
797.833958142505,NETWORK_REPLY,"[0,254]",36,"[2,6]","[50,3]",,TREE
797.8339613345571,NETWORK_REPLY,"[0,254]",17,"[0,3]","[47,3]",,TREE
797.8340293450569,NETWORK_REPLY,"[0,254]",46,"[50,2]","[50,3]",,TREE
797.8340474926534,NETWORK_REPLY,"[0,254]",18,"[4,1]","[47,3]",,TREE
797.834111016852,NETWORK_REPLY,"[0,254]",28,"[4,2]","[47,3]",,TREE
797.834115949797,NETWORK_REPLY,"[0,254]",55,"[50,3]","[50,3]",,DIRECT
797.8341767372075,NETWORK_REPLY,"[0,254]",29,"[43,1]","[47,3]",,TREE
797.8342256032889,NETWORK_REPLY,"[0,254]",39,"[43,2]","[47,3]",,TREE
797.8343146022883,NETWORK_REPLY,"[0,254]",49,"[47,1]","[47,3]",,TREE
797.8343625976935,NETWORK_REPLY,"[0,254]",59,"[47,3]","[47,3]",,DIRECT
802.8333697531286,NETWORK_REQUEST,"[2,6]",46,"[2,254]","[0,254]",,TREE
802.8334409556805,NETWORK_REQUEST,"[2,6]",36,"[0,2]","[0,254]",,TREE
802.8335115377378,NETWORK_REQUEST,"[2,6]",27,"[0,254]","[0,254]",,DIRECT
802.8335749109303,NETWORK_REPLY,"[0,254]",17,"[0,2]","[2,6]",,TREE
802.8336382841229,NETWORK_REPLY,"[0,254]",27,"[2,1]","[2,6]",,TREE
802.8337088661801,NETWORK_REPLY,"[0,254]",36,"[2,6]","[2,6]",,DIRECT
807.8333202189742,NETWORK_REQUEST,"[50,4]",66,"[50,254]","[0,254]",,TREE
807.8333649488816,NETWORK_REQUEST,"[50,5]",64,"[50,254]","[0,254]",,TREE
807.833374664908,NETWORK_REQUEST,"[50,5]",64,"[50,254]","[0,254]",,TREE
807.8333912118435,NETWORK_REQUEST,"[50,4]",55,"[2,6]","[0,254]",,TREE
807.8334403617782,NETWORK_REQUEST,"[50,5]",55,"[2,6]","[0,254]",,TREE
807.8334500778046,NETWORK_REQUEST,"[50,5]",55,"[2,6]","[0,254]",,TREE
807.8334778165836,NETWORK_REQUEST,"[50,4]",46,"[2,254]","[0,254]",,TREE
807.8335269665183,NETWORK_REQUEST,"[50,5]",46,"[2,254]","[0,254]",,TREE
807.8335366825447,NETWORK_REQUEST,"[50,5]",46,"[2,254]","[0,254]",,TREE
807.8335490191355,NETWORK_REQUEST,"[50,4]",36,"[0,2]","[0,254]",,TREE
807.8335981690702,NETWORK_REQUEST,"[50,5]",36,"[0,2]","[0,254]",,TREE
807.8336078850966,NETWORK_REQUEST,"[50,5]",36,"[0,2]","[0,254]",,TREE
807.8336196011927,NETWORK_REQUEST,"[50,4]",27,"[0,254]","[0,254]",,DIRECT
807.8336687511274,NETWORK_REQUEST,"[50,5]",27,"[0,254]","[0,254]",,DIRECT
807.8336784671538,NETWORK_REQUEST,"[50,5]",27,"[0,254]","[0,254]",,DIRECT
807.8336829743853,NETWORK_REPLY,"[0,254]",17,"[0,2]","[50,4]",,TREE
807.83373212432,NETWORK_REPLY,"[0,254]",17,"[0,2]","[50,5]",,TREE
807.8337418403464,NETWORK_REPLY,"[0,254]",17,"[0,2]","[50,5]",,TREE
807.8337463475779,NETWORK_REPLY,"[0,254]",27,"[2,1]","[50,4]",,TREE
807.8337954975126,NETWORK_REPLY,"[0,254]",27,"[2,1]","[50,5]",,TREE
807.833805213539,NETWORK_REPLY,"[0,254]",27,"[2,1]","[50,5]",,TREE
807.8338169296351,NETWORK_REPLY,"[0,254]",36,"[2,6]","[50,4]",,TREE
807.8338660795698,NETWORK_REPLY,"[0,254]",36,"[2,6]","[50,5]",,TREE
807.8338757955962,NETWORK_REPLY,"[0,254]",36,"[2,6]","[50,5]",,TREE
807.833888132187,NETWORK_REPLY,"[0,254]",46,"[50,2]","[50,4]",,MESH
807.8339372821217,NETWORK_REPLY,"[0,254]",46,"[50,2]","[50,5]",,MESH
807.8339469981481,NETWORK_REPLY,"[0,254]",46,"[50,2]","[50,5]",,MESH
807.8339747369271,NETWORK_REPLY,"[0,254]",55,"[50,4]","[50,4]",,DIRECT
807.8340238868618,NETWORK_REPLY,"[0,254]",55,"[50,5]","[50,5]",,DIRECT
807.8340336028882,NETWORK_REPLY,"[0,254]",55,"[50,5]","[50,5]",,DIRECT
817.8335232268349,NETWORK_REQUEST,"[47,3]",69,"[47,254]","[0,254]",,TREE
817.8335697841052,NETWORK_REQUEST,"[47,3]",59,"[43,2]","[0,254]",,TREE
817.8336177795104,NETWORK_REQUEST,"[47,3]",49,"[43,254]","[0,254]",,TREE
817.8337067785097,NETWORK_REQUEST,"[47,3]",39,"[4,2]","[0,254]",,TREE
817.8337556445912,NETWORK_REQUEST,"[47,3]",29,"[4,254]","[0,254]",,TREE
817.8338213649466,NETWORK_REQUEST,"[47,3]",28,"[0,3]","[0,254]",,TREE
817.8338848891452,NETWORK_REQUEST,"[47,3]",18,"[0,254]","[0,254]",,DIRECT
817.8339710472416,NETWORK_REPLY,"[0,254]",17,"[0,3]","[47,3]",,TREE
817.8340572053379,NETWORK_REPLY,"[0,254]",18,"[4,1]","[47,3]",,TREE
817.8341207295365,NETWORK_REPLY,"[0,254]",28,"[4,2]","[47,3]",,TREE
817.834186449892,NETWORK_REPLY,"[0,254]",29,"[43,1]","[47,3]",,TREE
817.8342353159734,NETWORK_REPLY,"[0,254]",39,"[43,2]","[47,3]",,TREE
817.8343243149727,NETWORK_REPLY,"[0,254]",49,"[47,1]","[47,3]",,TREE
817.834372310378,NETWORK_REPLY,"[0,254]",59,"[47,3]","[47,3]",,DIRECT
818.8335548145164,NETWORK_REQUEST,"[50,5]",64,"[50,254]","[0,254]",,TREE
818.8336302274131,NETWORK_REQUEST,"[50,5]",55,"[2,6]","[0,254]",,TREE
818.8337168321532,NETWORK_REQUEST,"[50,5]",46,"[2,254]","[0,254]",,TREE
818.8337880347051,NETWORK_REQUEST,"[50,5]",36,"[0,2]","[0,254]",,TREE
818.8338586167623,NETWORK_REQUEST,"[50,5]",27,"[0,254]","[0,254]",,DIRECT
818.8339219899549,NETWORK_REPLY,"[0,254]",17,"[0,2]","[50,5]",,TREE
818.8339853631475,NETWORK_REPLY,"[0,254]",27,"[2,1]","[50,5]",,TREE
818.8340559452047,NETWORK_REPLY,"[0,254]",36,"[2,6]","[50,5]",,TREE
818.8341271477566,NETWORK_REPLY,"[0,254]",46,"[50,2]","[50,5]",,TREE
818.8342137524967,NETWORK_REPLY,"[0,254]",55,"[50,5]","[50,5]",,DIRECT
827.5440803846398,NETWORK_REQUEST,"[49,1]",5,"[49,254]","[0,254]",,TREE
827.5441342128937,NETWORK_REQUEST,"[49,1]",15,"[0,1]","[0,254]",,TREE
827.5441439541651,NETWORK_REQUEST,"[49,1]",5,"[49,254]","[0,254]",,TREE
827.5441709053373,NETWORK_REQUEST,"[49,1]",16,"[0,254]","[0,254]",,DIRECT
827.544197782419,NETWORK_REQUEST,"[49,1]",15,"[0,1]","[0,254]",,TREE
827.5442344748626,NETWORK_REQUEST,"[49,1]",16,"[0,254]","[0,254]",,DIRECT
827.5442530071678,NETWORK_REPLY,"[0,254]",17,"[0,1]","[49,1]",,TREE
827.5443165766931,NETWORK_REPLY,"[0,254]",17,"[0,1]","[49,1]",,TREE
827.5443351089982,NETWORK_REPLY,"[0,254]",16,"[49,254]","[49,1]",,TREE
827.5443718014418,NETWORK_REPLY,"[0,254]",15,"[49,1]","[49,1]",,DIRECT
827.5443986785235,NETWORK_REPLY,"[0,254]",16,"[49,254]","[49,1]",,TREE
827.5444353709671,NETWORK_REPLY,"[0,254]",15,"[49,1]","[49,1]",,DIRECT
827.8334495400144,NETWORK_REQUEST,"[57,6]",73,"[57,254]","[0,254]",,TREE
827.8334817848054,NETWORK_REQUEST,"[57,6]",73,"[57,254]","[0,254]",,TREE
827.8334841002838,NETWORK_REQUEST,"[56,2]",77,"[56,254]","[0,254]",,TREE
827.8334937951969,NETWORK_REQUEST,"[57,3]",85,"[57,254]","[0,254]",,TREE
827.8335189181398,NETWORK_REQUEST,"[57,5]",83,"[57,254]","[0,254]",,TREE
827.8335220936173,NETWORK_REQUEST,"[57,6]",73,"[57,254]","[0,254]",,TREE
827.833528472623,NETWORK_REQUEST,"[57,6]",74,"[50,5]","[0,254]",,TREE
827.833539794848,NETWORK_REQUEST,"[56,2]",77,"[56,254]","[0,254]",,TREE
827.833560717414,NETWORK_REQUEST,"[57,6]",74,"[50,5]","[0,254]",,TREE
827.8335714341009,NETWORK_REQUEST,"[56,2]",67,"[50,4]","[0,254]",,TREE
827.8335806317583,NETWORK_REQUEST,"[57,3]",74,"[50,5]","[0,254]",,TREE
827.8335991720226,NETWORK_REQUEST,"[57,6]",64,"[50,254]","[0,254]",,TREE
827.8336010262259,NETWORK_REQUEST,"[57,6]",74,"[50,5]","[0,254]",,TREE
827.8336041613576,NETWORK_REQUEST,"[57,5]",74,"[50,5]","[0,254]",,TREE
827.8336271286651,NETWORK_REQUEST,"[56,2]",67,"[50,4]","[0,254]",,TREE
827.8336314168135,NETWORK_REQUEST,"[57,6]",64,"[50,254]","[0,254]",,TREE
827.8336506746173,NETWORK_REQUEST,"[56,2]",66,"[50,254]","[0,254]",,TREE
827.8336513311579,NETWORK_REQUEST,"[57,3]",64,"[50,254]","[0,254]",,TREE
827.8336521081696,NETWORK_REQUEST,"[57,5]",83,"[57,254]","[0,254]",,TREE
827.8336717256254,NETWORK_REQUEST,"[57,6]",64,"[50,254]","[0,254]",,TREE
827.8336745849192,NETWORK_REQUEST,"[57,6]",55,"[2,6]","[0,254]",,TREE
827.8336748607571,NETWORK_REQUEST,"[57,5]",64,"[50,254]","[0,254]",,TREE
827.8337063691814,NETWORK_REQUEST,"[56,2]",66,"[50,254]","[0,254]",,TREE
827.8337068297102,NETWORK_REQUEST,"[57,6]",55,"[2,6]","[0,254]",,TREE
827.8337216674865,NETWORK_REQUEST,"[56,2]",55,"[2,6]","[0,254]",,TREE
827.8337267440545,NETWORK_REQUEST,"[57,3]",55,"[2,6]","[0,254]",,TREE
827.8337373513874,NETWORK_REQUEST,"[57,5]",74,"[50,5]","[0,254]",,TREE
827.8337471385221,NETWORK_REQUEST,"[57,6]",55,"[2,6]","[0,254]",,TREE
827.8337502736538,NETWORK_REQUEST,"[57,5]",55,"[2,6]","[0,254]",,TREE
827.8337611896593,NETWORK_REQUEST,"[57,6]",46,"[2,254]","[0,254]",,TREE
827.8337773620507,NETWORK_REQUEST,"[56,2]",55,"[2,6]","[0,254]",,TREE
827.8337934344503,NETWORK_REQUEST,"[57,6]",46,"[2,254]","[0,254]",,TREE
827.833808050787,NETWORK_REQUEST,"[57,5]",64,"[50,254]","[0,254]",,TREE
827.8338082722266,NETWORK_REQUEST,"[56,2]",46,"[2,254]","[0,254]",,TREE
827.8338133487946,NETWORK_REQUEST,"[57,3]",46,"[2,254]","[0,254]",,TREE
827.8338323922112,NETWORK_REQUEST,"[57,6]",36,"[0,2]","[0,254]",,TREE
827.8338337432622,NETWORK_REQUEST,"[57,6]",46,"[2,254]","[0,254]",,TREE
827.8338368783939,NETWORK_REQUEST,"[57,5]",46,"[2,254]","[0,254]",,TREE
827.8338639667908,NETWORK_REQUEST,"[56,2]",46,"[2,254]","[0,254]",,TREE
827.8338646370022,NETWORK_REQUEST,"[57,6]",36,"[0,2]","[0,254]",,TREE
827.8338794747785,NETWORK_REQUEST,"[56,2]",36,"[0,2]","[0,254]",,TREE
827.8338834636836,NETWORK_REQUEST,"[57,5]",55,"[2,6]","[0,254]",,TREE
827.8338845513465,NETWORK_REQUEST,"[57,3]",36,"[0,2]","[0,254]",,TREE
827.8339029742684,NETWORK_REQUEST,"[57,6]",27,"[0,254]","[0,254]",,DIRECT
827.8339049458141,NETWORK_REQUEST,"[57,6]",36,"[0,2]","[0,254]",,TREE
827.8339080809458,NETWORK_REQUEST,"[57,5]",36,"[0,2]","[0,254]",,TREE
827.8339351693427,NETWORK_REQUEST,"[56,2]",36,"[0,2]","[0,254]",,TREE
827.8339352190594,NETWORK_REQUEST,"[57,6]",27,"[0,254]","[0,254]",,DIRECT
827.8339500568358,NETWORK_REQUEST,"[56,2]",27,"[0,254]","[0,254]",,DIRECT
827.8339551334037,NETWORK_REQUEST,"[57,3]",27,"[0,254]","[0,254]",,DIRECT
827.833966347461,NETWORK_REPLY,"[0,254]",17,"[0,2]","[57,6]",,TREE
827.8339700684237,NETWORK_REQUEST,"[57,5]",46,"[2,254]","[0,254]",,TREE
827.8339755278713,NETWORK_REQUEST,"[57,6]",27,"[0,254]","[0,254]",,DIRECT
827.833978663003,NETWORK_REQUEST,"[57,5]",27,"[0,254]","[0,254]",,DIRECT
827.833998592252,NETWORK_REPLY,"[0,254]",17,"[0,2]","[57,6]",,TREE
827.8340057513999,NETWORK_REQUEST,"[56,2]",27,"[0,254]","[0,254]",,DIRECT
827.8340134300283,NETWORK_REPLY,"[0,254]",17,"[0,2]","[56,2]",,TREE
827.8340185065963,NETWORK_REPLY,"[0,254]",17,"[0,2]","[57,3]",,TREE
827.8340297206536,NETWORK_REPLY,"[0,254]",27,"[2,1]","[57,6]",,TREE
827.8340389010639,NETWORK_REPLY,"[0,254]",17,"[0,2]","[57,6]",,TREE
827.8340412709756,NETWORK_REQUEST,"[57,5]",36,"[0,2]","[0,254]",,TREE
827.8340420361956,NETWORK_REPLY,"[0,254]",17,"[0,2]","[57,5]",,TREE
827.8340619654446,NETWORK_REPLY,"[0,254]",27,"[2,1]","[57,6]",,TREE
827.8340691245925,NETWORK_REPLY,"[0,254]",17,"[0,2]","[56,2]",,TREE
827.8340768032209,NETWORK_REPLY,"[0,254]",27,"[2,1]","[56,2]",,TREE
827.8340818797889,NETWORK_REPLY,"[0,254]",27,"[2,1]","[57,3]",,TREE
827.8341003027108,NETWORK_REPLY,"[0,254]",36,"[2,6]","[57,6]",,TREE
827.8341022742565,NETWORK_REPLY,"[0,254]",27,"[2,1]","[57,6]",,TREE
827.8341054093881,NETWORK_REPLY,"[0,254]",27,"[2,1]","[57,5]",,TREE
827.8341118530328,NETWORK_REQUEST,"[57,5]",27,"[0,254]","[0,254]",,DIRECT
827.834132497785,NETWORK_REPLY,"[0,254]",27,"[2,1]","[56,2]",,TREE
827.8341325475018,NETWORK_REPLY,"[0,254]",36,"[2,6]","[57,6]",,TREE
827.8341473852781,NETWORK_REPLY,"[0,254]",36,"[2,6]","[56,2]",,TREE
827.8341524618461,NETWORK_REPLY,"[0,254]",36,"[2,6]","[57,3]",,TREE
827.8341715052627,NETWORK_REPLY,"[0,254]",46,"[50,2]","[57,6]",,TREE
827.8341728563137,NETWORK_REPLY,"[0,254]",36,"[2,6]","[57,6]",,TREE
827.8341752262254,NETWORK_REPLY,"[0,254]",17,"[0,2]","[57,5]",,TREE
827.8341759914454,NETWORK_REPLY,"[0,254]",36,"[2,6]","[57,5]",,TREE
827.8342030798423,NETWORK_REPLY,"[0,254]",36,"[2,6]","[56,2]",,TREE
827.8342037500537,NETWORK_REPLY,"[0,254]",46,"[50,2]","[57,6]",,TREE
827.83421858783,NETWORK_REPLY,"[0,254]",46,"[50,2]","[56,2]",,TREE
827.834223664398,NETWORK_REPLY,"[0,254]",46,"[50,2]","[57,3]",,TREE
827.834238599418,NETWORK_REPLY,"[0,254]",27,"[2,1]","[57,5]",,TREE
827.8342440588656,NETWORK_REPLY,"[0,254]",46,"[50,2]","[57,6]",,TREE
827.8342471939973,NETWORK_REPLY,"[0,254]",46,"[50,2]","[57,5]",,TREE
827.8342581100028,NETWORK_REPLY,"[0,254]",55,"[50,5]","[57,6]",,TREE
827.8342742823942,NETWORK_REPLY,"[0,254]",46,"[50,2]","[56,2]",,TREE
827.8342903547938,NETWORK_REPLY,"[0,254]",55,"[50,5]","[57,6]",,TREE
827.8343051925701,NETWORK_REPLY,"[0,254]",55,"[50,4]","[56,2]",,TREE
827.8343091814752,NETWORK_REPLY,"[0,254]",36,"[2,6]","[57,5]",,TREE
827.8343102691381,NETWORK_REPLY,"[0,254]",55,"[50,5]","[57,3]",,TREE
827.8343306636057,NETWORK_REPLY,"[0,254]",55,"[50,5]","[57,6]",,TREE
827.8343335228994,NETWORK_REPLY,"[0,254]",64,"[57,2]","[57,6]",,MESH
827.8343337987374,NETWORK_REPLY,"[0,254]",55,"[50,5]","[57,5]",,TREE
827.8343608871343,NETWORK_REPLY,"[0,254]",55,"[50,4]","[56,2]",,TREE
827.8343657676904,NETWORK_REPLY,"[0,254]",64,"[57,2]","[57,6]",,MESH
827.8343761854394,NETWORK_REPLY,"[0,254]",66,"[56,1]","[56,2]",,MESH
827.8343803840271,NETWORK_REPLY,"[0,254]",46,"[50,2]","[57,5]",,TREE
827.8343856820347,NETWORK_REPLY,"[0,254]",64,"[57,2]","[57,3]",,MESH
827.834404222299,NETWORK_REPLY,"[0,254]",74,"[57,6]","[57,6]",,DIRECT
827.8344060765023,NETWORK_REPLY,"[0,254]",64,"[57,2]","[57,6]",,MESH
827.834409211634,NETWORK_REPLY,"[0,254]",64,"[57,2]","[57,5]",,MESH
827.8344318800035,NETWORK_REPLY,"[0,254]",66,"[56,1]","[56,2]",,MESH
827.83443646709,NETWORK_REPLY,"[0,254]",74,"[57,6]","[57,6]",,DIRECT
827.8344554259558,NETWORK_REPLY,"[0,254]",67,"[56,2]","[56,2]",,DIRECT
827.8344563814343,NETWORK_REPLY,"[0,254]",74,"[57,3]","[57,3]",,DIRECT
827.8344669887672,NETWORK_REPLY,"[0,254]",55,"[50,5]","[57,5]",,TREE
827.8344767759019,NETWORK_REPLY,"[0,254]",74,"[57,6]","[57,6]",,DIRECT
827.8344799110336,NETWORK_REPLY,"[0,254]",74,"[57,5]","[57,5]",,DIRECT
827.8345111205199,NETWORK_REPLY,"[0,254]",67,"[56,2]","[56,2]",,DIRECT
827.8345424016638,NETWORK_REPLY,"[0,254]",64,"[57,2]","[57,5]",,MESH
827.8346131010634,NETWORK_REPLY,"[0,254]",74,"[57,5]","[57,5]",,DIRECT
837.8335117450683,NETWORK_REQUEST,"[62,2]",87,"[62,254]","[0,254]",,TREE
837.8335799427617,NETWORK_REQUEST,"[58,1]",89,"[58,254]","[0,254]",,TREE
837.8335819530702,NETWORK_REQUEST,"[62,1]",88,"[62,254]","[0,254]",,TREE
837.8335827301863,NETWORK_REQUEST,"[62,2]",77,"[56,254]","[0,254]",,TREE
837.8336598470746,NETWORK_REQUEST,"[62,1]",77,"[56,254]","[0,254]",,TREE
837.8336603446104,NETWORK_REQUEST,"[58,1]",79,"[47,3]","[0,254]",,TREE
837.8336700640034,NETWORK_REQUEST,"[62,2]",67,"[50,4]","[0,254]",,TREE
837.8337399512918,NETWORK_REQUEST,"[58,1]",69,"[47,254]","[0,254]",,TREE
837.8337471808917,NETWORK_REQUEST,"[62,1]",67,"[50,4]","[0,254]",,TREE
837.8337493045198,NETWORK_REQUEST,"[62,2]",66,"[50,254]","[0,254]",,TREE
837.8337865085621,NETWORK_REQUEST,"[58,1]",59,"[43,2]","[0,254]",,TREE
837.833820297389,NETWORK_REQUEST,"[62,2]",55,"[2,6]","[0,254]",,TREE
837.833826421408,NETWORK_REQUEST,"[62,1]",66,"[50,254]","[0,254]",,TREE
837.8338345039673,NETWORK_REQUEST,"[58,1]",49,"[43,254]","[0,254]",,TREE
837.8338974142773,NETWORK_REQUEST,"[62,1]",55,"[2,6]","[0,254]",,TREE
837.8339069021291,NETWORK_REQUEST,"[62,2]",46,"[2,254]","[0,254]",,TREE
837.8339235029666,NETWORK_REQUEST,"[58,1]",39,"[4,2]","[0,254]",,TREE
837.8339723690481,NETWORK_REQUEST,"[58,1]",29,"[4,254]","[0,254]",,TREE
837.833978104681,NETWORK_REQUEST,"[62,2]",36,"[0,2]","[0,254]",,TREE
837.8339840190174,NETWORK_REQUEST,"[62,1]",46,"[2,254]","[0,254]",,TREE
837.8340380894035,NETWORK_REQUEST,"[58,1]",28,"[0,3]","[0,254]",,TREE
837.8340486867382,NETWORK_REQUEST,"[62,2]",27,"[0,254]","[0,254]",,DIRECT
837.8340552215693,NETWORK_REQUEST,"[62,1]",36,"[0,2]","[0,254]",,TREE
837.8341016136021,NETWORK_REQUEST,"[58,1]",18,"[0,254]","[0,254]",,DIRECT
837.8341120599308,NETWORK_REPLY,"[0,254]",17,"[0,2]","[62,2]",,TREE
837.8341258036265,NETWORK_REQUEST,"[62,1]",27,"[0,254]","[0,254]",,DIRECT
837.8341754331234,NETWORK_REPLY,"[0,254]",27,"[2,1]","[62,2]",,TREE
837.8341877716985,NETWORK_REPLY,"[0,254]",17,"[0,3]","[58,1]",,TREE
837.8341891768191,NETWORK_REPLY,"[0,254]",17,"[0,2]","[62,1]",,TREE
837.8342460151806,NETWORK_REPLY,"[0,254]",36,"[2,6]","[62,2]",,TREE
837.8342525500117,NETWORK_REPLY,"[0,254]",27,"[2,1]","[62,1]",,TREE
837.8342739297948,NETWORK_REPLY,"[0,254]",18,"[4,1]","[58,1]",,TREE
837.8343172177325,NETWORK_REPLY,"[0,254]",46,"[50,2]","[62,2]",,TREE
837.8343231320689,NETWORK_REPLY,"[0,254]",36,"[2,6]","[62,1]",,TREE
837.8343374539934,NETWORK_REPLY,"[0,254]",28,"[4,2]","[58,1]",,TREE
837.8343943346208,NETWORK_REPLY,"[0,254]",46,"[50,2]","[62,1]",,TREE
837.8344031743488,NETWORK_REPLY,"[0,254]",29,"[43,1]","[58,1]",,TREE
837.8344038224726,NETWORK_REPLY,"[0,254]",55,"[50,4]","[62,2]",,TREE
837.8344520404303,NETWORK_REPLY,"[0,254]",39,"[43,2]","[58,1]",,TREE
837.8344748153419,NETWORK_REPLY,"[0,254]",66,"[56,1]","[62,2]",,TREE
837.8344809393609,NETWORK_REPLY,"[0,254]",55,"[50,4]","[62,1]",,TREE
837.8345410394296,NETWORK_REPLY,"[0,254]",49,"[47,1]","[58,1]",,TREE
837.8345519322302,NETWORK_REPLY,"[0,254]",66,"[56,1]","[62,1]",,TREE
837.8345540558582,NETWORK_REPLY,"[0,254]",67,"[56,2]","[62,2]",,MESH
837.8345890348348,NETWORK_REPLY,"[0,254]",59,"[47,3]","[58,1]",,TREE
837.8346311727465,NETWORK_REPLY,"[0,254]",67,"[56,2]","[62,1]",,MESH
837.8346355921051,NETWORK_REPLY,"[0,254]",69,"[58,254]","[58,1]",,TREE
837.8346413896753,NETWORK_REPLY,"[0,254]",77,"[62,2]","[62,2]",,DIRECT
837.8347151987865,NETWORK_REPLY,"[0,254]",79,"[58,1]","[58,1]",,DIRECT
837.8347185065636,NETWORK_REPLY,"[0,254]",77,"[62,1]","[62,1]",,DIRECT
842.8336894045754,NETWORK_REQUEST,"[57,5]",83,"[57,254]","[0,254]",,TREE
842.833730017371,NETWORK_REQUEST,"[57,6]",73,"[57,254]","[0,254]",,TREE
842.8337621084991,NETWORK_REQUEST,"[57,6]",73,"[57,254]","[0,254]",,TREE
842.8337746477931,NETWORK_REQUEST,"[57,5]",74,"[50,5]","[0,254]",,TREE
842.8338089499796,NETWORK_REQUEST,"[57,6]",74,"[50,5]","[0,254]",,TREE
842.8338410411077,NETWORK_REQUEST,"[57,6]",74,"[50,5]","[0,254]",,TREE
842.8338453471927,NETWORK_REQUEST,"[57,5]",64,"[50,254]","[0,254]",,TREE
842.8338796493791,NETWORK_REQUEST,"[57,6]",64,"[50,254]","[0,254]",,TREE
842.8339117405072,NETWORK_REQUEST,"[57,6]",64,"[50,254]","[0,254]",,TREE
842.8339207600893,NETWORK_REQUEST,"[57,5]",55,"[2,6]","[0,254]",,TREE
842.8339550622758,NETWORK_REQUEST,"[57,6]",55,"[2,6]","[0,254]",,TREE
842.8339871534039,NETWORK_REQUEST,"[57,6]",55,"[2,6]","[0,254]",,TREE
842.8340073648294,NETWORK_REQUEST,"[57,5]",46,"[2,254]","[0,254]",,TREE
842.8340416670159,NETWORK_REQUEST,"[57,6]",46,"[2,254]","[0,254]",,TREE
842.834073758144,NETWORK_REQUEST,"[57,6]",46,"[2,254]","[0,254]",,TREE
842.8340785673813,NETWORK_REQUEST,"[57,5]",36,"[0,2]","[0,254]",,TREE
842.8341128695678,NETWORK_REQUEST,"[57,6]",36,"[0,2]","[0,254]",,TREE
842.8341449606959,NETWORK_REQUEST,"[57,6]",36,"[0,2]","[0,254]",,TREE
842.8341491494385,NETWORK_REQUEST,"[57,5]",27,"[0,254]","[0,254]",,DIRECT
842.834183451625,NETWORK_REQUEST,"[57,6]",27,"[0,254]","[0,254]",,DIRECT
842.8342125226311,NETWORK_REPLY,"[0,254]",17,"[0,2]","[57,5]",,TREE
842.8342155427531,NETWORK_REQUEST,"[57,6]",27,"[0,254]","[0,254]",,DIRECT
842.8342468248176,NETWORK_REPLY,"[0,254]",17,"[0,2]","[57,6]",,TREE
842.8342758958237,NETWORK_REPLY,"[0,254]",27,"[2,1]","[57,5]",,TREE
842.8342789159457,NETWORK_REPLY,"[0,254]",17,"[0,2]","[57,6]",,TREE
842.8343101980101,NETWORK_REPLY,"[0,254]",27,"[2,1]","[57,6]",,TREE
842.8343422891382,NETWORK_REPLY,"[0,254]",27,"[2,1]","[57,6]",,TREE
842.8343464778809,NETWORK_REPLY,"[0,254]",36,"[2,6]","[57,5]",,TREE
842.8343807800674,NETWORK_REPLY,"[0,254]",36,"[2,6]","[57,6]",,TREE
842.8344128711955,NETWORK_REPLY,"[0,254]",36,"[2,6]","[57,6]",,TREE
842.8344176804328,NETWORK_REPLY,"[0,254]",46,"[50,2]","[57,5]",,TREE
842.8344519826193,NETWORK_REPLY,"[0,254]",46,"[50,2]","[57,6]",,TREE
842.8344840737474,NETWORK_REPLY,"[0,254]",46,"[50,2]","[57,6]",,TREE
842.8345042851729,NETWORK_REPLY,"[0,254]",55,"[50,5]","[57,5]",,TREE
842.8345385873594,NETWORK_REPLY,"[0,254]",55,"[50,5]","[57,6]",,TREE
842.8345706784875,NETWORK_REPLY,"[0,254]",55,"[50,5]","[57,6]",,TREE
842.8345796980695,NETWORK_REPLY,"[0,254]",64,"[57,2]","[57,5]",,TREE
842.834614000256,NETWORK_REPLY,"[0,254]",64,"[57,2]","[57,6]",,TREE
842.8346460913841,NETWORK_REPLY,"[0,254]",64,"[57,2]","[57,6]",,TREE
842.8346503974691,NETWORK_REPLY,"[0,254]",74,"[57,5]","[57,5]",,DIRECT
842.8346846996556,NETWORK_REPLY,"[0,254]",74,"[57,6]","[57,6]",,DIRECT
842.8347167907837,NETWORK_REPLY,"[0,254]",74,"[57,6]","[57,6]",,DIRECT
847.8336141881431,NETWORK_REQUEST,"[64,3]",81,"[64,254]","[0,254]",,TREE
847.8336624569263,NETWORK_REQUEST,"[64,3]",82,"[57,5]","[0,254]",,TREE
847.8337149616804,NETWORK_REQUEST,"[64,3]",83,"[57,254]","[0,254]",,TREE
847.8338002048981,NETWORK_REQUEST,"[64,3]",74,"[50,5]","[0,254]",,TREE
847.8338709042977,NETWORK_REQUEST,"[64,3]",64,"[50,254]","[0,254]",,TREE
847.8339463171943,NETWORK_REQUEST,"[64,3]",55,"[2,6]","[0,254]",,TREE
847.8340329219344,NETWORK_REQUEST,"[64,3]",46,"[2,254]","[0,254]",,TREE
847.8341041244863,NETWORK_REQUEST,"[64,3]",36,"[0,2]","[0,254]",,TREE
847.8341747065435,NETWORK_REQUEST,"[64,3]",27,"[0,254]","[0,254]",,DIRECT
847.8342380797361,NETWORK_REPLY,"[0,254]",17,"[0,2]","[64,3]",,TREE
847.8343014529287,NETWORK_REPLY,"[0,254]",27,"[2,1]","[64,3]",,TREE
847.8343720349859,NETWORK_REPLY,"[0,254]",36,"[2,6]","[64,3]",,TREE
847.8344432375378,NETWORK_REPLY,"[0,254]",46,"[50,2]","[64,3]",,TREE
847.8345298422779,NETWORK_REPLY,"[0,254]",55,"[50,5]","[64,3]",,TREE
847.8346052551746,NETWORK_REPLY,"[0,254]",64,"[57,2]","[64,3]",,TREE
847.8346759545741,NETWORK_REPLY,"[0,254]",74,"[57,5]","[64,3]",,TREE
847.8347611977919,NETWORK_REPLY,"[0,254]",83,"[64,2]","[64,3]",,MESH
847.834813702546,NETWORK_REPLY,"[0,254]",82,"[64,3]","[64,3]",,DIRECT
850.3174795404462,NETWORK_REQUEST,"[69,2]",53,"[69,254]","[0,254]",,TREE
850.3175221807682,NETWORK_REQUEST,"[69,2]",63,"[57,6]","[0,254]",,TREE
850.3175828724326,NETWORK_REQUEST,"[49,3]",24,"[49,254]","[0,254]",,TREE
850.3175884051254,NETWORK_REQUEST,"[69,2]",73,"[57,254]","[0,254]",,TREE
850.3176673377341,NETWORK_REQUEST,"[69,2]",74,"[50,5]","[0,254]",,TREE
850.3176733862946,NETWORK_REQUEST,"[49,3]",15,"[0,1]","[0,254]",,TREE
850.3177100787382,NETWORK_REQUEST,"[49,3]",16,"[0,254]","[0,254]",,DIRECT
850.3177380371336,NETWORK_REQUEST,"[69,2]",64,"[50,254]","[0,254]",,TREE
850.3177921805686,NETWORK_REPLY,"[0,254]",17,"[0,1]","[49,3]",,TREE
850.3178134500303,NETWORK_REQUEST,"[69,2]",55,"[2,6]","[0,254]",,TREE
850.3178742823991,NETWORK_REPLY,"[0,254]",16,"[49,254]","[49,3]",,TREE
850.3179000547703,NETWORK_REQUEST,"[69,2]",46,"[2,254]","[0,254]",,TREE
850.3179109748427,NETWORK_REPLY,"[0,254]",15,"[49,3]","[49,3]",,DIRECT
850.3179712573223,NETWORK_REQUEST,"[69,2]",36,"[0,2]","[0,254]",,TREE
850.3180418393795,NETWORK_REQUEST,"[69,2]",27,"[0,254]","[0,254]",,DIRECT
850.318105212572,NETWORK_REPLY,"[0,254]",17,"[0,2]","[69,2]",,TREE
850.3181685857646,NETWORK_REPLY,"[0,254]",27,"[2,1]","[69,2]",,TREE
850.3182391678218,NETWORK_REPLY,"[0,254]",36,"[2,6]","[69,2]",,TREE
850.3183103703738,NETWORK_REPLY,"[0,254]",46,"[50,2]","[69,2]",,TREE
850.3183969751138,NETWORK_REPLY,"[0,254]",55,"[50,5]","[69,2]",,TREE
850.3184723880105,NETWORK_REPLY,"[0,254]",64,"[57,2]","[69,2]",,TREE
850.31854308741,NETWORK_REPLY,"[0,254]",74,"[57,6]","[69,2]",,TREE
850.3186220200187,NETWORK_REPLY,"[0,254]",73,"[69,254]","[69,2]",,TREE
850.318688244376,NETWORK_REPLY,"[0,254]",63,"[69,2]","[69,2]",,DIRECT
857.8336708378256,NETWORK_REQUEST,"[69,3]",62,"[69,254]","[0,254]",,TREE
857.8337148845609,NETWORK_REQUEST,"[71,1]",91,"[71,254]","[0,254]",,TREE
857.8337191281806,NETWORK_REQUEST,"[69,3]",63,"[57,6]","[0,254]",,TREE
857.8337788598205,NETWORK_REQUEST,"[71,1]",81,"[64,254]","[0,254]",,TREE
857.8337853525379,NETWORK_REQUEST,"[69,3]",73,"[57,254]","[0,254]",,TREE
857.8338271286037,NETWORK_REQUEST,"[71,1]",82,"[57,5]","[0,254]",,TREE
857.8338642851465,NETWORK_REQUEST,"[69,3]",74,"[50,5]","[0,254]",,TREE
857.8338796333578,NETWORK_REQUEST,"[71,1]",83,"[57,254]","[0,254]",,TREE
857.8339349845461,NETWORK_REQUEST,"[69,3]",64,"[50,254]","[0,254]",,TREE
857.8339648765756,NETWORK_REQUEST,"[71,1]",74,"[50,5]","[0,254]",,TREE
857.8340103974427,NETWORK_REQUEST,"[69,3]",55,"[2,6]","[0,254]",,TREE
857.8340355759751,NETWORK_REQUEST,"[71,1]",64,"[50,254]","[0,254]",,TREE
857.8340970021828,NETWORK_REQUEST,"[69,3]",46,"[2,254]","[0,254]",,TREE
857.8341109888718,NETWORK_REQUEST,"[71,1]",55,"[2,6]","[0,254]",,TREE
857.8341682047347,NETWORK_REQUEST,"[69,3]",36,"[0,2]","[0,254]",,TREE
857.8341975936119,NETWORK_REQUEST,"[71,1]",46,"[2,254]","[0,254]",,TREE
857.834238786792,NETWORK_REQUEST,"[69,3]",27,"[0,254]","[0,254]",,DIRECT
857.8342687961638,NETWORK_REQUEST,"[71,1]",36,"[0,2]","[0,254]",,TREE
857.8343021599845,NETWORK_REPLY,"[0,254]",17,"[0,2]","[69,3]",,TREE
857.834339378221,NETWORK_REQUEST,"[71,1]",27,"[0,254]","[0,254]",,DIRECT
857.8343655331771,NETWORK_REPLY,"[0,254]",27,"[2,1]","[69,3]",,TREE
857.8344027514136,NETWORK_REPLY,"[0,254]",17,"[0,2]","[71,1]",,TREE
857.8344361152343,NETWORK_REPLY,"[0,254]",36,"[2,6]","[69,3]",,TREE
857.8344661246061,NETWORK_REPLY,"[0,254]",27,"[2,1]","[71,1]",,TREE
857.8345073177862,NETWORK_REPLY,"[0,254]",46,"[50,2]","[69,3]",,TREE
857.8345367066634,NETWORK_REPLY,"[0,254]",36,"[2,6]","[71,1]",,TREE
857.8345939225263,NETWORK_REPLY,"[0,254]",55,"[50,5]","[69,3]",,TREE
857.8346079092153,NETWORK_REPLY,"[0,254]",46,"[50,2]","[71,1]",,TREE
857.834669335423,NETWORK_REPLY,"[0,254]",64,"[57,2]","[69,3]",,TREE
857.8346945139554,NETWORK_REPLY,"[0,254]",55,"[50,5]","[71,1]",,TREE
857.8347400348225,NETWORK_REPLY,"[0,254]",74,"[57,6]","[69,3]",,TREE
857.834769926852,NETWORK_REPLY,"[0,254]",64,"[57,2]","[71,1]",,TREE
857.8348189674311,NETWORK_REPLY,"[0,254]",73,"[69,3]","[69,3]",,DIRECT
857.8348406262515,NETWORK_REPLY,"[0,254]",74,"[57,5]","[71,1]",,TREE
857.8349258694693,NETWORK_REPLY,"[0,254]",83,"[64,2]","[71,1]",,TREE
857.8349783742234,NETWORK_REPLY,"[0,254]",82,"[64,3]","[71,1]",,TREE
857.8350266430066,NETWORK_REPLY,"[0,254]",81,"[71,1]","[71,1]",,DIRECT
860.3174181130474,NETWORK_REQUEST,"[52,2]",33,"[52,254]","[0,254]",,TREE
860.3175078732976,NETWORK_REQUEST,"[52,2]",34,"[48,254]","[0,254]",,TREE
860.3175264946827,NETWORK_REQUEST,"[52,2]",33,"[52,254]","[0,254]",,TREE
860.3175516646168,NETWORK_REQUEST,"[52,2]",35,"[2,254]","[0,254]",,TREE
860.3176162549329,NETWORK_REQUEST,"[52,2]",34,"[48,254]","[0,254]",,TREE
860.3176364682275,NETWORK_REQUEST,"[52,2]",36,"[0,2]","[0,254]",,TREE
860.3176600462521,NETWORK_REQUEST,"[52,2]",35,"[2,254]","[0,254]",,TREE
860.3177070502848,NETWORK_REQUEST,"[52,2]",27,"[0,254]","[0,254]",,DIRECT
860.3177448498628,NETWORK_REQUEST,"[52,2]",36,"[0,2]","[0,254]",,TREE
860.3177704234773,NETWORK_REPLY,"[0,254]",17,"[0,2]","[52,2]",,TREE
860.31781058178,NETWORK_REQUEST,"[69,4]",52,"[69,254]","[0,254]",,TREE
860.31781543192,NETWORK_REQUEST,"[52,2]",27,"[0,254]","[0,254]",,DIRECT
860.3178252689486,NETWORK_REQUEST,"[60,4]",3,"[60,254]","[0,254]",,TREE
860.3178337966699,NETWORK_REPLY,"[0,254]",27,"[2,1]","[52,2]",,TREE
860.3178781196436,NETWORK_REQUEST,"[69,4]",63,"[57,6]","[0,254]",,TREE
860.3178788051126,NETWORK_REPLY,"[0,254]",17,"[0,2]","[52,2]",,TREE
860.3179043787271,NETWORK_REPLY,"[0,254]",36,"[2,5]","[52,2]",,TREE
860.317906578019,NETWORK_REQUEST,"[60,4]",4,"[49,1]","[0,254]",,TREE
860.3179421783052,NETWORK_REPLY,"[0,254]",27,"[2,1]","[52,2]",,TREE
860.3179443440009,NETWORK_REQUEST,"[69,4]",73,"[57,254]","[0,254]",,TREE
860.3179679524112,NETWORK_REQUEST,"[60,4]",5,"[49,254]","[0,254]",,TREE
860.3179891823379,NETWORK_REPLY,"[0,254]",35,"[48,1]","[52,2]",,TREE
860.3180127603624,NETWORK_REPLY,"[0,254]",36,"[2,5]","[52,2]",,TREE
860.3180217806652,NETWORK_REQUEST,"[60,4]",15,"[0,1]","[0,254]",,TREE
860.3180232766096,NETWORK_REQUEST,"[69,4]",74,"[50,5]","[0,254]",,TREE
860.3180329736571,NETWORK_REPLY,"[0,254]",34,"[52,2]","[52,2]",,DIRECT
860.3180584731087,NETWORK_REQUEST,"[60,4]",16,"[0,254]","[0,254]",,DIRECT
860.3180939760091,NETWORK_REQUEST,"[69,4]",64,"[50,254]","[0,254]",,TREE
860.3180975639732,NETWORK_REPLY,"[0,254]",35,"[48,1]","[52,2]",,TREE
860.3181405749392,NETWORK_REPLY,"[0,254]",17,"[0,1]","[60,4]",,TREE
860.3181413552924,NETWORK_REPLY,"[0,254]",34,"[52,2]","[52,2]",,DIRECT
860.3181693889057,NETWORK_REQUEST,"[69,4]",55,"[2,6]","[0,254]",,TREE
860.3182226767697,NETWORK_REPLY,"[0,254]",16,"[49,254]","[60,4]",,TREE
860.3182559936458,NETWORK_REQUEST,"[69,4]",46,"[2,254]","[0,254]",,TREE
860.3182593692133,NETWORK_REPLY,"[0,254]",15,"[49,1]","[60,4]",,TREE
860.3183131974672,NETWORK_REPLY,"[0,254]",5,"[60,2]","[60,4]",,MESH
860.3183271961977,NETWORK_REQUEST,"[69,4]",36,"[0,2]","[0,254]",,TREE
860.3183745718594,NETWORK_REPLY,"[0,254]",4,"[60,4]","[60,4]",,DIRECT
860.318397778255,NETWORK_REQUEST,"[69,4]",27,"[0,254]","[0,254]",,DIRECT
860.3184611514475,NETWORK_REPLY,"[0,254]",17,"[0,2]","[69,4]",,TREE
860.3185245246401,NETWORK_REPLY,"[0,254]",27,"[2,1]","[69,4]",,TREE
860.3185951066973,NETWORK_REPLY,"[0,254]",36,"[2,6]","[69,4]",,TREE
860.3186663092492,NETWORK_REPLY,"[0,254]",46,"[50,2]","[69,4]",,TREE
860.3187529139893,NETWORK_REPLY,"[0,254]",55,"[50,5]","[69,4]",,TREE
860.318828326886,NETWORK_REPLY,"[0,254]",64,"[57,2]","[69,4]",,TREE
860.3188990262855,NETWORK_REPLY,"[0,254]",74,"[57,6]","[69,4]",,TREE
860.3189779588942,NETWORK_REPLY,"[0,254]",73,"[69,254]","[69,4]",,TREE
860.3190441832514,NETWORK_REPLY,"[0,254]",63,"[69,4]","[69,4]",,DIRECT
870.3174793240745,NETWORK_REQUEST,"[72,3]",32,"[72,254]","[0,254]",,TREE
870.3175604606006,NETWORK_REQUEST,"[72,3]",32,"[72,254]","[0,254]",,TREE
870.3175618032096,NETWORK_REQUEST,"[72,3]",23,"[49,3]","[0,254]",,TREE
870.317633699764,NETWORK_REQUEST,"[72,3]",24,"[49,254]","[0,254]",,TREE
870.3176429397357,NETWORK_REQUEST,"[72,3]",23,"[49,3]","[0,254]",,TREE
870.317672314115,NETWORK_REQUEST,"[72,4]",12,"[72,254]","[0,254]",,TREE
870.3177148362901,NETWORK_REQUEST,"[72,3]",24,"[49,254]","[0,254]",,TREE
870.3177196662864,NETWORK_REQUEST,"[72,4]",12,"[72,254]","[0,254]",,TREE
870.317724213626,NETWORK_REQUEST,"[72,3]",15,"[0,1]","[0,254]",,TREE
870.3177490023148,NETWORK_REQUEST,"[72,4]",23,"[49,3]","[0,254]",,TREE
870.3177609060696,NETWORK_REQUEST,"[72,3]",16,"[0,254]","[0,254]",,DIRECT
870.3177963544862,NETWORK_REQUEST,"[72,4]",23,"[49,3]","[0,254]",,TREE
870.3178053501521,NETWORK_REQUEST,"[72,3]",15,"[0,1]","[0,254]",,TREE
870.3178208988692,NETWORK_REQUEST,"[72,4]",24,"[49,254]","[0,254]",,TREE
870.3178420425957,NETWORK_REQUEST,"[72,3]",16,"[0,254]","[0,254]",,DIRECT
870.3178430079,NETWORK_REPLY,"[0,254]",17,"[0,1]","[72,3]",,TREE
870.3178682510405,NETWORK_REQUEST,"[72,4]",24,"[49,254]","[0,254]",,TREE
870.3179114127312,NETWORK_REQUEST,"[72,4]",15,"[0,1]","[0,254]",,TREE
870.3179241444261,NETWORK_REPLY,"[0,254]",17,"[0,1]","[72,3]",,TREE
870.3179251097305,NETWORK_REPLY,"[0,254]",16,"[49,254]","[72,3]",,TREE
870.3179481051748,NETWORK_REQUEST,"[72,4]",16,"[0,254]","[0,254]",,DIRECT
870.3179587649025,NETWORK_REQUEST,"[72,4]",15,"[0,1]","[0,254]",,TREE
870.3179618021741,NETWORK_REPLY,"[0,254]",15,"[49,3]","[72,3]",,TREE
870.3179954573461,NETWORK_REQUEST,"[72,4]",16,"[0,254]","[0,254]",,DIRECT
870.3180062462566,NETWORK_REPLY,"[0,254]",16,"[49,254]","[72,3]",,TREE
870.3180302070052,NETWORK_REPLY,"[0,254]",17,"[0,1]","[72,4]",,TREE
870.3180429387002,NETWORK_REPLY,"[0,254]",15,"[49,3]","[72,3]",,TREE
870.3180523160361,NETWORK_REPLY,"[0,254]",24,"[72,1]","[72,3]",,MESH
870.3180775591766,NETWORK_REPLY,"[0,254]",17,"[0,1]","[72,4]",,TREE
870.3181123088357,NETWORK_REPLY,"[0,254]",16,"[49,254]","[72,4]",,TREE
870.3181242125904,NETWORK_REPLY,"[0,254]",23,"[72,3]","[72,3]",,DIRECT
870.3181334525622,NETWORK_REPLY,"[0,254]",24,"[72,1]","[72,3]",,MESH
870.3181490012793,NETWORK_REPLY,"[0,254]",15,"[49,3]","[72,4]",,TREE
870.318159661007,NETWORK_REPLY,"[0,254]",16,"[49,254]","[72,4]",,TREE
870.3181963534506,NETWORK_REPLY,"[0,254]",15,"[49,3]","[72,4]",,TREE
870.3182053491165,NETWORK_REPLY,"[0,254]",23,"[72,3]","[72,3]",,DIRECT
870.3182395151413,NETWORK_REPLY,"[0,254]",24,"[72,1]","[72,4]",,MESH
870.3182868673126,NETWORK_REPLY,"[0,254]",24,"[72,1]","[72,4]",,MESH
870.3183114116956,NETWORK_REPLY,"[0,254]",23,"[72,4]","[72,4]",,DIRECT
870.318358763867,NETWORK_REPLY,"[0,254]",23,"[72,4]","[72,4]",,DIRECT
880.3176319687608,NETWORK_REQUEST,"[79,2]",31,"[79,254]","[0,254]",,TREE
880.3176490927898,NETWORK_REQUEST,"[80,2]",11,"[80,254]","[0,254]",,TREE
880.3176979506895,NETWORK_REQUEST,"[79,2]",32,"[72,254]","[0,254]",,TREE
880.317715093894,NETWORK_REQUEST,"[80,2]",12,"[72,254]","[0,254]",,TREE
880.3177804298247,NETWORK_REQUEST,"[79,2]",23,"[49,3]","[0,254]",,TREE
880.3177917820938,NETWORK_REQUEST,"[80,2]",23,"[49,3]","[0,254]",,TREE
880.3178079521658,NETWORK_REQUEST,"[80,2]",11,"[80,254]","[0,254]",,TREE
880.3178262868571,NETWORK_REQUEST,"[80,2]",11,"[80,254]","[0,254]",,TREE
880.317852326379,NETWORK_REQUEST,"[79,2]",24,"[49,254]","[0,254]",,TREE
880.3178636786481,NETWORK_REQUEST,"[80,2]",24,"[49,254]","[0,254]",,TREE
880.3178657125358,NETWORK_REQUEST,"[78,4]",60,"[78,254]","[0,254]",,TREE
880.31787395327,NETWORK_REQUEST,"[80,2]",12,"[72,254]","[0,254]",,TREE
880.3178922879613,NETWORK_REQUEST,"[80,2]",12,"[72,254]","[0,254]",,TREE
880.3179176292654,NETWORK_REQUEST,"[77,2]",1,"[77,254]","[0,254]",,TREE
880.317942840241,NETWORK_REQUEST,"[79,2]",15,"[0,1]","[0,254]",,TREE
880.3179485741874,NETWORK_REQUEST,"[78,4]",51,"[69,4]","[0,254]",,TREE
880.3179506414698,NETWORK_REQUEST,"[80,2]",23,"[49,3]","[0,254]",,TREE
880.3179541925101,NETWORK_REQUEST,"[80,2]",15,"[0,1]","[0,254]",,TREE
880.3179603516137,NETWORK_REQUEST,"[77,2]",2,"[60,4]","[0,254]",,TREE
880.3179689761611,NETWORK_REQUEST,"[80,2]",23,"[49,3]","[0,254]",,TREE
880.3179795326846,NETWORK_REQUEST,"[79,2]",16,"[0,254]","[0,254]",,DIRECT
880.3179908849537,NETWORK_REQUEST,"[80,2]",16,"[0,254]","[0,254]",,DIRECT
880.3180225380241,NETWORK_REQUEST,"[80,2]",24,"[49,254]","[0,254]",,TREE
880.3180358295041,NETWORK_REQUEST,"[78,4]",52,"[69,254]","[0,254]",,TREE
880.3180408727154,NETWORK_REQUEST,"[80,2]",24,"[49,254]","[0,254]",,TREE
880.3180416623213,NETWORK_REQUEST,"[77,2]",3,"[60,254]","[0,254]",,TREE
880.3180616345151,NETWORK_REPLY,"[0,254]",17,"[0,1]","[79,2]",,TREE
880.3180729867842,NETWORK_REPLY,"[0,254]",17,"[0,1]","[80,2]",,TREE
880.3181033673677,NETWORK_REQUEST,"[78,4]",63,"[57,6]","[0,254]",,TREE
880.3181130518861,NETWORK_REQUEST,"[80,2]",15,"[0,1]","[0,254]",,TREE
880.3181229713917,NETWORK_REQUEST,"[77,2]",4,"[49,1]","[0,254]",,TREE
880.3181313865774,NETWORK_REQUEST,"[80,2]",15,"[0,1]","[0,254]",,TREE
880.3181437363455,NETWORK_REPLY,"[0,254]",16,"[49,254]","[79,2]",,TREE
880.3181497443297,NETWORK_REQUEST,"[80,2]",16,"[0,254]","[0,254]",,DIRECT
880.3181550886146,NETWORK_REPLY,"[0,254]",16,"[49,254]","[80,2]",,TREE
880.318168079021,NETWORK_REQUEST,"[80,2]",16,"[0,254]","[0,254]",,DIRECT
880.318169591725,NETWORK_REQUEST,"[78,4]",73,"[57,254]","[0,254]",,TREE
880.3181804287891,NETWORK_REPLY,"[0,254]",15,"[49,3]","[79,2]",,TREE
880.318184345784,NETWORK_REQUEST,"[77,2]",5,"[49,254]","[0,254]",,TREE
880.3181917810582,NETWORK_REPLY,"[0,254]",15,"[49,3]","[80,2]",,TREE
880.3182318461602,NETWORK_REPLY,"[0,254]",17,"[0,1]","[80,2]",,TREE
880.3182381740379,NETWORK_REQUEST,"[77,2]",15,"[0,1]","[0,254]",,TREE
880.3182485243336,NETWORK_REQUEST,"[78,4]",74,"[50,5]","[0,254]",,TREE
880.3182501808515,NETWORK_REPLY,"[0,254]",17,"[0,1]","[80,2]",,TREE
880.3182709426511,NETWORK_REPLY,"[0,254]",24,"[72,1]","[79,2]",,TREE
880.3182748664815,NETWORK_REQUEST,"[77,2]",16,"[0,254]","[0,254]",,DIRECT
880.3182822949202,NETWORK_REPLY,"[0,254]",24,"[72,1]","[80,2]",,TREE
880.3183139479906,NETWORK_REPLY,"[0,254]",16,"[49,254]","[80,2]",,TREE
880.3183192237332,NETWORK_REQUEST,"[78,4]",64,"[50,254]","[0,254]",,TREE
880.3183322826819,NETWORK_REPLY,"[0,254]",16,"[49,254]","[80,2]",,TREE
880.3183428392055,NETWORK_REPLY,"[0,254]",23,"[72,3]","[79,2]",,MESH
880.3183506404342,NETWORK_REPLY,"[0,254]",15,"[49,3]","[80,2]",,TREE
880.3183541914746,NETWORK_REPLY,"[0,254]",23,"[72,4]","[80,2]",,MESH
880.318356968312,NETWORK_REPLY,"[0,254]",17,"[0,1]","[77,2]",,TREE
880.3183689751255,NETWORK_REPLY,"[0,254]",15,"[49,3]","[80,2]",,TREE
880.3183946366298,NETWORK_REQUEST,"[78,4]",55,"[2,6]","[0,254]",,TREE
880.3184253183406,NETWORK_REPLY,"[0,254]",32,"[79,2]","[79,2]",,DIRECT
880.3184308796743,NETWORK_REPLY,"[0,254]",12,"[80,2]","[80,2]",,DIRECT
880.3184390701424,NETWORK_REPLY,"[0,254]",16,"[49,254]","[77,2]",,TREE
880.3184411542962,NETWORK_REPLY,"[0,254]",24,"[72,1]","[80,2]",,TREE
880.3184594889875,NETWORK_REPLY,"[0,254]",24,"[72,1]","[80,2]",,TREE
880.318475762586,NETWORK_REPLY,"[0,254]",15,"[49,1]","[77,2]",,TREE
880.3184812413699,NETWORK_REQUEST,"[78,4]",46,"[2,254]","[0,254]",,TREE
880.3185130508506,NETWORK_REPLY,"[0,254]",23,"[72,4]","[80,2]",,MESH
880.31852959084,NETWORK_REPLY,"[0,254]",5,"[60,2]","[77,2]",,TREE
880.3185313855419,NETWORK_REPLY,"[0,254]",23,"[72,4]","[80,2]",,MESH
880.3185524439218,NETWORK_REQUEST,"[78,4]",36,"[0,2]","[0,254]",,TREE
880.3185897390504,NETWORK_REPLY,"[0,254]",12,"[80,2]","[80,2]",,DIRECT
880.3185909652321,NETWORK_REPLY,"[0,254]",4,"[60,4]","[77,2]",,TREE
880.3186080737416,NETWORK_REPLY,"[0,254]",12,"[80,2]","[80,2]",,DIRECT
880.318623025979,NETWORK_REQUEST,"[78,4]",27,"[0,254]","[0,254]",,DIRECT
880.3186722743026,NETWORK_REPLY,"[0,254]",3,"[77,1]","[77,2]",,MESH
880.3186863991716,NETWORK_REPLY,"[0,254]",17,"[0,2]","[78,4]",,TREE
880.3187497723642,NETWORK_REPLY,"[0,254]",27,"[2,1]","[78,4]",,TREE
880.3187535850102,NETWORK_REPLY,"[0,254]",2,"[77,2]","[77,2]",,DIRECT
880.3188203544214,NETWORK_REPLY,"[0,254]",36,"[2,6]","[78,4]",,TREE
880.3188915569733,NETWORK_REPLY,"[0,254]",46,"[50,2]","[78,4]",,TREE
880.3189781617134,NETWORK_REPLY,"[0,254]",55,"[50,5]","[78,4]",,TREE
880.31905357461,NETWORK_REPLY,"[0,254]",64,"[57,2]","[78,4]",,TREE
880.3191242740096,NETWORK_REPLY,"[0,254]",74,"[57,6]","[78,4]",,TREE
880.3192032066182,NETWORK_REPLY,"[0,254]",73,"[69,254]","[78,4]",,TREE
880.3192694309755,NETWORK_REPLY,"[0,254]",63,"[69,4]","[78,4]",,TREE
880.3193369688391,NETWORK_REPLY,"[0,254]",52,"[78,1]","[78,4]",,MESH
880.3194242241558,NETWORK_REPLY,"[0,254]",51,"[78,4]","[78,4]",,DIRECT
895.3185897039623,NETWORK_REQUEST,"[80,2]",11,"[80,254]","[0,254]",,TREE
895.3186083879832,NETWORK_REQUEST,"[80,2]",11,"[80,254]","[0,254]",,TREE
895.3186557050665,NETWORK_REQUEST,"[80,2]",12,"[72,254]","[0,254]",,TREE
895.3186743890874,NETWORK_REQUEST,"[80,2]",12,"[72,254]","[0,254]",,TREE
895.3187323932663,NETWORK_REQUEST,"[80,2]",23,"[49,3]","[0,254]",,TREE
895.3187510772872,NETWORK_REQUEST,"[80,2]",23,"[49,3]","[0,254]",,TREE
895.3188042898206,NETWORK_REQUEST,"[80,2]",24,"[49,254]","[0,254]",,TREE
895.3188229738415,NETWORK_REQUEST,"[80,2]",24,"[49,254]","[0,254]",,TREE
895.3188948036826,NETWORK_REQUEST,"[80,2]",15,"[0,1]","[0,254]",,TREE
895.3189134877035,NETWORK_REQUEST,"[80,2]",15,"[0,1]","[0,254]",,TREE
895.3189314961262,NETWORK_REQUEST,"[80,2]",16,"[0,254]","[0,254]",,DIRECT
895.3189501801471,NETWORK_REQUEST,"[80,2]",16,"[0,254]","[0,254]",,DIRECT
895.3190135979567,NETWORK_REPLY,"[0,254]",17,"[0,1]","[80,2]",,TREE
895.3190322819776,NETWORK_REPLY,"[0,254]",17,"[0,1]","[80,2]",,TREE
895.3190956997871,NETWORK_REPLY,"[0,254]",16,"[49,254]","[80,2]",,TREE
895.319114383808,NETWORK_REPLY,"[0,254]",16,"[49,254]","[80,2]",,TREE
895.3191323922307,NETWORK_REPLY,"[0,254]",15,"[49,3]","[80,2]",,TREE
895.3191510762516,NETWORK_REPLY,"[0,254]",15,"[49,3]","[80,2]",,TREE
895.3192229060927,NETWORK_REPLY,"[0,254]",24,"[72,1]","[80,2]",,TREE
895.3192415901136,NETWORK_REPLY,"[0,254]",24,"[72,1]","[80,2]",,TREE
895.319294802647,NETWORK_REPLY,"[0,254]",23,"[72,4]","[80,2]",,TREE
895.319313486668,NETWORK_REPLY,"[0,254]",23,"[72,4]","[80,2]",,TREE
895.3193714908468,NETWORK_REPLY,"[0,254]",12,"[80,2]","[80,2]",,DIRECT
895.3193901748677,NETWORK_REPLY,"[0,254]",12,"[80,2]","[80,2]",,DIRECT
1307.8338000194249,NETWORK_REQUEST,"[48,3]",45,"[48,254]","[0,254]",,TREE
1307.8338580308346,NETWORK_REQUEST,"[48,3]",35,"[2,254]","[0,254]",,TREE
1307.8339428344455,NETWORK_REQUEST,"[48,3]",36,"[0,2]","[0,254]",,TREE
1307.8340134165028,NETWORK_REQUEST,"[48,3]",27,"[0,254]","[0,254]",,DIRECT
1307.8340767896955,NETWORK_REPLY,"[0,254]",17,"[0,2]","[48,3]",,TREE
1307.8341401628882,NETWORK_REPLY,"[0,254]",27,"[2,1]","[48,3]",,TREE
1307.8341485683593,NETWORK_REQUEST,"[79,1]",43,"[79,254]","[0,254]",,TREE
1307.8342107449455,NETWORK_REPLY,"[0,254]",36,"[2,5]","[48,3]",,TREE
1307.834238742394,NETWORK_REQUEST,"[79,1]",32,"[72,254]","[0,254]",,TREE
1307.8342409224165,NETWORK_REQUEST,"[76,3]",41,"[76,254]","[0,254]",,TREE
1307.8342955485564,NETWORK_REPLY,"[0,254]",35,"[48,3]","[48,3]",,DIRECT
1307.8343012365879,NETWORK_REQUEST,"[76,3]",42,"[52,2]","[0,254]",,TREE
1307.8343212215293,NETWORK_REQUEST,"[79,1]",23,"[49,3]","[0,254]",,TREE
1307.834384390413,NETWORK_REQUEST,"[76,3]",33,"[52,254]","[0,254]",,TREE
1307.8343931180837,NETWORK_REQUEST,"[79,1]",24,"[49,254]","[0,254]",,TREE
1307.8344741506635,NETWORK_REQUEST,"[76,3]",34,"[48,254]","[0,254]",,TREE
1307.834483631946,NETWORK_REQUEST,"[79,1]",15,"[0,1]","[0,254]",,TREE
1307.8345179419828,NETWORK_REQUEST,"[76,3]",35,"[2,254]","[0,254]",,TREE
1307.8345203243896,NETWORK_REQUEST,"[79,1]",16,"[0,254]","[0,254]",,DIRECT
1307.83460242622,NETWORK_REPLY,"[0,254]",17,"[0,1]","[79,1]",,TREE
1307.8346027455937,NETWORK_REQUEST,"[76,3]",36,"[0,2]","[0,254]",,TREE
1307.834673327651,NETWORK_REQUEST,"[76,3]",27,"[0,254]","[0,254]",,DIRECT
1307.8346845280505,NETWORK_REPLY,"[0,254]",16,"[49,254]","[79,1]",,TREE
1307.8347212204942,NETWORK_REPLY,"[0,254]",15,"[49,3]","[79,1]",,TREE
1307.8347367008437,NETWORK_REPLY,"[0,254]",17,"[0,2]","[76,3]",,TREE
1307.8348000740364,NETWORK_REPLY,"[0,254]",27,"[2,1]","[76,3]",,TREE
1307.8348117343564,NETWORK_REPLY,"[0,254]",24,"[72,1]","[79,1]",,TREE
1307.8348706560937,NETWORK_REPLY,"[0,254]",36,"[2,5]","[76,3]",,TREE
1307.8348836309108,NETWORK_REPLY,"[0,254]",23,"[72,3]","[79,1]",,TREE
1307.8349554597046,NETWORK_REPLY,"[0,254]",35,"[48,1]","[76,3]",,TREE
1307.834966110046,NETWORK_REPLY,"[0,254]",32,"[79,1]","[79,1]",,DIRECT
1307.8349992510239,NETWORK_REPLY,"[0,254]",34,"[52,2]","[76,3]",,TREE
1307.8350890112742,NETWORK_REPLY,"[0,254]",33,"[76,2]","[76,3]",,TREE
1307.8351721650995,NETWORK_REPLY,"[0,254]",42,"[76,3]","[76,3]",,DIRECT
1317.8338323940634,NETWORK_REQUEST,"[46,2]",56,"[46,254]","[0,254]",,TREE
1317.833849825896,NETWORK_REQUEST,"[46,2]",56,"[46,254]","[0,254]",,TREE
1317.8339005264634,NETWORK_REQUEST,"[46,2]",57,"[14,1]","[0,254]",,TREE
1317.833917958296,NETWORK_REQUEST,"[46,2]",57,"[14,1]","[0,254]",,TREE
1317.8339271385762,NETWORK_REQUEST,"[46,3]",67,"[46,254]","[0,254]",,TREE
1317.833961814565,NETWORK_REQUEST,"[46,2]",47,"[14,254]","[0,254]",,TREE
1317.8339792463978,NETWORK_REQUEST,"[46,2]",47,"[14,254]","[0,254]",,TREE
1317.834011478807,NETWORK_REQUEST,"[46,3]",57,"[14,1]","[0,254]",,TREE
1317.8340250639035,NETWORK_REQUEST,"[46,2]",38,"[0,2]","[0,254]",,TREE
1317.8340424957362,NETWORK_REQUEST,"[46,2]",38,"[0,2]","[0,254]",,TREE
1317.8340491693887,NETWORK_REQUEST,"[46,3]",67,"[46,254]","[0,254]",,TREE
1317.8340727669088,NETWORK_REQUEST,"[46,3]",47,"[14,254]","[0,254]",,TREE
1317.8341015412118,NETWORK_REQUEST,"[46,2]",27,"[0,254]","[0,254]",,DIRECT
1317.834106564391,NETWORK_REQUEST,"[58,1]",89,"[58,254]","[0,254]",,TREE
1317.8341189730445,NETWORK_REQUEST,"[46,2]",27,"[0,254]","[0,254]",,DIRECT
1317.8341335096195,NETWORK_REQUEST,"[46,3]",57,"[14,1]","[0,254]",,TREE
1317.8341360162472,NETWORK_REQUEST,"[46,3]",38,"[0,2]","[0,254]",,TREE
1317.8341520241424,NETWORK_REQUEST,"[76,4]",52,"[76,254]","[0,254]",,TREE
1317.8341649144045,NETWORK_REPLY,"[0,254]",17,"[0,2]","[46,2]",,TREE
1317.8341823462372,NETWORK_REPLY,"[0,254]",17,"[0,2]","[46,2]",,TREE
1317.83418696624,NETWORK_REQUEST,"[58,1]",79,"[47,3]","[0,254]",,TREE
1317.8341947977212,NETWORK_REQUEST,"[46,3]",47,"[14,254]","[0,254]",,TREE
1317.8342060786986,NETWORK_REQUEST,"[58,1]",89,"[58,254]","[0,254]",,TREE
1317.8342124935555,NETWORK_REQUEST,"[46,3]",27,"[0,254]","[0,254]",,DIRECT
1317.8342282875972,NETWORK_REPLY,"[0,254]",27,"[14,254]","[46,2]",,TREE
1317.8342299898632,NETWORK_REQUEST,"[76,4]",42,"[52,2]","[0,254]",,TREE
1317.8342457194299,NETWORK_REPLY,"[0,254]",27,"[14,254]","[46,2]",,TREE
1317.8342580470596,NETWORK_REQUEST,"[46,3]",38,"[0,2]","[0,254]",,TREE
1317.8342665729215,NETWORK_REQUEST,"[58,1]",69,"[47,254]","[0,254]",,TREE
1317.8342758667482,NETWORK_REPLY,"[0,254]",17,"[0,2]","[46,3]",,TREE
1317.8342864805475,NETWORK_REQUEST,"[58,1]",79,"[47,3]","[0,254]",,TREE
1317.8343047649055,NETWORK_REPLY,"[0,254]",38,"[14,1]","[46,2]",,TREE
1317.834313130192,NETWORK_REQUEST,"[58,1]",59,"[43,2]","[0,254]",,TREE
1317.8343131436884,NETWORK_REQUEST,"[76,4]",33,"[52,254]","[0,254]",,TREE
1317.8343221967382,NETWORK_REPLY,"[0,254]",38,"[14,1]","[46,2]",,TREE
1317.834334524368,NETWORK_REQUEST,"[46,3]",27,"[0,254]","[0,254]",,DIRECT
1317.8343392399408,NETWORK_REPLY,"[0,254]",27,"[14,254]","[46,3]",,TREE
1317.8343611255973,NETWORK_REQUEST,"[58,1]",49,"[43,254]","[0,254]",,TREE
1317.834366087229,NETWORK_REQUEST,"[58,1]",69,"[47,254]","[0,254]",,TREE
1317.8343680142439,NETWORK_REPLY,"[0,254]",47,"[46,1]","[46,2]",,TREE
1317.8343854460766,NETWORK_REPLY,"[0,254]",47,"[46,1]","[46,2]",,TREE
1317.8343978975606,NETWORK_REPLY,"[0,254]",17,"[0,2]","[46,3]",,TREE
1317.8344029039388,NETWORK_REQUEST,"[76,4]",34,"[48,254]","[0,254]",,TREE
1317.8344126444995,NETWORK_REQUEST,"[58,1]",59,"[43,2]","[0,254]",,TREE
1317.8344157172492,NETWORK_REPLY,"[0,254]",38,"[14,1]","[46,3]",,TREE
1317.8344293023456,NETWORK_REPLY,"[0,254]",57,"[46,2]","[46,2]",,DIRECT
1317.834446695258,NETWORK_REQUEST,"[76,4]",35,"[2,254]","[0,254]",,TREE
1317.8344467341783,NETWORK_REPLY,"[0,254]",57,"[46,2]","[46,2]",,DIRECT
1317.8344501245967,NETWORK_REQUEST,"[58,1]",39,"[4,2]","[0,254]",,TREE
1317.8344606399048,NETWORK_REQUEST,"[58,1]",49,"[43,254]","[0,254]",,TREE
1317.8344612707533,NETWORK_REPLY,"[0,254]",27,"[14,254]","[46,3]",,TREE
1317.8344789665875,NETWORK_REPLY,"[0,254]",47,"[46,1]","[46,3]",,TREE
1317.8344989906784,NETWORK_REQUEST,"[58,1]",29,"[4,254]","[0,254]",,TREE
1317.834531498869,NETWORK_REQUEST,"[76,4]",36,"[0,2]","[0,254]",,TREE
1317.8345377480616,NETWORK_REPLY,"[0,254]",38,"[14,1]","[46,3]",,TREE
1317.8345402546893,NETWORK_REPLY,"[0,254]",57,"[46,3]","[46,3]",,DIRECT
1317.8345496389043,NETWORK_REQUEST,"[58,1]",39,"[4,2]","[0,254]",,TREE
1317.8345647110339,NETWORK_REQUEST,"[58,1]",28,"[0,3]","[0,254]",,TREE
1317.834598504986,NETWORK_REQUEST,"[58,1]",29,"[4,254]","[0,254]",,TREE
1317.8346009974,NETWORK_REPLY,"[0,254]",47,"[46,1]","[46,3]",,TREE
1317.8346020809263,NETWORK_REQUEST,"[76,4]",27,"[0,254]","[0,254]",,DIRECT
1317.8346282352327,NETWORK_REQUEST,"[58,1]",18,"[0,254]","[0,254]",,DIRECT
1317.8346622855017,NETWORK_REPLY,"[0,254]",57,"[46,3]","[46,3]",,DIRECT
1317.8346642253414,NETWORK_REQUEST,"[58,1]",28,"[0,3]","[0,254]",,TREE
1317.834665454119,NETWORK_REPLY,"[0,254]",17,"[0,2]","[76,4]",,TREE
1317.834714393329,NETWORK_REPLY,"[0,254]",17,"[0,3]","[58,1]",,TREE
1317.8347277495402,NETWORK_REQUEST,"[58,1]",18,"[0,254]","[0,254]",,DIRECT
1317.8347288273117,NETWORK_REPLY,"[0,254]",27,"[2,1]","[76,4]",,TREE
1317.834799409369,NETWORK_REPLY,"[0,254]",36,"[2,5]","[76,4]",,TREE
1317.8348005514254,NETWORK_REPLY,"[0,254]",18,"[4,1]","[58,1]",,TREE
1317.8348139076365,NETWORK_REPLY,"[0,254]",17,"[0,3]","[58,1]",,TREE
1317.8348640756242,NETWORK_REPLY,"[0,254]",28,"[4,2]","[58,1]",,TREE
1317.83488421298,NETWORK_REPLY,"[0,254]",35,"[48,1]","[76,4]",,TREE
1317.8349000657329,NETWORK_REPLY,"[0,254]",18,"[4,1]","[58,1]",,TREE
1317.8349280042992,NETWORK_REPLY,"[0,254]",34,"[52,2]","[76,4]",,TREE
1317.8349297959796,NETWORK_REPLY,"[0,254]",29,"[43,1]","[58,1]",,TREE
1317.8349635899317,NETWORK_REPLY,"[0,254]",28,"[4,2]","[58,1]",,TREE
1317.8349786620613,NETWORK_REPLY,"[0,254]",39,"[43,2]","[58,1]",,TREE
1317.8350177645495,NETWORK_REPLY,"[0,254]",33,"[76,2]","[76,4]",,TREE
1317.8350293102872,NETWORK_REPLY,"[0,254]",29,"[43,1]","[58,1]",,TREE
1317.8350676610607,NETWORK_REPLY,"[0,254]",49,"[47,1]","[58,1]",,TREE
1317.8350781763688,NETWORK_REPLY,"[0,254]",39,"[43,2]","[58,1]",,TREE
1317.8351009183748,NETWORK_REPLY,"[0,254]",42,"[76,4]","[76,4]",,DIRECT
1317.835115656466,NETWORK_REPLY,"[0,254]",59,"[47,3]","[58,1]",,TREE
1317.8351622137366,NETWORK_REPLY,"[0,254]",69,"[58,254]","[58,1]",,TREE
1317.8351671753683,NETWORK_REPLY,"[0,254]",49,"[47,1]","[58,1]",,TREE
1317.8352151707736,NETWORK_REPLY,"[0,254]",59,"[47,3]","[58,1]",,TREE
1317.835241820418,NETWORK_REPLY,"[0,254]",79,"[58,1]","[58,1]",,DIRECT
1317.835261728044,NETWORK_REPLY,"[0,254]",69,"[58,254]","[58,1]",,TREE
1317.8353413347256,NETWORK_REPLY,"[0,254]",79,"[58,1]","[58,1]",,DIRECT
1327.8339994920666,NETWORK_REQUEST,"[92,1]",62,"[92,254]","[0,254]",,TREE
1327.8340644455368,NETWORK_REQUEST,"[92,1]",62,"[92,254]","[0,254]",,TREE
1327.8340876882232,NETWORK_REQUEST,"[92,1]",52,"[76,254]","[0,254]",,TREE
1327.834106564391,NETWORK_REQUEST,"[58,1]",89,"[58,254]","[0,254]",,TREE
1327.8341526416934,NETWORK_REQUEST,"[92,1]",52,"[76,254]","[0,254]",,TREE
1327.834165653944,NETWORK_REQUEST,"[92,1]",42,"[52,2]","[0,254]",,TREE
1327.83418696624,NETWORK_REQUEST,"[58,1]",79,"[47,3]","[0,254]",,TREE
1327.8342306074142,NETWORK_REQUEST,"[92,1]",42,"[52,2]","[0,254]",,TREE
1327.8342488077692,NETWORK_REQUEST,"[92,1]",33,"[52,254]","[0,254]",,TREE
1327.8342665729215,NETWORK_REQUEST,"[58,1]",69,"[47,254]","[0,254]",,TREE
1327.834313130192,NETWORK_REQUEST,"[58,1]",59,"[43,2]","[0,254]",,TREE
1327.8343137612394,NETWORK_REQUEST,"[92,1]",33,"[52,254]","[0,254]",,TREE
1327.8343155336747,NETWORK_REQUEST,"[92,1]",62,"[92,254]","[0,254]",,TREE
1327.8343385680196,NETWORK_REQUEST,"[92,1]",34,"[48,254]","[0,254]",,TREE
1327.8343611255973,NETWORK_REQUEST,"[58,1]",49,"[43,254]","[0,254]",,TREE
1327.8343823593389,NETWORK_REQUEST,"[92,1]",35,"[2,254]","[0,254]",,TREE
1327.8344035214898,NETWORK_REQUEST,"[92,1]",34,"[48,254]","[0,254]",,TREE
1327.8344037298314,NETWORK_REQUEST,"[92,1]",52,"[76,254]","[0,254]",,TREE
1327.834447312809,NETWORK_REQUEST,"[92,1]",35,"[2,254]","[0,254]",,TREE
1327.8344501245967,NETWORK_REQUEST,"[58,1]",39,"[4,2]","[0,254]",,TREE
1327.8344671629497,NETWORK_REQUEST,"[92,1]",36,"[0,2]","[0,254]",,TREE
1327.834481695552,NETWORK_REQUEST,"[92,1]",42,"[52,2]","[0,254]",,TREE
1327.8344989906784,NETWORK_REQUEST,"[58,1]",29,"[4,254]","[0,254]",,TREE
1327.83453211642,NETWORK_REQUEST,"[92,1]",36,"[0,2]","[0,254]",,TREE
1327.834537745007,NETWORK_REQUEST,"[92,1]",27,"[0,254]","[0,254]",,DIRECT
1327.8345647110339,NETWORK_REQUEST,"[58,1]",28,"[0,3]","[0,254]",,TREE
1327.8345648493773,NETWORK_REQUEST,"[92,1]",33,"[52,254]","[0,254]",,TREE
1327.8346011181998,NETWORK_REPLY,"[0,254]",17,"[0,2]","[92,1]",,TREE
1327.8346026984773,NETWORK_REQUEST,"[92,1]",27,"[0,254]","[0,254]",,DIRECT
1327.8346282352327,NETWORK_REQUEST,"[58,1]",18,"[0,254]","[0,254]",,DIRECT
1327.8346546096277,NETWORK_REQUEST,"[92,1]",34,"[48,254]","[0,254]",,TREE
1327.8346644913925,NETWORK_REPLY,"[0,254]",27,"[2,1]","[92,1]",,TREE
1327.83466607167,NETWORK_REPLY,"[0,254]",17,"[0,2]","[92,1]",,TREE
1327.834698400947,NETWORK_REQUEST,"[92,1]",35,"[2,254]","[0,254]",,TREE
1327.834714393329,NETWORK_REPLY,"[0,254]",17,"[0,3]","[58,1]",,TREE
1327.8347294448627,NETWORK_REPLY,"[0,254]",27,"[2,1]","[92,1]",,TREE
1327.8347350734498,NETWORK_REPLY,"[0,254]",36,"[2,5]","[92,1]",,TREE
1327.8347832045579,NETWORK_REQUEST,"[92,1]",36,"[0,2]","[0,254]",,TREE
1327.83480002692,NETWORK_REPLY,"[0,254]",36,"[2,5]","[92,1]",,TREE
1327.8348005514254,NETWORK_REPLY,"[0,254]",18,"[4,1]","[58,1]",,TREE
1327.8348198770607,NETWORK_REPLY,"[0,254]",35,"[48,1]","[92,1]",,TREE
1327.8348537866152,NETWORK_REQUEST,"[92,1]",27,"[0,254]","[0,254]",,DIRECT
1327.83486366838,NETWORK_REPLY,"[0,254]",34,"[52,2]","[92,1]",,TREE
1327.8348640756242,NETWORK_REPLY,"[0,254]",28,"[4,2]","[58,1]",,TREE
1327.8348848305309,NETWORK_REPLY,"[0,254]",35,"[48,1]","[92,1]",,TREE
1327.834917159808,NETWORK_REPLY,"[0,254]",17,"[0,2]","[92,1]",,TREE
1327.8349286218502,NETWORK_REPLY,"[0,254]",34,"[52,2]","[92,1]",,TREE
1327.8349297959796,NETWORK_REPLY,"[0,254]",29,"[43,1]","[58,1]",,TREE
1327.8349534286303,NETWORK_REPLY,"[0,254]",33,"[76,2]","[92,1]",,TREE
1327.8349786620613,NETWORK_REPLY,"[0,254]",39,"[43,2]","[58,1]",,TREE
1327.8349805330006,NETWORK_REPLY,"[0,254]",27,"[2,1]","[92,1]",,TREE
1327.8350183821005,NETWORK_REPLY,"[0,254]",33,"[76,2]","[92,1]",,TREE
1327.8350365824556,NETWORK_REPLY,"[0,254]",42,"[76,4]","[92,1]",,TREE
1327.835051115058,NETWORK_REPLY,"[0,254]",36,"[2,5]","[92,1]",,TREE
1327.8350676610607,NETWORK_REPLY,"[0,254]",49,"[47,1]","[58,1]",,TREE
1327.8351015359258,NETWORK_REPLY,"[0,254]",42,"[76,4]","[92,1]",,TREE
1327.8351145481763,NETWORK_REPLY,"[0,254]",52,"[92,1]","[92,1]",,DIRECT
1327.835115656466,NETWORK_REPLY,"[0,254]",59,"[47,3]","[58,1]",,TREE
1327.8351359186688,NETWORK_REPLY,"[0,254]",35,"[48,1]","[92,1]",,TREE
1327.8351622137366,NETWORK_REPLY,"[0,254]",69,"[58,254]","[58,1]",,TREE
1327.8351795016465,NETWORK_REPLY,"[0,254]",52,"[92,1]","[92,1]",,DIRECT
1327.835179709988,NETWORK_REPLY,"[0,254]",34,"[52,2]","[92,1]",,TREE
1327.835241820418,NETWORK_REPLY,"[0,254]",79,"[58,1]","[58,1]",,DIRECT
1327.8352694702385,NETWORK_REPLY,"[0,254]",33,"[76,2]","[92,1]",,TREE
1327.8353526240637,NETWORK_REPLY,"[0,254]",42,"[76,4]","[92,1]",,TREE
1327.8354305897844,NETWORK_REPLY,"[0,254]",52,"[92,1]","[92,1]",,DIRECT
1332.8342127345306,NETWORK_REQUEST,"[46,3]",67,"[46,254]","[0,254]",,TREE
1332.8342970747615,NETWORK_REQUEST,"[46,3]",57,"[14,1]","[0,254]",,TREE
1332.8343583628632,NETWORK_REQUEST,"[46,3]",47,"[14,254]","[0,254]",,TREE
1332.8344216122016,NETWORK_REQUEST,"[46,3]",38,"[0,2]","[0,254]",,TREE
1332.83449808951,NETWORK_REQUEST,"[46,3]",27,"[0,254]","[0,254]",,DIRECT
1332.8345614627026,NETWORK_REPLY,"[0,254]",17,"[0,2]","[46,3]",,TREE
1332.8346248358953,NETWORK_REPLY,"[0,254]",27,"[14,254]","[46,3]",,TREE
1332.8347013132036,NETWORK_REPLY,"[0,254]",38,"[14,1]","[46,3]",,TREE
1332.834764562542,NETWORK_REPLY,"[0,254]",47,"[46,1]","[46,3]",,TREE
1332.8348258506437,NETWORK_REPLY,"[0,254]",57,"[46,3]","[46,3]",,DIRECT
1337.8339410800643,NETWORK_REQUEST,"[51,2]",64,"[51,254]","[0,254]",,TREE
1337.8340208301881,NETWORK_REQUEST,"[51,2]",54,"[48,2]","[0,254]",,TREE
1337.8341115415428,NETWORK_REQUEST,"[51,2]",44,"[48,254]","[0,254]",,TREE
1337.8341648591174,NETWORK_REQUEST,"[51,2]",35,"[2,254]","[0,254]",,TREE
1337.8341984941228,NETWORK_REQUEST,"[91,3]",86,"[91,254]","[0,254]",,TREE
1337.8342496627283,NETWORK_REQUEST,"[51,2]",36,"[0,2]","[0,254]",,TREE
1337.8342842029442,NETWORK_REQUEST,"[91,3]",77,"[46,3]","[0,254]",,TREE
1337.8343202447857,NETWORK_REQUEST,"[51,2]",27,"[0,254]","[0,254]",,DIRECT
1337.8343715367614,NETWORK_REQUEST,"[91,3]",67,"[46,254]","[0,254]",,TREE
1337.8343836179783,NETWORK_REPLY,"[0,254]",17,"[0,2]","[51,2]",,TREE
1337.834446991171,NETWORK_REPLY,"[0,254]",27,"[2,1]","[51,2]",,TREE
1337.8344558769923,NETWORK_REQUEST,"[91,3]",57,"[14,1]","[0,254]",,TREE
1337.834517165094,NETWORK_REQUEST,"[91,3]",47,"[14,254]","[0,254]",,TREE
1337.8345175732284,NETWORK_REPLY,"[0,254]",36,"[2,5]","[51,2]",,TREE
1337.8345804144324,NETWORK_REQUEST,"[91,3]",38,"[0,2]","[0,254]",,TREE
1337.8346023768393,NETWORK_REPLY,"[0,254]",35,"[48,2]","[51,2]",,TREE
1337.8346556944139,NETWORK_REPLY,"[0,254]",44,"[51,1]","[51,2]",,TREE
1337.8346568917407,NETWORK_REQUEST,"[91,3]",27,"[0,254]","[0,254]",,DIRECT
1337.8347202649334,NETWORK_REPLY,"[0,254]",17,"[0,2]","[91,3]",,TREE
1337.8347464057686,NETWORK_REPLY,"[0,254]",54,"[51,2]","[51,2]",,DIRECT
1337.834783638126,NETWORK_REPLY,"[0,254]",27,"[14,254]","[91,3]",,TREE
1337.8348601154344,NETWORK_REPLY,"[0,254]",38,"[14,1]","[91,3]",,TREE
1337.8349233647727,NETWORK_REPLY,"[0,254]",47,"[46,1]","[91,3]",,TREE
1337.8349846528745,NETWORK_REPLY,"[0,254]",57,"[46,3]","[91,3]",,TREE
1337.8350689931053,NETWORK_REPLY,"[0,254]",67,"[91,2]","[91,3]",,MESH
1337.8351563269225,NETWORK_REPLY,"[0,254]",77,"[91,3]","[91,3]",,DIRECT
1342.8353267246048,NETWORK_REQUEST,"[92,1]",62,"[92,254]","[0,254]",,TREE
1342.835331855735,NETWORK_REQUEST,"[98,1]",74,"[98,254]","[0,254]",,TREE
1342.8354025551346,NETWORK_REQUEST,"[98,1]",64,"[51,254]","[0,254]",,TREE
1342.8354149207614,NETWORK_REQUEST,"[92,1]",52,"[76,254]","[0,254]",,TREE
1342.8354823052584,NETWORK_REQUEST,"[98,1]",54,"[48,2]","[0,254]",,TREE
1342.8354928864821,NETWORK_REQUEST,"[92,1]",42,"[52,2]","[0,254]",,TREE
1342.8355730166131,NETWORK_REQUEST,"[98,1]",44,"[48,254]","[0,254]",,TREE
1342.8355760403074,NETWORK_REQUEST,"[92,1]",33,"[52,254]","[0,254]",,TREE
1342.8356263341877,NETWORK_REQUEST,"[98,1]",35,"[2,254]","[0,254]",,TREE
1342.8356658005578,NETWORK_REQUEST,"[92,1]",34,"[48,254]","[0,254]",,TREE
1342.835709591877,NETWORK_REQUEST,"[92,1]",35,"[2,254]","[0,254]",,TREE
1342.8357111377986,NETWORK_REQUEST,"[98,1]",36,"[0,2]","[0,254]",,TREE
1342.835781719856,NETWORK_REQUEST,"[98,1]",27,"[0,254]","[0,254]",,DIRECT
1342.835794395488,NETWORK_REQUEST,"[92,1]",36,"[0,2]","[0,254]",,TREE
1342.8358450930486,NETWORK_REPLY,"[0,254]",17,"[0,2]","[98,1]",,TREE
1342.8358649775453,NETWORK_REQUEST,"[92,1]",27,"[0,254]","[0,254]",,DIRECT
1342.8359084662413,NETWORK_REPLY,"[0,254]",27,"[2,1]","[98,1]",,TREE
1342.835928350738,NETWORK_REPLY,"[0,254]",17,"[0,2]","[92,1]",,TREE
1342.8359790482987,NETWORK_REPLY,"[0,254]",36,"[2,5]","[98,1]",,TREE
1342.8359917239306,NETWORK_REPLY,"[0,254]",27,"[2,1]","[92,1]",,TREE
1342.836062305988,NETWORK_REPLY,"[0,254]",36,"[2,5]","[92,1]",,TREE
1342.8360638519096,NETWORK_REPLY,"[0,254]",35,"[48,2]","[98,1]",,TREE
1342.8361171694842,NETWORK_REPLY,"[0,254]",44,"[51,1]","[98,1]",,TREE
1342.8361471095989,NETWORK_REPLY,"[0,254]",35,"[48,1]","[92,1]",,TREE
1342.8361909009182,NETWORK_REPLY,"[0,254]",34,"[52,2]","[92,1]",,TREE
1342.8362078808389,NETWORK_REPLY,"[0,254]",54,"[51,2]","[98,1]",,MESH
1342.8362806611685,NETWORK_REPLY,"[0,254]",33,"[76,2]","[92,1]",,TREE
1342.8362876309627,NETWORK_REPLY,"[0,254]",64,"[98,1]","[98,1]",,DIRECT
1342.8363638149938,NETWORK_REPLY,"[0,254]",42,"[76,4]","[92,1]",,TREE
1342.8364417807145,NETWORK_REPLY,"[0,254]",52,"[92,1]","[92,1]",,DIRECT
1347.8341062121776,NETWORK_REQUEST,"[95,4]",71,"[95,254]","[0,254]",,TREE
1347.8341240551435,NETWORK_REQUEST,"[97,2]",85,"[97,254]","[0,254]",,TREE
1347.8341752039935,NETWORK_REQUEST,"[95,4]",61,"[92,1]","[0,254]",,TREE
1347.834211428527,NETWORK_REQUEST,"[97,2]",76,"[46,3]","[0,254]",,TREE
1347.8342573568732,NETWORK_REQUEST,"[95,4]",62,"[92,254]","[0,254]",,TREE
1347.8342962046843,NETWORK_REQUEST,"[97,2]",67,"[46,254]","[0,254]",,TREE
1347.834339610405,NETWORK_REQUEST,"[95,6]",70,"[95,254]","[0,254]",,TREE
1347.8343455530298,NETWORK_REQUEST,"[95,4]",52,"[76,254]","[0,254]",,TREE
1347.8343805449151,NETWORK_REQUEST,"[97,2]",57,"[14,1]","[0,254]",,TREE
1347.8344142642861,NETWORK_REQUEST,"[95,6]",61,"[92,1]","[0,254]",,TREE
1347.8344235187506,NETWORK_REQUEST,"[95,4]",42,"[52,2]","[0,254]",,TREE
1347.8344418330169,NETWORK_REQUEST,"[97,2]",47,"[14,254]","[0,254]",,TREE
1347.8344964171658,NETWORK_REQUEST,"[95,6]",62,"[92,254]","[0,254]",,TREE
1347.8345050823552,NETWORK_REQUEST,"[97,2]",38,"[0,2]","[0,254]",,TREE
1347.8345066725758,NETWORK_REQUEST,"[95,4]",33,"[52,254]","[0,254]",,TREE
1347.8345815596635,NETWORK_REQUEST,"[97,2]",27,"[0,254]","[0,254]",,DIRECT
1347.8345846133225,NETWORK_REQUEST,"[95,6]",52,"[76,254]","[0,254]",,TREE
1347.8345964328262,NETWORK_REQUEST,"[95,4]",34,"[48,254]","[0,254]",,TREE
1347.8346402241455,NETWORK_REQUEST,"[95,4]",35,"[2,254]","[0,254]",,TREE
1347.8346449328562,NETWORK_REPLY,"[0,254]",17,"[0,2]","[97,2]",,TREE
1347.8346625790432,NETWORK_REQUEST,"[95,6]",42,"[52,2]","[0,254]",,TREE
1347.834708306049,NETWORK_REPLY,"[0,254]",27,"[14,254]","[97,2]",,TREE
1347.8347250277563,NETWORK_REQUEST,"[95,4]",36,"[0,2]","[0,254]",,TREE
1347.8347457328684,NETWORK_REQUEST,"[95,6]",33,"[52,254]","[0,254]",,TREE
1347.8347847833572,NETWORK_REPLY,"[0,254]",38,"[14,1]","[97,2]",,TREE
1347.8347956098137,NETWORK_REQUEST,"[95,4]",27,"[0,254]","[0,254]",,DIRECT
1347.8348354931188,NETWORK_REQUEST,"[95,6]",34,"[48,254]","[0,254]",,TREE
1347.8348480326956,NETWORK_REPLY,"[0,254]",47,"[46,1]","[97,2]",,TREE
1347.8348589830064,NETWORK_REPLY,"[0,254]",17,"[0,2]","[95,4]",,TREE
1347.834879284438,NETWORK_REQUEST,"[95,6]",35,"[2,254]","[0,254]",,TREE
1347.8349093207974,NETWORK_REPLY,"[0,254]",57,"[46,3]","[97,2]",,TREE
1347.834922356199,NETWORK_REPLY,"[0,254]",27,"[2,1]","[95,4]",,TREE
1347.834964088049,NETWORK_REQUEST,"[95,6]",36,"[0,2]","[0,254]",,TREE
1347.8349929382564,NETWORK_REPLY,"[0,254]",36,"[2,5]","[95,4]",,TREE
1347.8349936610282,NETWORK_REPLY,"[0,254]",67,"[97,254]","[97,2]",,TREE
1347.8350346701063,NETWORK_REQUEST,"[95,6]",27,"[0,254]","[0,254]",,DIRECT
1347.8350777418673,NETWORK_REPLY,"[0,254]",35,"[48,1]","[95,4]",,TREE
1347.8350784371855,NETWORK_REPLY,"[0,254]",76,"[97,2]","[97,2]",,DIRECT
1347.835098043299,NETWORK_REPLY,"[0,254]",17,"[0,2]","[95,6]",,TREE
1347.8351215331866,NETWORK_REPLY,"[0,254]",34,"[52,2]","[95,4]",,TREE
1347.8351614164917,NETWORK_REPLY,"[0,254]",27,"[2,1]","[95,6]",,TREE
1347.835211293437,NETWORK_REPLY,"[0,254]",33,"[76,2]","[95,4]",,TREE
1347.835231998549,NETWORK_REPLY,"[0,254]",36,"[2,5]","[95,6]",,TREE
1347.8352944472622,NETWORK_REPLY,"[0,254]",42,"[76,4]","[95,4]",,TREE
1347.83531680216,NETWORK_REPLY,"[0,254]",35,"[48,1]","[95,6]",,TREE
1347.8353605934792,NETWORK_REPLY,"[0,254]",34,"[52,2]","[95,6]",,TREE
1347.835372412983,NETWORK_REPLY,"[0,254]",52,"[92,1]","[95,4]",,TREE
1347.8354503537296,NETWORK_REPLY,"[0,254]",33,"[76,2]","[95,6]",,TREE
1347.8354606091395,NETWORK_REPLY,"[0,254]",62,"[95,3]","[95,4]",,MESH
1347.8355335075548,NETWORK_REPLY,"[0,254]",42,"[76,4]","[95,6]",,TREE
1347.8355427620193,NETWORK_REPLY,"[0,254]",61,"[95,4]","[95,4]",,DIRECT
1347.8356114732755,NETWORK_REPLY,"[0,254]",52,"[92,1]","[95,6]",,TREE
1347.8356996694322,NETWORK_REPLY,"[0,254]",62,"[95,3]","[95,6]",,MESH
1347.835781822312,NETWORK_REPLY,"[0,254]",61,"[95,6]","[95,6]",,DIRECT
1357.8340853332961,NETWORK_REQUEST,"[100,3]",83,"[100,254]","[0,254]",,TREE
1357.8341459838457,NETWORK_REQUEST,"[102,1]",95,"[102,254]","[0,254]",,TREE
1357.834170576514,NETWORK_REQUEST,"[100,3]",74,"[98,254]","[0,254]",,TREE
1357.8342294028043,NETWORK_REQUEST,"[102,1]",85,"[97,254]","[0,254]",,TREE
1357.8342412759137,NETWORK_REQUEST,"[100,3]",64,"[51,254]","[0,254]",,TREE
1357.8343167761877,NETWORK_REQUEST,"[102,1]",76,"[46,3]","[0,254]",,TREE
1357.8343210260375,NETWORK_REQUEST,"[100,3]",54,"[48,2]","[0,254]",,TREE
1357.834401552345,NETWORK_REQUEST,"[102,1]",67,"[46,254]","[0,254]",,TREE
1357.8344117373922,NETWORK_REQUEST,"[100,3]",44,"[48,254]","[0,254]",,TREE
1357.8344650549668,NETWORK_REQUEST,"[100,3]",35,"[2,254]","[0,254]",,TREE
1357.834485892576,NETWORK_REQUEST,"[102,1]",57,"[14,1]","[0,254]",,TREE
1357.8345471806776,NETWORK_REQUEST,"[102,1]",47,"[14,254]","[0,254]",,TREE
1357.8345498585777,NETWORK_REQUEST,"[100,3]",36,"[0,2]","[0,254]",,TREE
1357.834610430016,NETWORK_REQUEST,"[102,1]",38,"[0,2]","[0,254]",,TREE
1357.834620440635,NETWORK_REQUEST,"[100,3]",27,"[0,254]","[0,254]",,DIRECT
1357.8346838138277,NETWORK_REPLY,"[0,254]",17,"[0,2]","[100,3]",,TREE
1357.8346869073243,NETWORK_REQUEST,"[102,1]",27,"[0,254]","[0,254]",,DIRECT
1357.8347471870204,NETWORK_REPLY,"[0,254]",27,"[2,1]","[100,3]",,TREE
1357.834750280517,NETWORK_REPLY,"[0,254]",17,"[0,2]","[102,1]",,TREE
1357.8348136537097,NETWORK_REPLY,"[0,254]",27,"[14,254]","[102,1]",,TREE
1357.8348177690777,NETWORK_REPLY,"[0,254]",36,"[2,5]","[100,3]",,TREE
1357.834890131018,NETWORK_REPLY,"[0,254]",38,"[14,1]","[102,1]",,TREE
1357.8349025726886,NETWORK_REPLY,"[0,254]",35,"[48,2]","[100,3]",,TREE
1357.8349533803564,NETWORK_REPLY,"[0,254]",47,"[46,1]","[102,1]",,TREE
1357.8349558902632,NETWORK_REPLY,"[0,254]",44,"[51,1]","[100,3]",,TREE
1357.8350146684581,NETWORK_REPLY,"[0,254]",57,"[46,3]","[102,1]",,TREE
1357.835046601618,NETWORK_REPLY,"[0,254]",54,"[51,2]","[100,3]",,TREE
1357.835099008689,NETWORK_REPLY,"[0,254]",67,"[97,254]","[102,1]",,TREE
1357.8351263517418,NETWORK_REPLY,"[0,254]",64,"[98,1]","[100,3]",,MESH
1357.8351837848463,NETWORK_REPLY,"[0,254]",76,"[97,2]","[102,1]",,MESH
1357.8351970511414,NETWORK_REPLY,"[0,254]",74,"[100,3]","[100,3]",,DIRECT
1357.8352711582297,NETWORK_REPLY,"[0,254]",85,"[102,1]","[102,1]",,DIRECT
1367.8341261928429,NETWORK_REQUEST,"[105,1]",93,"[105,254]","[0,254]",,TREE
1367.8341910475497,NETWORK_REQUEST,"[105,1]",83,"[100,254]","[0,254]",,TREE
1367.8342762907675,NETWORK_REQUEST,"[105,1]",74,"[98,254]","[0,254]",,TREE
1367.8343469901672,NETWORK_REQUEST,"[105,1]",64,"[51,254]","[0,254]",,TREE
1367.834426740291,NETWORK_REQUEST,"[105,1]",54,"[48,2]","[0,254]",,TREE
1367.8345174516458,NETWORK_REQUEST,"[105,1]",44,"[48,254]","[0,254]",,TREE
1367.8345707692204,NETWORK_REQUEST,"[105,1]",35,"[2,254]","[0,254]",,TREE
1367.8346555728313,NETWORK_REQUEST,"[105,1]",36,"[0,2]","[0,254]",,TREE
1367.8347261548886,NETWORK_REQUEST,"[105,1]",27,"[0,254]","[0,254]",,DIRECT
1367.8347895280813,NETWORK_REPLY,"[0,254]",17,"[0,2]","[105,1]",,TREE
1367.834852901274,NETWORK_REPLY,"[0,254]",27,"[2,1]","[105,1]",,TREE
1367.8349234833313,NETWORK_REPLY,"[0,254]",36,"[2,5]","[105,1]",,TREE
1367.8350082869422,NETWORK_REPLY,"[0,254]",35,"[48,2]","[105,1]",,TREE
1367.8350616045168,NETWORK_REPLY,"[0,254]",44,"[51,1]","[105,1]",,TREE
1367.8351523158715,NETWORK_REPLY,"[0,254]",54,"[51,2]","[105,1]",,TREE
1367.8352320659953,NETWORK_REPLY,"[0,254]",64,"[98,1]","[105,1]",,TREE
1367.835302765395,NETWORK_REPLY,"[0,254]",74,"[100,3]","[105,1]",,MESH
1367.8353880086129,NETWORK_REPLY,"[0,254]",83,"[105,1]","[105,1]",,DIRECT
1567.8347780018244,NETWORK_REQUEST,"[90,1]",65,"[90,254]","[0,254]",,TREE
1567.83479907222,NETWORK_REQUEST,"[90,1]",66,"[46,2]","[0,254]",,TREE
1567.8348536368783,NETWORK_REQUEST,"[90,1]",56,"[46,254]","[0,254]",,TREE
1567.8349217692783,NETWORK_REQUEST,"[90,1]",57,"[14,1]","[0,254]",,TREE
1567.834925711673,NETWORK_REQUEST,"[88,2]",63,"[88,254]","[0,254]",,TREE
1567.834968351995,NETWORK_REQUEST,"[88,2]",53,"[79,1]","[0,254]",,TREE
1567.83498305738,NETWORK_REQUEST,"[90,1]",47,"[14,254]","[0,254]",,TREE
1567.8350463067184,NETWORK_REQUEST,"[90,1]",38,"[0,2]","[0,254]",,TREE
1567.8350587424015,NETWORK_REQUEST,"[88,2]",43,"[79,254]","[0,254]",,TREE
1567.8351227840267,NETWORK_REQUEST,"[90,1]",27,"[0,254]","[0,254]",,DIRECT
1567.8351489164363,NETWORK_REQUEST,"[88,2]",32,"[72,254]","[0,254]",,TREE
1567.8351861572194,NETWORK_REPLY,"[0,254]",17,"[0,2]","[90,1]",,TREE
1567.8352313955716,NETWORK_REQUEST,"[88,2]",23,"[49,3]","[0,254]",,TREE
1567.835249530412,NETWORK_REPLY,"[0,254]",27,"[14,254]","[90,1]",,TREE
1567.835303292126,NETWORK_REQUEST,"[88,2]",24,"[49,254]","[0,254]",,TREE
1567.8353260077204,NETWORK_REPLY,"[0,254]",38,"[14,1]","[90,1]",,TREE
1567.8353892570588,NETWORK_REPLY,"[0,254]",47,"[46,1]","[90,1]",,TREE
1567.8353938059881,NETWORK_REQUEST,"[88,2]",15,"[0,1]","[0,254]",,TREE
1567.8354304984318,NETWORK_REQUEST,"[88,2]",16,"[0,254]","[0,254]",,DIRECT
1567.8354505451605,NETWORK_REPLY,"[0,254]",57,"[46,2]","[90,1]",,TREE
1567.8355126002623,NETWORK_REPLY,"[0,254]",17,"[0,1]","[88,2]",,TREE
1567.8355186775605,NETWORK_REPLY,"[0,254]",56,"[90,1]","[90,1]",,DIRECT
1567.8355947020927,NETWORK_REPLY,"[0,254]",16,"[49,254]","[88,2]",,TREE
1567.8356313945364,NETWORK_REPLY,"[0,254]",15,"[49,3]","[88,2]",,TREE
1567.8357219083987,NETWORK_REPLY,"[0,254]",24,"[72,1]","[88,2]",,TREE
1567.835793804953,NETWORK_REPLY,"[0,254]",23,"[72,3]","[88,2]",,TREE
1567.8358762840883,NETWORK_REPLY,"[0,254]",32,"[79,1]","[88,2]",,TREE
1567.835966458123,NETWORK_REPLY,"[0,254]",43,"[88,1]","[88,2]",,TREE
1567.8360568485296,NETWORK_REPLY,"[0,254]",53,"[88,2]","[88,2]",,DIRECT
1570.3182138218287,NETWORK_REQUEST,"[81,2]",50,"[81,254]","[0,254]",,TREE
1570.3182937650017,NETWORK_REQUEST,"[81,2]",40,"[79,2]","[0,254]",,TREE
1570.3183625100464,NETWORK_REQUEST,"[81,2]",31,"[79,254]","[0,254]",,TREE
1570.3184284919753,NETWORK_REQUEST,"[81,2]",32,"[72,254]","[0,254]",,TREE
1570.3185109711105,NETWORK_REQUEST,"[81,2]",23,"[49,3]","[0,254]",,TREE
1570.3185828676649,NETWORK_REQUEST,"[81,2]",24,"[49,254]","[0,254]",,TREE
1570.318673381527,NETWORK_REQUEST,"[81,2]",15,"[0,1]","[0,254]",,TREE
1570.3187100739708,NETWORK_REQUEST,"[81,2]",16,"[0,254]","[0,254]",,DIRECT
1570.3187921758013,NETWORK_REPLY,"[0,254]",17,"[0,1]","[81,2]",,TREE
1570.3188742776317,NETWORK_REPLY,"[0,254]",16,"[49,254]","[81,2]",,TREE
1570.3189109700754,NETWORK_REPLY,"[0,254]",15,"[49,3]","[81,2]",,TREE
1570.3190014839377,NETWORK_REPLY,"[0,254]",24,"[72,1]","[81,2]",,TREE
1570.319073380492,NETWORK_REPLY,"[0,254]",23,"[72,3]","[81,2]",,TREE
1570.3191558596272,NETWORK_REPLY,"[0,254]",32,"[79,2]","[81,2]",,TREE
1570.319221841556,NETWORK_REPLY,"[0,254]",31,"[81,1]","[81,2]",,TREE
1570.3192905866008,NETWORK_REPLY,"[0,254]",40,"[81,2]","[81,2]",,DIRECT
1577.8346301051834,NETWORK_REQUEST,"[88,3]",54,"[88,254]","[0,254]",,TREE
1577.8346629432504,NETWORK_REQUEST,"[88,3]",53,"[79,1]","[0,254]",,TREE
1577.8347533336569,NETWORK_REQUEST,"[88,3]",43,"[79,254]","[0,254]",,TREE
1577.8348247437516,NETWORK_REQUEST,"[46,2]",56,"[46,254]","[0,254]",,TREE
1577.8348435076916,NETWORK_REQUEST,"[88,3]",32,"[72,254]","[0,254]",,TREE
1577.8348928761516,NETWORK_REQUEST,"[46,2]",57,"[14,1]","[0,254]",,TREE
1577.8349259868269,NETWORK_REQUEST,"[88,3]",23,"[49,3]","[0,254]",,TREE
1577.8349510411426,NETWORK_REQUEST,"[102,2]",74,"[102,254]","[0,254]",,TREE
1577.8349541642533,NETWORK_REQUEST,"[46,2]",47,"[14,254]","[0,254]",,TREE
1577.8349978833812,NETWORK_REQUEST,"[88,3]",24,"[49,254]","[0,254]",,TREE
1577.8350174135917,NETWORK_REQUEST,"[46,2]",38,"[0,2]","[0,254]",,TREE
1577.8350378777043,NETWORK_REQUEST,"[102,2]",85,"[97,254]","[0,254]",,TREE
1577.8350883972435,NETWORK_REQUEST,"[88,3]",15,"[0,1]","[0,254]",,TREE
1577.8350938909,NETWORK_REQUEST,"[46,2]",27,"[0,254]","[0,254]",,DIRECT
1577.8351250896872,NETWORK_REQUEST,"[88,3]",16,"[0,254]","[0,254]",,DIRECT
1577.8351252510877,NETWORK_REQUEST,"[102,2]",76,"[46,3]","[0,254]",,TREE
1577.8351572640927,NETWORK_REPLY,"[0,254]",17,"[0,2]","[46,2]",,TREE
1577.8352071915176,NETWORK_REPLY,"[0,254]",17,"[0,1]","[88,3]",,TREE
1577.835210027245,NETWORK_REQUEST,"[102,2]",67,"[46,254]","[0,254]",,TREE
1577.8352206372854,NETWORK_REPLY,"[0,254]",27,"[14,254]","[46,2]",,TREE
1577.835289293348,NETWORK_REPLY,"[0,254]",16,"[49,254]","[88,3]",,TREE
1577.8352943674759,NETWORK_REQUEST,"[102,2]",57,"[14,1]","[0,254]",,TREE
1577.8352971145937,NETWORK_REPLY,"[0,254]",38,"[14,1]","[46,2]",,TREE
1577.8353259857918,NETWORK_REPLY,"[0,254]",15,"[49,3]","[88,3]",,TREE
1577.8353556555776,NETWORK_REQUEST,"[102,2]",47,"[14,254]","[0,254]",,TREE
1577.835360363932,NETWORK_REPLY,"[0,254]",47,"[46,1]","[46,2]",,TREE
1577.835416499654,NETWORK_REPLY,"[0,254]",24,"[72,1]","[88,3]",,TREE
1577.835418904916,NETWORK_REQUEST,"[102,2]",38,"[0,2]","[0,254]",,TREE
1577.8354216520338,NETWORK_REPLY,"[0,254]",57,"[46,2]","[46,2]",,DIRECT
1577.8354883962083,NETWORK_REPLY,"[0,254]",23,"[72,3]","[88,3]",,TREE
1577.8354953822243,NETWORK_REQUEST,"[102,2]",27,"[0,254]","[0,254]",,DIRECT
1577.835558755417,NETWORK_REPLY,"[0,254]",17,"[0,2]","[102,2]",,TREE
1577.8355708753436,NETWORK_REPLY,"[0,254]",32,"[79,1]","[88,3]",,TREE
1577.8356221286097,NETWORK_REPLY,"[0,254]",27,"[14,254]","[102,2]",,TREE
1577.8356610493784,NETWORK_REPLY,"[0,254]",43,"[88,1]","[88,3]",,TREE
1577.835698605918,NETWORK_REPLY,"[0,254]",38,"[14,1]","[102,2]",,TREE
1577.8357514397849,NETWORK_REPLY,"[0,254]",53,"[88,3]","[88,3]",,DIRECT
1577.8357618552564,NETWORK_REPLY,"[0,254]",47,"[46,1]","[102,2]",,TREE
1577.835823143358,NETWORK_REPLY,"[0,254]",57,"[46,3]","[102,2]",,TREE
1577.835907483589,NETWORK_REPLY,"[0,254]",67,"[97,254]","[102,2]",,TREE
1577.8359922597463,NETWORK_REPLY,"[0,254]",76,"[97,2]","[102,2]",,TREE
1577.8360796331297,NETWORK_REPLY,"[0,254]",85,"[102,2]","[102,2]",,DIRECT
1580.3178739437265,NETWORK_REQUEST,"[49,3]",24,"[49,254]","[0,254]",,TREE
1580.3179644575887,NETWORK_REQUEST,"[49,3]",15,"[0,1]","[0,254]",,TREE
1580.3180011500324,NETWORK_REQUEST,"[49,3]",16,"[0,254]","[0,254]",,DIRECT
1580.3180832518628,NETWORK_REPLY,"[0,254]",17,"[0,1]","[49,3]",,TREE
1580.318094479234,NETWORK_REQUEST,"[79,2]",31,"[79,254]","[0,254]",,TREE
1580.3181303111649,NETWORK_REQUEST,"[79,1]",43,"[79,254]","[0,254]",,TREE
1580.318160461163,NETWORK_REQUEST,"[79,2]",32,"[72,254]","[0,254]",,TREE
1580.3181653536933,NETWORK_REPLY,"[0,254]",16,"[49,254]","[49,3]",,TREE
1580.318202046137,NETWORK_REPLY,"[0,254]",15,"[49,3]","[49,3]",,DIRECT
1580.3182204851996,NETWORK_REQUEST,"[79,1]",32,"[72,254]","[0,254]",,TREE
1580.3182429402982,NETWORK_REQUEST,"[79,2]",23,"[49,3]","[0,254]",,TREE
1580.3182585833663,NETWORK_REQUEST,"[109,2]",62,"[109,254]","[0,254]",,TREE
1580.3183029643349,NETWORK_REQUEST,"[79,1]",23,"[49,3]","[0,254]",,TREE
1580.3183068737214,NETWORK_REQUEST,"[109,2]",63,"[88,254]","[0,254]",,TREE
1580.3183148368526,NETWORK_REQUEST,"[79,2]",24,"[49,254]","[0,254]",,TREE
1580.3183495140436,NETWORK_REQUEST,"[109,2]",53,"[79,1]","[0,254]",,TREE
1580.3183748608892,NETWORK_REQUEST,"[79,1]",24,"[49,254]","[0,254]",,TREE
1580.3184053507148,NETWORK_REQUEST,"[79,2]",15,"[0,1]","[0,254]",,TREE
1580.31843990445,NETWORK_REQUEST,"[109,2]",43,"[79,254]","[0,254]",,TREE
1580.3184420431585,NETWORK_REQUEST,"[79,2]",16,"[0,254]","[0,254]",,DIRECT
1580.3184653747514,NETWORK_REQUEST,"[79,1]",15,"[0,1]","[0,254]",,TREE
1580.3185020671951,NETWORK_REQUEST,"[79,1]",16,"[0,254]","[0,254]",,DIRECT
1580.318524144989,NETWORK_REPLY,"[0,254]",17,"[0,1]","[79,2]",,TREE
1580.3185300784849,NETWORK_REQUEST,"[109,2]",32,"[72,254]","[0,254]",,TREE
1580.3185841690256,NETWORK_REPLY,"[0,254]",17,"[0,1]","[79,1]",,TREE
1580.3186062468194,NETWORK_REPLY,"[0,254]",16,"[49,254]","[79,2]",,TREE
1580.31861255762,NETWORK_REQUEST,"[109,2]",23,"[49,3]","[0,254]",,TREE
1580.318642939263,NETWORK_REPLY,"[0,254]",15,"[49,3]","[79,2]",,TREE
1580.318666270856,NETWORK_REPLY,"[0,254]",16,"[49,254]","[79,1]",,TREE
1580.3186844541744,NETWORK_REQUEST,"[109,2]",24,"[49,254]","[0,254]",,TREE
1580.3187029632998,NETWORK_REPLY,"[0,254]",15,"[49,3]","[79,1]",,TREE
1580.3187334531253,NETWORK_REPLY,"[0,254]",24,"[72,1]","[79,2]",,TREE
1580.3187749680367,NETWORK_REQUEST,"[109,2]",15,"[0,1]","[0,254]",,TREE
1580.318793477162,NETWORK_REPLY,"[0,254]",24,"[72,1]","[79,1]",,TREE
1580.3188053496797,NETWORK_REPLY,"[0,254]",23,"[72,3]","[79,2]",,TREE
1580.3188116604804,NETWORK_REQUEST,"[109,2]",16,"[0,254]","[0,254]",,DIRECT
1580.3188653737163,NETWORK_REPLY,"[0,254]",23,"[72,3]","[79,1]",,TREE
1580.318887828815,NETWORK_REPLY,"[0,254]",32,"[79,2]","[79,2]",,DIRECT
1580.3188937623108,NETWORK_REPLY,"[0,254]",17,"[0,1]","[109,2]",,TREE
1580.3189478528516,NETWORK_REPLY,"[0,254]",32,"[79,1]","[79,1]",,DIRECT
1580.3189758641413,NETWORK_REPLY,"[0,254]",16,"[49,254]","[109,2]",,TREE
1580.319012556585,NETWORK_REPLY,"[0,254]",15,"[49,3]","[109,2]",,TREE
1580.3191030704472,NETWORK_REPLY,"[0,254]",24,"[72,1]","[109,2]",,TREE
1580.3191749670016,NETWORK_REPLY,"[0,254]",23,"[72,3]","[109,2]",,TREE
1580.3192574461368,NETWORK_REPLY,"[0,254]",32,"[79,1]","[109,2]",,TREE
1580.3193476201716,NETWORK_REPLY,"[0,254]",43,"[88,1]","[109,2]",,TREE
1580.319438010578,NETWORK_REPLY,"[0,254]",53,"[88,2]","[109,2]",,TREE
1580.3194806509002,NETWORK_REPLY,"[0,254]",63,"[109,2]","[109,2]",,DIRECT
1587.8347908793874,NETWORK_REQUEST,"[97,1]",75,"[97,254]","[0,254]",,TREE
1587.8348568569027,NETWORK_REQUEST,"[97,1]",76,"[46,3]","[0,254]",,TREE
1587.83494163306,NETWORK_REQUEST,"[97,1]",67,"[46,254]","[0,254]",,TREE
1587.8349955073384,NETWORK_REQUEST,"[113,1]",83,"[113,254]","[0,254]",,TREE
1587.8350259732908,NETWORK_REQUEST,"[97,1]",57,"[14,1]","[0,254]",,TREE
1587.8350807505562,NETWORK_REQUEST,"[113,1]",74,"[102,254]","[0,254]",,TREE
1587.8350872613926,NETWORK_REQUEST,"[97,1]",47,"[14,254]","[0,254]",,TREE
1587.835150510731,NETWORK_REQUEST,"[97,1]",38,"[0,2]","[0,254]",,TREE
1587.835167587118,NETWORK_REQUEST,"[113,1]",85,"[97,254]","[0,254]",,TREE
1587.8352269880393,NETWORK_REQUEST,"[97,1]",27,"[0,254]","[0,254]",,DIRECT
1587.8352549605013,NETWORK_REQUEST,"[113,1]",76,"[46,3]","[0,254]",,TREE
1587.835290361232,NETWORK_REPLY,"[0,254]",17,"[0,2]","[97,1]",,TREE
1587.8353397366586,NETWORK_REQUEST,"[113,1]",67,"[46,254]","[0,254]",,TREE
1587.8353537344246,NETWORK_REPLY,"[0,254]",27,"[14,254]","[97,1]",,TREE
1587.8354240768895,NETWORK_REQUEST,"[113,1]",57,"[14,1]","[0,254]",,TREE
1587.835430211733,NETWORK_REPLY,"[0,254]",38,"[14,1]","[97,1]",,TREE
1587.8354853649912,NETWORK_REQUEST,"[113,1]",47,"[14,254]","[0,254]",,TREE
1587.8354934610713,NETWORK_REPLY,"[0,254]",47,"[46,1]","[97,1]",,TREE
1587.8355486143296,NETWORK_REQUEST,"[113,1]",38,"[0,2]","[0,254]",,TREE
1587.835554749173,NETWORK_REPLY,"[0,254]",57,"[46,3]","[97,1]",,TREE
1587.835625091638,NETWORK_REQUEST,"[113,1]",27,"[0,254]","[0,254]",,DIRECT
1587.835639089404,NETWORK_REPLY,"[0,254]",67,"[97,254]","[97,1]",,TREE
1587.8356884648306,NETWORK_REPLY,"[0,254]",17,"[0,2]","[113,1]",,TREE
1587.8357238655612,NETWORK_REPLY,"[0,254]",76,"[97,1]","[97,1]",,DIRECT
1587.8357518380233,NETWORK_REPLY,"[0,254]",27,"[14,254]","[113,1]",,TREE
1587.8358283153316,NETWORK_REPLY,"[0,254]",38,"[14,1]","[113,1]",,TREE
1587.83589156467,NETWORK_REPLY,"[0,254]",47,"[46,1]","[113,1]",,TREE
1587.8359528527717,NETWORK_REPLY,"[0,254]",57,"[46,3]","[113,1]",,TREE
1587.8360371930025,NETWORK_REPLY,"[0,254]",67,"[97,254]","[113,1]",,TREE
1587.8361219691599,NETWORK_REPLY,"[0,254]",76,"[97,2]","[113,1]",,TREE
1587.8362093425433,NETWORK_REPLY,"[0,254]",85,"[102,2]","[113,1]",,TREE
1587.836296179105,NETWORK_REPLY,"[0,254]",74,"[113,1]","[113,1]",,DIRECT
1590.3183211720657,NETWORK_REQUEST,"[110,3]",60,"[110,254]","[0,254]",,TREE
1590.3183547396059,NETWORK_REQUEST,"[110,2]",61,"[110,254]","[0,254]",,TREE
1590.3184040337173,NETWORK_REQUEST,"[110,3]",51,"[81,2]","[0,254]",,TREE
1590.3184177895898,NETWORK_REQUEST,"[110,2]",51,"[81,2]","[0,254]",,TREE
1590.3184841932916,NETWORK_REQUEST,"[110,3]",50,"[81,254]","[0,254]",,TREE
1590.318497949164,NETWORK_REQUEST,"[110,2]",50,"[81,254]","[0,254]",,TREE
1590.3185641364646,NETWORK_REQUEST,"[110,3]",40,"[79,2]","[0,254]",,TREE
1590.318577892337,NETWORK_REQUEST,"[110,2]",40,"[79,2]","[0,254]",,TREE
1590.3186328815093,NETWORK_REQUEST,"[110,3]",31,"[79,254]","[0,254]",,TREE
1590.3186466373818,NETWORK_REQUEST,"[110,2]",31,"[79,254]","[0,254]",,TREE
1590.3186988634382,NETWORK_REQUEST,"[110,3]",32,"[72,254]","[0,254]",,TREE
1590.3187126193106,NETWORK_REQUEST,"[110,2]",32,"[72,254]","[0,254]",,TREE
1590.3187813425734,NETWORK_REQUEST,"[110,3]",23,"[49,3]","[0,254]",,TREE
1590.318795098446,NETWORK_REQUEST,"[110,2]",23,"[49,3]","[0,254]",,TREE
1590.3188532391277,NETWORK_REQUEST,"[110,3]",24,"[49,254]","[0,254]",,TREE
1590.3188669950002,NETWORK_REQUEST,"[110,2]",24,"[49,254]","[0,254]",,TREE
1590.31894375299,NETWORK_REQUEST,"[110,3]",15,"[0,1]","[0,254]",,TREE
1590.3189575088625,NETWORK_REQUEST,"[110,2]",15,"[0,1]","[0,254]",,TREE
1590.3189804454337,NETWORK_REQUEST,"[110,3]",16,"[0,254]","[0,254]",,DIRECT
1590.3189942013062,NETWORK_REQUEST,"[110,2]",16,"[0,254]","[0,254]",,DIRECT
1590.3190625472641,NETWORK_REPLY,"[0,254]",17,"[0,1]","[110,3]",,TREE
1590.3190763031366,NETWORK_REPLY,"[0,254]",17,"[0,1]","[110,2]",,TREE
1590.3191446490946,NETWORK_REPLY,"[0,254]",16,"[49,254]","[110,3]",,TREE
1590.319158404967,NETWORK_REPLY,"[0,254]",16,"[49,254]","[110,2]",,TREE
1590.3191813415383,NETWORK_REPLY,"[0,254]",15,"[49,3]","[110,3]",,TREE
1590.3191950974108,NETWORK_REPLY,"[0,254]",15,"[49,3]","[110,2]",,TREE
1590.3192718554005,NETWORK_REPLY,"[0,254]",24,"[72,1]","[110,3]",,TREE
1590.319285611273,NETWORK_REPLY,"[0,254]",24,"[72,1]","[110,2]",,TREE
1590.3193437519549,NETWORK_REPLY,"[0,254]",23,"[72,3]","[110,3]",,TREE
1590.3193575078274,NETWORK_REPLY,"[0,254]",23,"[72,3]","[110,2]",,TREE
1590.3194262310901,NETWORK_REPLY,"[0,254]",32,"[79,2]","[110,3]",,TREE
1590.3194399869626,NETWORK_REPLY,"[0,254]",32,"[79,2]","[110,2]",,TREE
1590.319492213019,NETWORK_REPLY,"[0,254]",31,"[81,1]","[110,3]",,TREE
1590.3195059688915,NETWORK_REPLY,"[0,254]",31,"[81,1]","[110,2]",,TREE
1590.3195609580637,NETWORK_REPLY,"[0,254]",40,"[81,2]","[110,3]",,TREE
1590.3195747139362,NETWORK_REPLY,"[0,254]",40,"[81,2]","[110,2]",,TREE
1590.3196409012367,NETWORK_REPLY,"[0,254]",50,"[110,1]","[110,3]",,TREE
1590.3196546571091,NETWORK_REPLY,"[0,254]",50,"[110,1]","[110,2]",,TREE
1590.319721060811,NETWORK_REPLY,"[0,254]",51,"[110,3]","[110,3]",,DIRECT
1590.3197348166834,NETWORK_REPLY,"[0,254]",51,"[110,2]","[110,2]",,DIRECT
1597.835058523055,NETWORK_REQUEST,"[119,2]",82,"[119,254]","[0,254]",,TREE
1597.8351110278093,NETWORK_REQUEST,"[119,2]",83,"[113,254]","[0,254]",,TREE
1597.8351962710271,NETWORK_REQUEST,"[119,2]",74,"[102,254]","[0,254]",,TREE
1597.8352831075888,NETWORK_REQUEST,"[119,2]",85,"[97,254]","[0,254]",,TREE
1597.8353704809722,NETWORK_REQUEST,"[119,2]",76,"[46,3]","[0,254]",,TREE
1597.8354552571295,NETWORK_REQUEST,"[119,2]",67,"[46,254]","[0,254]",,TREE
1597.8355395973604,NETWORK_REQUEST,"[119,2]",57,"[14,1]","[0,254]",,TREE
1597.835600885462,NETWORK_REQUEST,"[119,2]",47,"[14,254]","[0,254]",,TREE
1597.8356641348005,NETWORK_REQUEST,"[119,2]",38,"[0,2]","[0,254]",,TREE
1597.8357406121088,NETWORK_REQUEST,"[119,2]",27,"[0,254]","[0,254]",,DIRECT
1597.8358039853015,NETWORK_REPLY,"[0,254]",17,"[0,2]","[119,2]",,TREE
1597.8358673584942,NETWORK_REPLY,"[0,254]",27,"[14,254]","[119,2]",,TREE
1597.8359438358025,NETWORK_REPLY,"[0,254]",38,"[14,1]","[119,2]",,TREE
1597.8360070851409,NETWORK_REPLY,"[0,254]",47,"[46,1]","[119,2]",,TREE
1597.8360683732426,NETWORK_REPLY,"[0,254]",57,"[46,3]","[119,2]",,TREE
1597.8361527134734,NETWORK_REPLY,"[0,254]",67,"[97,254]","[119,2]",,TREE
1597.8362374896308,NETWORK_REPLY,"[0,254]",76,"[97,2]","[119,2]",,TREE
1597.8363248630142,NETWORK_REPLY,"[0,254]",85,"[102,2]","[119,2]",,TREE
1597.8364116995758,NETWORK_REPLY,"[0,254]",74,"[113,1]","[119,2]",,MESH
1597.8364969427937,NETWORK_REPLY,"[0,254]",83,"[119,2]","[119,2]",,DIRECT
1600.3184305718428,NETWORK_REQUEST,"[120,1]",70,"[120,254]","[0,254]",,TREE
1600.3184603340533,NETWORK_REQUEST,"[120,1]",60,"[110,254]","[0,254]",,TREE
1600.318543195705,NETWORK_REQUEST,"[120,1]",51,"[81,2]","[0,254]",,TREE
1600.3186233552792,NETWORK_REQUEST,"[120,1]",50,"[81,254]","[0,254]",,TREE
1600.3187032984522,NETWORK_REQUEST,"[120,1]",40,"[79,2]","[0,254]",,TREE
1600.318772043497,NETWORK_REQUEST,"[120,1]",31,"[79,254]","[0,254]",,TREE
1600.3188380254257,NETWORK_REQUEST,"[120,1]",32,"[72,254]","[0,254]",,TREE
1600.318920504561,NETWORK_REQUEST,"[120,1]",23,"[49,3]","[0,254]",,TREE
1600.3189924011153,NETWORK_REQUEST,"[120,1]",24,"[49,254]","[0,254]",,TREE
1600.3190829149776,NETWORK_REQUEST,"[120,1]",15,"[0,1]","[0,254]",,TREE
1600.3191196074213,NETWORK_REQUEST,"[120,1]",16,"[0,254]","[0,254]",,DIRECT
1600.3192017092517,NETWORK_REPLY,"[0,254]",17,"[0,1]","[120,1]",,TREE
1600.3192838110822,NETWORK_REPLY,"[0,254]",16,"[49,254]","[120,1]",,TREE
1600.319320503526,NETWORK_REPLY,"[0,254]",15,"[49,3]","[120,1]",,TREE
1600.3194110173881,NETWORK_REPLY,"[0,254]",24,"[72,1]","[120,1]",,TREE
1600.3194829139425,NETWORK_REPLY,"[0,254]",23,"[72,3]","[120,1]",,TREE
1600.3195653930777,NETWORK_REPLY,"[0,254]",32,"[79,2]","[120,1]",,TREE
1600.3196313750066,NETWORK_REPLY,"[0,254]",31,"[81,1]","[120,1]",,TREE
1600.3197001200513,NETWORK_REPLY,"[0,254]",40,"[81,2]","[120,1]",,TREE
1600.3197800632242,NETWORK_REPLY,"[0,254]",50,"[110,1]","[120,1]",,TREE
1600.3198602227985,NETWORK_REPLY,"[0,254]",51,"[110,2]","[120,1]",,MESH
1600.3199232727825,NETWORK_REPLY,"[0,254]",61,"[120,1]","[120,1]",,DIRECT
1610.3184305718428,NETWORK_REQUEST,"[120,1]",70,"[120,254]","[0,254]",,TREE
1610.3184603340533,NETWORK_REQUEST,"[120,1]",60,"[110,254]","[0,254]",,TREE
1610.318543195705,NETWORK_REQUEST,"[120,1]",51,"[81,2]","[0,254]",,TREE
1610.3186233552792,NETWORK_REQUEST,"[120,1]",50,"[81,254]","[0,254]",,TREE
1610.3187032984522,NETWORK_REQUEST,"[120,1]",40,"[79,2]","[0,254]",,TREE
1610.318772043497,NETWORK_REQUEST,"[120,1]",31,"[79,254]","[0,254]",,TREE
1610.3188380254257,NETWORK_REQUEST,"[120,1]",32,"[72,254]","[0,254]",,TREE
1610.318920504561,NETWORK_REQUEST,"[120,1]",23,"[49,3]","[0,254]",,TREE
1610.3189924011153,NETWORK_REQUEST,"[120,1]",24,"[49,254]","[0,254]",,TREE
1610.3190829149776,NETWORK_REQUEST,"[120,1]",15,"[0,1]","[0,254]",,TREE
1610.3191196074213,NETWORK_REQUEST,"[120,1]",16,"[0,254]","[0,254]",,DIRECT
1610.3192017092517,NETWORK_REPLY,"[0,254]",17,"[0,1]","[120,1]",,TREE
1610.3192838110822,NETWORK_REPLY,"[0,254]",16,"[49,254]","[120,1]",,TREE
1610.319320503526,NETWORK_REPLY,"[0,254]",15,"[49,3]","[120,1]",,TREE
1610.3194110173881,NETWORK_REPLY,"[0,254]",24,"[72,1]","[120,1]",,TREE
1610.3194829139425,NETWORK_REPLY,"[0,254]",23,"[72,3]","[120,1]",,TREE
1610.3195653930777,NETWORK_REPLY,"[0,254]",32,"[79,2]","[120,1]",,TREE
1610.3196313750066,NETWORK_REPLY,"[0,254]",31,"[81,1]","[120,1]",,TREE
1610.3197001200513,NETWORK_REPLY,"[0,254]",40,"[81,2]","[120,1]",,TREE
1610.3197800632242,NETWORK_REPLY,"[0,254]",50,"[110,1]","[120,1]",,TREE
1610.3198602227985,NETWORK_REPLY,"[0,254]",51,"[110,3]","[120,1]",,TREE
1610.3199430844502,NETWORK_REPLY,"[0,254]",60,"[120,1]","[120,1]",,DIRECT
1620.3185362252002,NETWORK_REQUEST,"[122,2]",81,"[122,254]","[0,254]",,TREE
1620.3186264328504,NETWORK_REQUEST,"[122,2]",92,"[119,2]","[0,254]",,TREE
1620.318701446147,NETWORK_REQUEST,"[122,2]",82,"[119,254]","[0,254]",,TREE
1620.3187539509013,NETWORK_REQUEST,"[122,2]",83,"[113,254]","[0,254]",,TREE
1620.3188391941192,NETWORK_REQUEST,"[122,2]",74,"[102,254]","[0,254]",,TREE
1620.3189260306808,NETWORK_REQUEST,"[122,2]",85,"[97,254]","[0,254]",,TREE
1620.3190134040642,NETWORK_REQUEST,"[122,2]",76,"[46,3]","[0,254]",,TREE
1620.3190981802215,NETWORK_REQUEST,"[122,2]",67,"[46,254]","[0,254]",,TREE
1620.3191825204524,NETWORK_REQUEST,"[122,2]",57,"[14,1]","[0,254]",,TREE
1620.3192438085541,NETWORK_REQUEST,"[122,2]",47,"[14,254]","[0,254]",,TREE
1620.3193070578925,NETWORK_REQUEST,"[122,2]",38,"[0,2]","[0,254]",,TREE
1620.3193835352008,NETWORK_REQUEST,"[122,2]",27,"[0,254]","[0,254]",,DIRECT
1620.3194469083935,NETWORK_REPLY,"[0,254]",17,"[0,2]","[122,2]",,TREE
1620.3195102815862,NETWORK_REPLY,"[0,254]",27,"[14,254]","[122,2]",,TREE
1620.3195867588945,NETWORK_REPLY,"[0,254]",38,"[14,1]","[122,2]",,TREE
1620.3196500082329,NETWORK_REPLY,"[0,254]",47,"[46,1]","[122,2]",,TREE
1620.3197112963346,NETWORK_REPLY,"[0,254]",57,"[46,3]","[122,2]",,TREE
1620.3197956365655,NETWORK_REPLY,"[0,254]",67,"[97,254]","[122,2]",,TREE
1620.3198804127228,NETWORK_REPLY,"[0,254]",76,"[97,2]","[122,2]",,TREE
1620.3199677861062,NETWORK_REPLY,"[0,254]",85,"[102,2]","[122,2]",,TREE
1620.3200546226678,NETWORK_REPLY,"[0,254]",74,"[113,1]","[122,2]",,TREE
1620.3201398658857,NETWORK_REPLY,"[0,254]",83,"[119,2]","[122,2]",,TREE
1620.32019237064,NETWORK_REPLY,"[0,254]",82,"[122,2]","[122,2]",,DIRECT
1640.3183656580754,NETWORK_REQUEST,"[119,2]",82,"[119,254]","[0,254]",,TREE
1640.3184181628296,NETWORK_REQUEST,"[119,2]",83,"[113,254]","[0,254]",,TREE
1640.3185034060475,NETWORK_REQUEST,"[119,2]",74,"[102,254]","[0,254]",,TREE
1640.3185902426092,NETWORK_REQUEST,"[119,2]",85,"[97,254]","[0,254]",,TREE
1640.3186776159926,NETWORK_REQUEST,"[119,2]",76,"[46,3]","[0,254]",,TREE
1640.31876239215,NETWORK_REQUEST,"[119,2]",67,"[46,254]","[0,254]",,TREE
1640.3188467323807,NETWORK_REQUEST,"[119,2]",57,"[14,1]","[0,254]",,TREE
1640.3189080204825,NETWORK_REQUEST,"[119,2]",47,"[14,254]","[0,254]",,TREE
1640.3189712698208,NETWORK_REQUEST,"[119,2]",38,"[0,2]","[0,254]",,TREE
1640.3190477471292,NETWORK_REQUEST,"[119,2]",27,"[0,254]","[0,254]",,DIRECT
1640.3191111203218,NETWORK_REPLY,"[0,254]",17,"[0,2]","[119,2]",,TREE
1640.3191744935145,NETWORK_REPLY,"[0,254]",27,"[14,254]","[119,2]",,TREE
1640.3192509708228,NETWORK_REPLY,"[0,254]",38,"[14,1]","[119,2]",,TREE
1640.3193142201612,NETWORK_REPLY,"[0,254]",47,"[46,1]","[119,2]",,TREE
1640.319375508263,NETWORK_REPLY,"[0,254]",57,"[46,3]","[119,2]",,TREE
1640.3194598484938,NETWORK_REPLY,"[0,254]",67,"[97,254]","[119,2]",,TREE
1640.3195446246511,NETWORK_REPLY,"[0,254]",76,"[97,2]","[119,2]",,TREE
1640.3196319980345,NETWORK_REPLY,"[0,254]",85,"[102,2]","[119,2]",,TREE
1640.3197188345962,NETWORK_REPLY,"[0,254]",74,"[113,1]","[119,2]",,TREE
1640.319804077814,NETWORK_REPLY,"[0,254]",83,"[119,2]","[119,2]",,DIRECT
1690.3184507480537,NETWORK_REQUEST,"[124,1]",90,"[124,254]","[0,254]",,TREE
1690.3185362252002,NETWORK_REQUEST,"[124,1]",81,"[122,254]","[0,254]",,TREE
1690.3186264328504,NETWORK_REQUEST,"[124,1]",92,"[119,2]","[0,254]",,TREE
1690.318701446147,NETWORK_REQUEST,"[124,1]",82,"[119,254]","[0,254]",,TREE
1690.3187539509013,NETWORK_REQUEST,"[124,1]",83,"[113,254]","[0,254]",,TREE
1690.3188391941192,NETWORK_REQUEST,"[124,1]",74,"[102,254]","[0,254]",,TREE
1690.3189260306808,NETWORK_REQUEST,"[124,1]",85,"[97,254]","[0,254]",,TREE
1690.3190134040642,NETWORK_REQUEST,"[124,1]",76,"[46,3]","[0,254]",,TREE
1690.3190981802215,NETWORK_REQUEST,"[124,1]",67,"[46,254]","[0,254]",,TREE
1690.3191825204524,NETWORK_REQUEST,"[124,1]",57,"[14,1]","[0,254]",,TREE
1690.3192438085541,NETWORK_REQUEST,"[124,1]",47,"[14,254]","[0,254]",,TREE
1690.3193070578925,NETWORK_REQUEST,"[124,1]",38,"[0,2]","[0,254]",,TREE
1690.3193835352008,NETWORK_REQUEST,"[124,1]",27,"[0,254]","[0,254]",,DIRECT
1690.3194469083935,NETWORK_REPLY,"[0,254]",17,"[0,2]","[124,1]",,TREE
1690.3195102815862,NETWORK_REPLY,"[0,254]",27,"[14,254]","[124,1]",,TREE
1690.3195867588945,NETWORK_REPLY,"[0,254]",38,"[14,1]","[124,1]",,TREE
1690.3196500082329,NETWORK_REPLY,"[0,254]",47,"[46,1]","[124,1]",,TREE
1690.3197112963346,NETWORK_REPLY,"[0,254]",57,"[46,3]","[124,1]",,TREE
1690.3197956365655,NETWORK_REPLY,"[0,254]",67,"[97,254]","[124,1]",,TREE
1690.3198804127228,NETWORK_REPLY,"[0,254]",76,"[97,2]","[124,1]",,TREE
1690.3199677861062,NETWORK_REPLY,"[0,254]",85,"[102,2]","[124,1]",,TREE
1690.3200546226678,NETWORK_REPLY,"[0,254]",74,"[113,1]","[124,1]",,TREE
1690.3201398658857,NETWORK_REPLY,"[0,254]",83,"[119,2]","[124,1]",,TREE
1690.32019237064,NETWORK_REPLY,"[0,254]",82,"[122,1]","[124,1]",,TREE
1690.3202673839367,NETWORK_REPLY,"[0,254]",92,"[122,2]","[124,1]",,TREE
1690.3203575915868,NETWORK_REPLY,"[0,254]",81,"[124,1]","[124,1]",,DIRECT
1697.5442699737716,NETWORK_REQUEST,"[2,7]",26,"[2,254]","[0,254]",,TREE
1697.5443595497645,NETWORK_REQUEST,"[2,7]",36,"[0,2]","[0,254]",,TREE
1697.5444301318219,NETWORK_REQUEST,"[2,7]",27,"[0,254]","[0,254]",,DIRECT
1697.5444935050145,NETWORK_REPLY,"[0,254]",17,"[0,2]","[2,7]",,TREE
1697.5445568782072,NETWORK_REPLY,"[0,254]",27,"[2,1]","[2,7]",,TREE
1697.5446274602646,NETWORK_REPLY,"[0,254]",36,"[2,7]","[2,7]",,DIRECT
1697.5447430078586,NETWORK_REQUEST,"[113,2]",64,"[113,254]","[0,254]",,TREE
1697.5448137072583,NETWORK_REQUEST,"[113,2]",74,"[102,254]","[0,254]",,TREE
1697.54490054382,NETWORK_REQUEST,"[113,2]",85,"[97,254]","[0,254]",,TREE
1697.5449879172033,NETWORK_REQUEST,"[113,2]",76,"[46,3]","[0,254]",,TREE
1697.5450726933607,NETWORK_REQUEST,"[113,2]",67,"[46,254]","[0,254]",,TREE
1697.5451570335915,NETWORK_REQUEST,"[113,2]",57,"[14,1]","[0,254]",,TREE
1697.5452183216933,NETWORK_REQUEST,"[113,2]",47,"[14,254]","[0,254]",,TREE
1697.5452815710316,NETWORK_REQUEST,"[113,2]",38,"[0,2]","[0,254]",,TREE
1697.54535804834,NETWORK_REQUEST,"[113,2]",27,"[0,254]","[0,254]",,DIRECT
1697.5454214215326,NETWORK_REPLY,"[0,254]",17,"[0,2]","[113,2]",,TREE
1697.5454847947253,NETWORK_REPLY,"[0,254]",27,"[14,254]","[113,2]",,TREE
1697.5455612720336,NETWORK_REPLY,"[0,254]",38,"[14,1]","[113,2]",,TREE
1697.545624521372,NETWORK_REPLY,"[0,254]",47,"[46,1]","[113,2]",,TREE
1697.5456858094738,NETWORK_REPLY,"[0,254]",57,"[46,3]","[113,2]",,TREE
1697.5457701497046,NETWORK_REPLY,"[0,254]",67,"[97,254]","[113,2]",,TREE
1697.545854925862,NETWORK_REPLY,"[0,254]",76,"[97,2]","[113,2]",,TREE
1697.5459422992453,NETWORK_REPLY,"[0,254]",85,"[102,2]","[113,2]",,TREE
1697.546029135807,NETWORK_REPLY,"[0,254]",74,"[113,2]","[113,2]",,DIRECT
1707.5445156507167,NETWORK_REQUEST,"[128,1]",54,"[128,254]","[0,254]",,TREE
1707.5445954008405,NETWORK_REQUEST,"[128,1]",64,"[113,254]","[0,254]",,TREE
1707.5446632577348,NETWORK_REQUEST,"[128,1]",54,"[128,254]","[0,254]",,TREE
1707.5446661002402,NETWORK_REQUEST,"[128,1]",74,"[102,254]","[0,254]",,TREE
1707.5447430078586,NETWORK_REQUEST,"[128,1]",64,"[113,254]","[0,254]",,TREE
1707.5447433594145,NETWORK_REQUEST,"[128,1]",54,"[128,254]","[0,254]",,TREE
1707.5447529368018,NETWORK_REQUEST,"[128,1]",85,"[97,254]","[0,254]",,TREE
1707.544783340481,NETWORK_REQUEST,"[119,4]",72,"[119,254]","[0,254]",,TREE
1707.5448077349313,NETWORK_REQUEST,"[125,1]",61,"[125,254]","[0,254]",,TREE
1707.5448137072583,NETWORK_REQUEST,"[128,1]",74,"[102,254]","[0,254]",,TREE
1707.5448231095384,NETWORK_REQUEST,"[128,1]",64,"[113,254]","[0,254]",,TREE
1707.5448403101852,NETWORK_REQUEST,"[128,1]",76,"[46,3]","[0,254]",,TREE
1707.5448630832445,NETWORK_REQUEST,"[119,4]",83,"[113,254]","[0,254]",,TREE
1707.5448767267471,NETWORK_REQUEST,"[125,1]",71,"[119,2]","[0,254]",,TREE
1707.5448877880324,NETWORK_REQUEST,"[125,1]",61,"[125,254]","[0,254]",,TREE
1707.544893808938,NETWORK_REQUEST,"[128,1]",74,"[102,254]","[0,254]",,TREE
1707.54490054382,NETWORK_REQUEST,"[128,1]",85,"[97,254]","[0,254]",,TREE
1707.5449250863426,NETWORK_REQUEST,"[128,1]",67,"[46,254]","[0,254]",,TREE
1707.5449483264624,NETWORK_REQUEST,"[119,4]",74,"[102,254]","[0,254]",,TREE
1707.5449566370326,NETWORK_REQUEST,"[125,1]",82,"[119,254]","[0,254]",,TREE
1707.5449567798482,NETWORK_REQUEST,"[125,1]",71,"[119,2]","[0,254]",,TREE
1707.5449806454997,NETWORK_REQUEST,"[128,1]",85,"[97,254]","[0,254]",,TREE
1707.5449879172033,NETWORK_REQUEST,"[128,1]",76,"[46,3]","[0,254]",,TREE
1707.5450091417867,NETWORK_REQUEST,"[125,1]",83,"[113,254]","[0,254]",,TREE
1707.5450094265734,NETWORK_REQUEST,"[128,1]",57,"[14,1]","[0,254]",,TREE
1707.545035163024,NETWORK_REQUEST,"[119,4]",85,"[97,254]","[0,254]",,TREE
1707.5450366901337,NETWORK_REQUEST,"[125,1]",82,"[119,254]","[0,254]",,TREE
1707.545068018883,NETWORK_REQUEST,"[128,1]",76,"[46,3]","[0,254]",,TREE
1707.5450707146751,NETWORK_REQUEST,"[128,1]",47,"[14,254]","[0,254]",,TREE
1707.5450726933607,NETWORK_REQUEST,"[128,1]",67,"[46,254]","[0,254]",,TREE
1707.5450891948879,NETWORK_REQUEST,"[125,1]",83,"[113,254]","[0,254]",,TREE
1707.5450943850046,NETWORK_REQUEST,"[125,1]",74,"[102,254]","[0,254]",,TREE
1707.5451225364075,NETWORK_REQUEST,"[119,4]",76,"[46,3]","[0,254]",,TREE
1707.5451339640135,NETWORK_REQUEST,"[128,1]",38,"[0,2]","[0,254]",,TREE
1707.5451527950404,NETWORK_REQUEST,"[128,1]",67,"[46,254]","[0,254]",,TREE
1707.5451570335915,NETWORK_REQUEST,"[128,1]",57,"[14,1]","[0,254]",,TREE
1707.5451744381057,NETWORK_REQUEST,"[125,1]",74,"[102,254]","[0,254]",,TREE
1707.5451812215663,NETWORK_REQUEST,"[125,1]",85,"[97,254]","[0,254]",,TREE
1707.5452073125648,NETWORK_REQUEST,"[119,4]",67,"[46,254]","[0,254]",,TREE
1707.5452104413218,NETWORK_REQUEST,"[128,1]",27,"[0,254]","[0,254]",,DIRECT
1707.5452183216933,NETWORK_REQUEST,"[128,1]",47,"[14,254]","[0,254]",,TREE
1707.5452371352712,NETWORK_REQUEST,"[128,1]",57,"[14,1]","[0,254]",,TREE
1707.5452612746674,NETWORK_REQUEST,"[125,1]",85,"[97,254]","[0,254]",,TREE
1707.5452685949497,NETWORK_REQUEST,"[125,1]",76,"[46,3]","[0,254]",,TREE
1707.5452738145145,NETWORK_REPLY,"[0,254]",17,"[0,2]","[128,1]",,TREE
1707.5452815710316,NETWORK_REQUEST,"[128,1]",38,"[0,2]","[0,254]",,TREE
1707.5452916527956,NETWORK_REQUEST,"[119,4]",57,"[14,1]","[0,254]",,TREE
1707.545298423373,NETWORK_REQUEST,"[128,1]",47,"[14,254]","[0,254]",,TREE
1707.5453371877072,NETWORK_REPLY,"[0,254]",27,"[14,254]","[128,1]",,TREE
1707.5453486480508,NETWORK_REQUEST,"[125,1]",76,"[46,3]","[0,254]",,TREE
1707.5453529408974,NETWORK_REQUEST,"[119,4]",47,"[14,254]","[0,254]",,TREE
1707.545353371107,NETWORK_REQUEST,"[125,1]",67,"[46,254]","[0,254]",,TREE
1707.54535804834,NETWORK_REQUEST,"[128,1]",27,"[0,254]","[0,254]",,DIRECT
1707.5453616727114,NETWORK_REQUEST,"[128,1]",38,"[0,2]","[0,254]",,TREE
1707.5454136650155,NETWORK_REPLY,"[0,254]",38,"[14,1]","[128,1]",,TREE
1707.5454161902358,NETWORK_REQUEST,"[119,4]",38,"[0,2]","[0,254]",,TREE
1707.5454214215326,NETWORK_REPLY,"[0,254]",17,"[0,2]","[128,1]",,TREE
1707.545433424208,NETWORK_REQUEST,"[125,1]",67,"[46,254]","[0,254]",,TREE
1707.5454377113379,NETWORK_REQUEST,"[125,1]",57,"[14,1]","[0,254]",,TREE
1707.5454381500197,NETWORK_REQUEST,"[128,1]",27,"[0,254]","[0,254]",,DIRECT
1707.545476914354,NETWORK_REPLY,"[0,254]",47,"[46,1]","[128,1]",,TREE
1707.5454847947253,NETWORK_REPLY,"[0,254]",27,"[14,254]","[128,1]",,TREE
1707.545492667544,NETWORK_REQUEST,"[119,4]",27,"[0,254]","[0,254]",,DIRECT
1707.5454989994396,NETWORK_REQUEST,"[125,1]",47,"[14,254]","[0,254]",,TREE
1707.5455015232124,NETWORK_REPLY,"[0,254]",17,"[0,2]","[128,1]",,TREE
1707.545517764439,NETWORK_REQUEST,"[125,1]",57,"[14,1]","[0,254]",,TREE
1707.5455382024556,NETWORK_REPLY,"[0,254]",57,"[46,3]","[128,1]",,TREE
1707.5455560407368,NETWORK_REPLY,"[0,254]",17,"[0,2]","[119,4]",,TREE
1707.5455612720336,NETWORK_REPLY,"[0,254]",38,"[14,1]","[128,1]",,TREE
1707.545562248778,NETWORK_REQUEST,"[125,1]",38,"[0,2]","[0,254]",,TREE
1707.545564896405,NETWORK_REPLY,"[0,254]",27,"[14,254]","[128,1]",,TREE
1707.5455790525407,NETWORK_REQUEST,"[125,1]",47,"[14,254]","[0,254]",,TREE
1707.5456194139294,NETWORK_REPLY,"[0,254]",27,"[14,254]","[119,4]",,TREE
1707.5456225426865,NETWORK_REPLY,"[0,254]",67,"[97,254]","[128,1]",,TREE
1707.545624521372,NETWORK_REPLY,"[0,254]",47,"[46,1]","[128,1]",,TREE
1707.5456387260863,NETWORK_REQUEST,"[125,1]",27,"[0,254]","[0,254]",,DIRECT
1707.5456413737134,NETWORK_REPLY,"[0,254]",38,"[14,1]","[128,1]",,TREE
1707.545642301879,NETWORK_REQUEST,"[125,1]",38,"[0,2]","[0,254]",,TREE
1707.5456858094738,NETWORK_REPLY,"[0,254]",57,"[46,3]","[128,1]",,TREE
1707.5456958912378,NETWORK_REPLY,"[0,254]",38,"[14,1]","[119,4]",,TREE
1707.545702099279,NETWORK_REPLY,"[0,254]",17,"[0,2]","[125,1]",,TREE
1707.5457046230517,NETWORK_REPLY,"[0,254]",47,"[46,1]","[128,1]",,TREE
1707.5457073188438,NETWORK_REPLY,"[0,254]",76,"[97,2]","[128,1]",,TREE
1707.5457187791874,NETWORK_REQUEST,"[125,1]",27,"[0,254]","[0,254]",,DIRECT
1707.5457591405761,NETWORK_REPLY,"[0,254]",47,"[46,1]","[119,4]",,TREE
1707.5457654724717,NETWORK_REPLY,"[0,254]",27,"[14,254]","[125,1]",,TREE
1707.5457659111535,NETWORK_REPLY,"[0,254]",57,"[46,3]","[128,1]",,TREE
1707.5457701497046,NETWORK_REPLY,"[0,254]",67,"[97,254]","[128,1]",,TREE
1707.54578215238,NETWORK_REPLY,"[0,254]",17,"[0,2]","[125,1]",,TREE
1707.5457946922272,NETWORK_REPLY,"[0,254]",85,"[102,2]","[128,1]",,TREE
1707.5458204286779,NETWORK_REPLY,"[0,254]",57,"[46,3]","[119,4]",,TREE
1707.54584194978,NETWORK_REPLY,"[0,254]",38,"[14,1]","[125,1]",,TREE
1707.5458455255728,NETWORK_REPLY,"[0,254]",27,"[14,254]","[125,1]",,TREE
1707.5458502513843,NETWORK_REPLY,"[0,254]",67,"[97,254]","[128,1]",,TREE
1707.545854925862,NETWORK_REPLY,"[0,254]",76,"[97,2]","[128,1]",,TREE
1707.5458815287889,NETWORK_REPLY,"[0,254]",74,"[113,2]","[128,1]",,TREE
1707.5459047689087,NETWORK_REPLY,"[0,254]",67,"[97,254]","[119,4]",,TREE
1707.5459051991184,NETWORK_REPLY,"[0,254]",47,"[46,1]","[125,1]",,TREE
1707.545922002881,NETWORK_REPLY,"[0,254]",38,"[14,1]","[125,1]",,TREE
1707.5459350275416,NETWORK_REPLY,"[0,254]",76,"[97,2]","[128,1]",,TREE
1707.5459422992453,NETWORK_REPLY,"[0,254]",85,"[102,2]","[128,1]",,TREE
1707.5459522281885,NETWORK_REPLY,"[0,254]",64,"[128,1]","[128,1]",,DIRECT
1707.54596648722,NETWORK_REPLY,"[0,254]",57,"[46,3]","[125,1]",,TREE
1707.5459852522195,NETWORK_REPLY,"[0,254]",47,"[46,1]","[125,1]",,TREE
1707.545989545066,NETWORK_REPLY,"[0,254]",76,"[97,2]","[119,4]",,TREE
1707.546022400925,NETWORK_REPLY,"[0,254]",85,"[102,2]","[128,1]",,TREE
1707.546029135807,NETWORK_REPLY,"[0,254]",74,"[113,2]","[128,1]",,TREE
1707.5460465403212,NETWORK_REPLY,"[0,254]",57,"[46,3]","[125,1]",,TREE
1707.546050827451,NETWORK_REPLY,"[0,254]",67,"[97,254]","[125,1]",,TREE
1707.5460769184494,NETWORK_REPLY,"[0,254]",85,"[102,2]","[119,4]",,TREE
1707.5460998352066,NETWORK_REPLY,"[0,254]",64,"[128,1]","[128,1]",,DIRECT
1707.5461092374867,NETWORK_REPLY,"[0,254]",74,"[113,2]","[128,1]",,TREE
1707.546130880552,NETWORK_REPLY,"[0,254]",67,"[97,254]","[125,1]",,TREE
1707.5461356036083,NETWORK_REPLY,"[0,254]",76,"[97,2]","[125,1]",,TREE
1707.546163755011,NETWORK_REPLY,"[0,254]",74,"[113,1]","[119,4]",,TREE
1707.5461799368863,NETWORK_REPLY,"[0,254]",64,"[128,1]","[128,1]",,DIRECT
1707.5462156567094,NETWORK_REPLY,"[0,254]",76,"[97,2]","[125,1]",,TREE
1707.5462229769917,NETWORK_REPLY,"[0,254]",85,"[102,2]","[125,1]",,TREE
1707.546248998229,NETWORK_REPLY,"[0,254]",83,"[119,4]","[119,4]",,DIRECT
1707.5463030300928,NETWORK_REPLY,"[0,254]",85,"[102,2]","[125,1]",,TREE
1707.5463098135533,NETWORK_REPLY,"[0,254]",74,"[113,1]","[125,1]",,TREE
1707.5463898666544,NETWORK_REPLY,"[0,254]",74,"[113,1]","[125,1]",,TREE
1707.5463950567712,NETWORK_REPLY,"[0,254]",83,"[119,2]","[125,1]",,TREE
1707.5464475615254,NETWORK_REPLY,"[0,254]",82,"[125,254]","[125,1]",,TREE
1707.5464751098723,NETWORK_REPLY,"[0,254]",83,"[119,2]","[125,1]",,TREE
1707.5465274718108,NETWORK_REPLY,"[0,254]",71,"[125,1]","[125,1]",,DIRECT
1707.5465276146265,NETWORK_REPLY,"[0,254]",82,"[125,254]","[125,1]",,TREE
1707.546607524912,NETWORK_REPLY,"[0,254]",71,"[125,1]","[125,1]",,DIRECT
1717.544317973188,NETWORK_REQUEST,"[127,2]",5,"[127,254]","[0,254]",,TREE
1717.5443718014421,NETWORK_REQUEST,"[127,2]",15,"[2,7]","[0,254]",,TREE
1717.5443815427134,NETWORK_REQUEST,"[127,2]",5,"[127,254]","[0,254]",,TREE
1717.544424939362,NETWORK_REQUEST,"[129,1]",44,"[129,254]","[0,254]",,TREE
1717.5444353709674,NETWORK_REQUEST,"[127,2]",15,"[2,7]","[0,254]",,TREE
1717.544436809539,NETWORK_REQUEST,"[127,2]",26,"[2,254]","[0,254]",,TREE
1717.5445003790644,NETWORK_REQUEST,"[127,2]",26,"[2,254]","[0,254]",,TREE
1717.5445030865353,NETWORK_REQUEST,"[129,1]",44,"[129,254]","[0,254]",,TREE
1717.5445156507167,NETWORK_REQUEST,"[129,1]",54,"[128,254]","[0,254]",,TREE
1717.544526385532,NETWORK_REQUEST,"[127,2]",36,"[0,2]","[0,254]",,TREE
1717.5445899550573,NETWORK_REQUEST,"[127,2]",36,"[0,2]","[0,254]",,TREE
1717.54459379789,NETWORK_REQUEST,"[129,1]",54,"[128,254]","[0,254]",,TREE
1717.5445954008405,NETWORK_REQUEST,"[129,1]",64,"[113,254]","[0,254]",,TREE
1717.5445969675893,NETWORK_REQUEST,"[127,2]",27,"[0,254]","[0,254]",,DIRECT
1717.5446304196678,NETWORK_REQUEST,"[129,2]",53,"[129,254]","[0,254]",,TREE
1717.544660340782,NETWORK_REPLY,"[0,254]",17,"[0,2]","[127,2]",,TREE
1717.5446605371146,NETWORK_REQUEST,"[127,2]",27,"[0,254]","[0,254]",,DIRECT
1717.5446632577348,NETWORK_REQUEST,"[129,2]",54,"[128,254]","[0,254]",,TREE
1717.5446661002402,NETWORK_REQUEST,"[129,1]",74,"[102,254]","[0,254]",,TREE
1717.5446735480139,NETWORK_REQUEST,"[129,1]",64,"[113,254]","[0,254]",,TREE
1717.5446853364676,NETWORK_REQUEST,"[129,2]",53,"[129,254]","[0,254]",,TREE
1717.5447181745346,NETWORK_REQUEST,"[129,2]",54,"[128,254]","[0,254]",,TREE
1717.5447237139747,NETWORK_REPLY,"[0,254]",27,"[2,1]","[127,2]",,TREE
1717.5447239103073,NETWORK_REPLY,"[0,254]",17,"[0,2]","[127,2]",,TREE
1717.5447430078586,NETWORK_REQUEST,"[129,2]",64,"[113,254]","[0,254]",,TREE
1717.5447442474135,NETWORK_REQUEST,"[129,1]",74,"[102,254]","[0,254]",,TREE
1717.5447529368018,NETWORK_REQUEST,"[129,1]",85,"[97,254]","[0,254]",,TREE
1717.5447872835,NETWORK_REPLY,"[0,254]",27,"[2,1]","[127,2]",,TREE
1717.544794296032,NETWORK_REPLY,"[0,254]",36,"[2,7]","[127,2]",,TREE
1717.5447979246585,NETWORK_REQUEST,"[129,2]",64,"[113,254]","[0,254]",,TREE
1717.5448137072583,NETWORK_REQUEST,"[129,2]",74,"[102,254]","[0,254]",,TREE
1717.5448310839752,NETWORK_REQUEST,"[129,1]",85,"[97,254]","[0,254]",,TREE
1717.5448403101852,NETWORK_REQUEST,"[129,1]",76,"[46,3]","[0,254]",,TREE
1717.5448578655573,NETWORK_REPLY,"[0,254]",36,"[2,7]","[127,2]",,TREE
1717.5448686240582,NETWORK_REQUEST,"[129,2]",74,"[102,254]","[0,254]",,TREE
1717.544883872025,NETWORK_REPLY,"[0,254]",26,"[127,1]","[127,2]",,MESH
1717.54490054382,NETWORK_REQUEST,"[129,2]",85,"[97,254]","[0,254]",,TREE
1717.5449184573586,NETWORK_REQUEST,"[129,1]",76,"[46,3]","[0,254]",,TREE
1717.5449250863426,NETWORK_REQUEST,"[129,1]",67,"[46,254]","[0,254]",,TREE
1717.5449474415502,NETWORK_REPLY,"[0,254]",26,"[127,1]","[127,2]",,MESH
1717.5449488801219,NETWORK_REPLY,"[0,254]",15,"[127,2]","[127,2]",,DIRECT
1717.5449554606198,NETWORK_REQUEST,"[129,2]",85,"[97,254]","[0,254]",,TREE
1717.5449879172033,NETWORK_REQUEST,"[129,2]",76,"[46,3]","[0,254]",,TREE
1717.545003233516,NETWORK_REQUEST,"[129,1]",67,"[46,254]","[0,254]",,TREE
1717.5450094265734,NETWORK_REQUEST,"[129,1]",57,"[14,1]","[0,254]",,TREE
1717.5450124496472,NETWORK_REPLY,"[0,254]",15,"[127,2]","[127,2]",,DIRECT
1717.5450428340032,NETWORK_REQUEST,"[129,2]",76,"[46,3]","[0,254]",,TREE
1717.5450707146751,NETWORK_REQUEST,"[129,1]",47,"[14,254]","[0,254]",,TREE
1717.5450726933607,NETWORK_REQUEST,"[129,2]",67,"[46,254]","[0,254]",,TREE
1717.5450875737467,NETWORK_REQUEST,"[129,1]",57,"[14,1]","[0,254]",,TREE
1717.5451276101605,NETWORK_REQUEST,"[129,2]",67,"[46,254]","[0,254]",,TREE
1717.5451339640135,NETWORK_REQUEST,"[129,1]",38,"[0,2]","[0,254]",,TREE
1717.5451488618485,NETWORK_REQUEST,"[129,1]",47,"[14,254]","[0,254]",,TREE
1717.5451570335915,NETWORK_REQUEST,"[129,2]",57,"[14,1]","[0,254]",,TREE
1717.5452104413218,NETWORK_REQUEST,"[129,1]",27,"[0,254]","[0,254]",,DIRECT
1717.5452119503914,NETWORK_REQUEST,"[129,2]",57,"[14,1]","[0,254]",,TREE
1717.5452121111869,NETWORK_REQUEST,"[129,1]",38,"[0,2]","[0,254]",,TREE
1717.5452183216933,NETWORK_REQUEST,"[129,2]",47,"[14,254]","[0,254]",,TREE
1717.545273238493,NETWORK_REQUEST,"[129,2]",47,"[14,254]","[0,254]",,TREE
1717.5452738145145,NETWORK_REPLY,"[0,254]",17,"[0,2]","[129,1]",,TREE
1717.5452815710316,NETWORK_REQUEST,"[129,2]",38,"[0,2]","[0,254]",,TREE
1717.5452885884952,NETWORK_REQUEST,"[129,1]",27,"[0,254]","[0,254]",,DIRECT
1717.5453364878315,NETWORK_REQUEST,"[129,2]",38,"[0,2]","[0,254]",,TREE
1717.5453371877072,NETWORK_REPLY,"[0,254]",27,"[14,254]","[129,1]",,TREE
1717.5453519616879,NETWORK_REPLY,"[0,254]",17,"[0,2]","[129,1]",,TREE
1717.54535804834,NETWORK_REQUEST,"[129,2]",27,"[0,254]","[0,254]",,DIRECT
1717.5454129651398,NETWORK_REQUEST,"[129,2]",27,"[0,254]","[0,254]",,DIRECT
1717.5454136650155,NETWORK_REPLY,"[0,254]",38,"[14,1]","[129,1]",,TREE
1717.5454153348805,NETWORK_REPLY,"[0,254]",27,"[14,254]","[129,1]",,TREE
1717.5454214215326,NETWORK_REPLY,"[0,254]",17,"[0,2]","[129,2]",,TREE
1717.5454763383325,NETWORK_REPLY,"[0,254]",17,"[0,2]","[129,2]",,TREE
1717.545476914354,NETWORK_REPLY,"[0,254]",47,"[46,1]","[129,1]",,TREE
1717.5454847947253,NETWORK_REPLY,"[0,254]",27,"[14,254]","[129,2]",,TREE
1717.5454918121889,NETWORK_REPLY,"[0,254]",38,"[14,1]","[129,1]",,TREE
1717.5455382024556,NETWORK_REPLY,"[0,254]",57,"[46,3]","[129,1]",,TREE
1717.5455397115252,NETWORK_REPLY,"[0,254]",27,"[14,254]","[129,2]",,TREE
1717.5455550615272,NETWORK_REPLY,"[0,254]",47,"[46,1]","[129,1]",,TREE
1717.5455612720336,NETWORK_REPLY,"[0,254]",38,"[14,1]","[129,2]",,TREE
1717.5456161888335,NETWORK_REPLY,"[0,254]",38,"[14,1]","[129,2]",,TREE
1717.545616349629,NETWORK_REPLY,"[0,254]",57,"[46,3]","[129,1]",,TREE
1717.5456225426865,NETWORK_REPLY,"[0,254]",67,"[97,254]","[129,1]",,TREE
1717.545624521372,NETWORK_REPLY,"[0,254]",47,"[46,1]","[129,2]",,TREE
1717.5456794381719,NETWORK_REPLY,"[0,254]",47,"[46,1]","[129,2]",,TREE
1717.5456858094738,NETWORK_REPLY,"[0,254]",57,"[46,3]","[129,2]",,TREE
1717.5457006898598,NETWORK_REPLY,"[0,254]",67,"[97,254]","[129,1]",,TREE
1717.5457073188438,NETWORK_REPLY,"[0,254]",76,"[97,2]","[129,1]",,TREE
1717.5457407262736,NETWORK_REPLY,"[0,254]",57,"[46,3]","[129,2]",,TREE
1717.5457701497046,NETWORK_REPLY,"[0,254]",67,"[97,254]","[129,2]",,TREE
1717.5457854660172,NETWORK_REPLY,"[0,254]",76,"[97,2]","[129,1]",,TREE
1717.5457946922272,NETWORK_REPLY,"[0,254]",85,"[102,2]","[129,1]",,TREE
1717.5458250665044,NETWORK_REPLY,"[0,254]",67,"[97,254]","[129,2]",,TREE
1717.545854925862,NETWORK_REPLY,"[0,254]",76,"[97,2]","[129,2]",,TREE
1717.5458728394005,NETWORK_REPLY,"[0,254]",85,"[102,2]","[129,1]",,TREE
1717.5458815287889,NETWORK_REPLY,"[0,254]",74,"[113,2]","[129,1]",,TREE
1717.5459098426618,NETWORK_REPLY,"[0,254]",76,"[97,2]","[129,2]",,TREE
1717.5459422992453,NETWORK_REPLY,"[0,254]",85,"[102,2]","[129,2]",,TREE
1717.5459522281885,NETWORK_REPLY,"[0,254]",64,"[128,1]","[129,1]",,MESH
1717.5459596759622,NETWORK_REPLY,"[0,254]",74,"[113,2]","[129,1]",,TREE
1717.5459972160452,NETWORK_REPLY,"[0,254]",85,"[102,2]","[129,2]",,TREE
1717.546029135807,NETWORK_REPLY,"[0,254]",74,"[113,2]","[129,2]",,TREE
1717.5460303753619,NETWORK_REPLY,"[0,254]",64,"[128,1]","[129,1]",,MESH
1717.5460319783124,NETWORK_REPLY,"[0,254]",54,"[129,1]","[129,1]",,DIRECT
1717.5460840526068,NETWORK_REPLY,"[0,254]",74,"[113,2]","[129,2]",,TREE
1717.5460998352066,NETWORK_REPLY,"[0,254]",64,"[128,1]","[129,2]",,MESH
1717.5461101254857,NETWORK_REPLY,"[0,254]",54,"[129,1]","[129,1]",,DIRECT
1717.5461547520065,NETWORK_REPLY,"[0,254]",64,"[128,1]","[129,2]",,MESH
1717.5461795853305,NETWORK_REPLY,"[0,254]",54,"[129,2]","[129,2]",,DIRECT
1717.5462345021303,NETWORK_REPLY,"[0,254]",54,"[129,2]","[129,2]",,DIRECT
1722.545071818531,NETWORK_REQUEST,"[125,1]",61,"[125,254]","[0,254]",,TREE
1722.5451408103468,NETWORK_REQUEST,"[125,1]",71,"[119,2]","[0,254]",,TREE
1722.5452207206322,NETWORK_REQUEST,"[125,1]",82,"[119,254]","[0,254]",,TREE
1722.5452732253864,NETWORK_REQUEST,"[125,1]",83,"[113,254]","[0,254]",,TREE
1722.5453584686043,NETWORK_REQUEST,"[125,1]",74,"[102,254]","[0,254]",,TREE
1722.545445305166,NETWORK_REQUEST,"[125,1]",85,"[97,254]","[0,254]",,TREE
1722.5455326785493,NETWORK_REQUEST,"[125,1]",76,"[46,3]","[0,254]",,TREE
1722.5456174547066,NETWORK_REQUEST,"[125,1]",67,"[46,254]","[0,254]",,TREE
1722.5457017949375,NETWORK_REQUEST,"[125,1]",57,"[14,1]","[0,254]",,TREE
1722.5457630830392,NETWORK_REQUEST,"[125,1]",47,"[14,254]","[0,254]",,TREE
1722.5458263323776,NETWORK_REQUEST,"[125,1]",38,"[0,2]","[0,254]",,TREE
1722.545902809686,NETWORK_REQUEST,"[125,1]",27,"[0,254]","[0,254]",,DIRECT
1722.5459661828786,NETWORK_REPLY,"[0,254]",17,"[0,2]","[125,1]",,TREE
1722.5460295560713,NETWORK_REPLY,"[0,254]",27,"[14,254]","[125,1]",,TREE
1722.5461060333796,NETWORK_REPLY,"[0,254]",38,"[14,1]","[125,1]",,TREE
1722.546169282718,NETWORK_REPLY,"[0,254]",47,"[46,1]","[125,1]",,TREE
1722.5462305708197,NETWORK_REPLY,"[0,254]",57,"[46,3]","[125,1]",,TREE
1722.5463149110506,NETWORK_REPLY,"[0,254]",67,"[97,254]","[125,1]",,TREE
1722.546399687208,NETWORK_REPLY,"[0,254]",76,"[97,2]","[125,1]",,TREE
1722.5464870605913,NETWORK_REPLY,"[0,254]",85,"[102,2]","[125,1]",,TREE
1722.546573897153,NETWORK_REPLY,"[0,254]",74,"[113,1]","[125,1]",,TREE
1722.5466591403708,NETWORK_REPLY,"[0,254]",83,"[119,2]","[125,1]",,TREE
1722.546711645125,NETWORK_REPLY,"[0,254]",82,"[125,254]","[125,1]",,TREE
1722.5467915554104,NETWORK_REPLY,"[0,254]",71,"[125,1]","[125,1]",,DIRECT
1727.544373896122,NETWORK_REQUEST,"[133,1]",34,"[133,254]","[0,254]",,TREE
1727.544424939362,NETWORK_REQUEST,"[133,1]",44,"[129,254]","[0,254]",,TREE
1727.5445156507167,NETWORK_REQUEST,"[133,1]",54,"[128,254]","[0,254]",,TREE
1727.5445202873402,NETWORK_REQUEST,"[132,2]",4,"[132,254]","[0,254]",,TREE
1727.5445816617325,NETWORK_REQUEST,"[132,2]",5,"[127,254]","[0,254]",,TREE
1727.5445954008405,NETWORK_REQUEST,"[133,1]",64,"[113,254]","[0,254]",,TREE
1727.5446079251878,NETWORK_REQUEST,"[133,1]",34,"[133,254]","[0,254]",,TREE
1727.5446354899866,NETWORK_REQUEST,"[132,2]",15,"[2,7]","[0,254]",,TREE
1727.544658968428,NETWORK_REQUEST,"[133,1]",44,"[129,254]","[0,254]",,TREE
1727.5446661002402,NETWORK_REQUEST,"[133,1]",74,"[102,254]","[0,254]",,TREE
1727.5447004980836,NETWORK_REQUEST,"[132,2]",26,"[2,254]","[0,254]",,TREE
1727.5447496797826,NETWORK_REQUEST,"[133,1]",54,"[128,254]","[0,254]",,TREE
1727.5447529368018,NETWORK_REQUEST,"[133,1]",85,"[97,254]","[0,254]",,TREE
1727.5447900740764,NETWORK_REQUEST,"[132,2]",36,"[0,2]","[0,254]",,TREE
1727.5448294299065,NETWORK_REQUEST,"[133,1]",64,"[113,254]","[0,254]",,TREE
1727.5448403101852,NETWORK_REQUEST,"[133,1]",76,"[46,3]","[0,254]",,TREE
1727.5448606561338,NETWORK_REQUEST,"[132,2]",27,"[0,254]","[0,254]",,DIRECT
1727.5449001293061,NETWORK_REQUEST,"[133,1]",74,"[102,254]","[0,254]",,TREE
1727.5449240293265,NETWORK_REPLY,"[0,254]",17,"[0,2]","[132,2]",,TREE
1727.5449250863426,NETWORK_REQUEST,"[133,1]",67,"[46,254]","[0,254]",,TREE
1727.5449869658678,NETWORK_REQUEST,"[133,1]",85,"[97,254]","[0,254]",,TREE
1727.5449874025192,NETWORK_REPLY,"[0,254]",27,"[2,1]","[132,2]",,TREE
1727.5450094265734,NETWORK_REQUEST,"[133,1]",57,"[14,1]","[0,254]",,TREE
1727.5450579845765,NETWORK_REPLY,"[0,254]",36,"[2,7]","[132,2]",,TREE
1727.5450707146751,NETWORK_REQUEST,"[133,1]",47,"[14,254]","[0,254]",,TREE
1727.5450743392512,NETWORK_REQUEST,"[133,1]",76,"[46,3]","[0,254]",,TREE
1727.5451339640135,NETWORK_REQUEST,"[133,1]",38,"[0,2]","[0,254]",,TREE
1727.5451475605694,NETWORK_REPLY,"[0,254]",26,"[127,1]","[132,2]",,TREE
1727.5451591154085,NETWORK_REQUEST,"[133,1]",67,"[46,254]","[0,254]",,TREE
1727.5452104413218,NETWORK_REQUEST,"[133,1]",27,"[0,254]","[0,254]",,DIRECT
1727.5452125686663,NETWORK_REPLY,"[0,254]",15,"[127,2]","[132,2]",,MESH
1727.5452434556394,NETWORK_REQUEST,"[133,1]",57,"[14,1]","[0,254]",,TREE
1727.5452663969204,NETWORK_REPLY,"[0,254]",5,"[132,2]","[132,2]",,DIRECT
1727.5452738145145,NETWORK_REPLY,"[0,254]",17,"[0,2]","[133,1]",,TREE
1727.545304743741,NETWORK_REQUEST,"[133,1]",47,"[14,254]","[0,254]",,TREE
1727.5453371877072,NETWORK_REPLY,"[0,254]",27,"[14,254]","[133,1]",,TREE
1727.5453679930795,NETWORK_REQUEST,"[133,1]",38,"[0,2]","[0,254]",,TREE
1727.5454136650155,NETWORK_REPLY,"[0,254]",38,"[14,1]","[133,1]",,TREE
1727.5454444703878,NETWORK_REQUEST,"[133,1]",27,"[0,254]","[0,254]",,DIRECT
1727.545476914354,NETWORK_REPLY,"[0,254]",47,"[46,1]","[133,1]",,TREE
1727.5455078435805,NETWORK_REPLY,"[0,254]",17,"[0,2]","[133,1]",,TREE
1727.5455382024556,NETWORK_REPLY,"[0,254]",57,"[46,3]","[133,1]",,TREE
1727.5455712167732,NETWORK_REPLY,"[0,254]",27,"[14,254]","[133,1]",,TREE
1727.5456225426865,NETWORK_REPLY,"[0,254]",67,"[97,254]","[133,1]",,TREE
1727.5456476940815,NETWORK_REPLY,"[0,254]",38,"[14,1]","[133,1]",,TREE
1727.5457073188438,NETWORK_REPLY,"[0,254]",76,"[97,2]","[133,1]",,TREE
1727.5457109434199,NETWORK_REPLY,"[0,254]",47,"[46,1]","[133,1]",,TREE
1727.5457722315216,NETWORK_REPLY,"[0,254]",57,"[46,3]","[133,1]",,TREE
1727.5457946922272,NETWORK_REPLY,"[0,254]",85,"[102,2]","[133,1]",,TREE
1727.5458565717524,NETWORK_REPLY,"[0,254]",67,"[97,254]","[133,1]",,TREE
1727.5458815287889,NETWORK_REPLY,"[0,254]",74,"[113,2]","[133,1]",,TREE
1727.5459413479098,NETWORK_REPLY,"[0,254]",76,"[97,2]","[133,1]",,TREE
1727.5459522281885,NETWORK_REPLY,"[0,254]",64,"[128,1]","[133,1]",,TREE
1727.5460287212932,NETWORK_REPLY,"[0,254]",85,"[102,2]","[133,1]",,TREE
1727.5460319783124,NETWORK_REPLY,"[0,254]",54,"[129,1]","[133,1]",,MESH
1727.5461155578548,NETWORK_REPLY,"[0,254]",74,"[113,2]","[133,1]",,TREE
1727.546122689667,NETWORK_REPLY,"[0,254]",44,"[133,1]","[133,1]",,DIRECT
1727.5461862572545,NETWORK_REPLY,"[0,254]",64,"[128,1]","[133,1]",,TREE
1727.5462660073783,NETWORK_REPLY,"[0,254]",54,"[129,1]","[133,1]",,MESH
1727.546356718733,NETWORK_REPLY,"[0,254]",44,"[133,1]","[133,1]",,DIRECT
1747.5444827864621,NETWORK_REQUEST,"[132,2]",4,"[132,254]","[0,254]",,TREE
1747.5444928715497,NETWORK_REQUEST,"[132,2]",4,"[132,254]","[0,254]",,TREE
1747.544520752491,NETWORK_REQUEST,"[136,3]",23,"[136,254]","[0,254]",,TREE
1747.5445323343617,NETWORK_REQUEST,"[136,3]",23,"[136,254]","[0,254]",,TREE
1747.5445441608545,NETWORK_REQUEST,"[132,2]",5,"[127,254]","[0,254]",,TREE
1747.544554245942,NETWORK_REQUEST,"[132,2]",5,"[127,254]","[0,254]",,TREE
1747.544581561001,NETWORK_REQUEST,"[135,1]",41,"[135,254]","[0,254]",,TREE
1747.544587595115,NETWORK_REQUEST,"[135,1]",41,"[135,254]","[0,254]",,TREE
1747.5445979891085,NETWORK_REQUEST,"[132,2]",15,"[2,7]","[0,254]",,TREE
1747.544608074196,NETWORK_REQUEST,"[132,2]",15,"[2,7]","[0,254]",,TREE
1747.5446081915857,NETWORK_REQUEST,"[136,3]",14,"[132,2]","[0,254]",,TREE
1747.5446197734564,NETWORK_REQUEST,"[136,3]",14,"[132,2]","[0,254]",,TREE
1747.5446461228037,NETWORK_REQUEST,"[135,1]",41,"[135,254]","[0,254]",,TREE
1747.5446521526064,NETWORK_REQUEST,"[135,1]",51,"[125,1]","[0,254]",,TREE
1747.5446581867204,NETWORK_REQUEST,"[135,1]",51,"[125,1]","[0,254]",,TREE
1747.5446629972055,NETWORK_REQUEST,"[132,2]",26,"[2,254]","[0,254]",,TREE
1747.544673082293,NETWORK_REQUEST,"[132,2]",26,"[2,254]","[0,254]",,TREE
1747.54467366374,NETWORK_REQUEST,"[136,3]",4,"[132,254]","[0,254]",,TREE
1747.5446852456107,NETWORK_REQUEST,"[136,3]",4,"[132,254]","[0,254]",,TREE
1747.5447152025904,NETWORK_REQUEST,"[135,1]",61,"[125,254]","[0,254]",,TREE
1747.544716714409,NETWORK_REQUEST,"[135,1]",51,"[125,1]","[0,254]",,TREE
1747.5447212367044,NETWORK_REQUEST,"[135,1]",61,"[125,254]","[0,254]",,TREE
1747.5447350381323,NETWORK_REQUEST,"[136,3]",5,"[127,254]","[0,254]",,TREE
1747.544746620003,NETWORK_REQUEST,"[136,3]",5,"[127,254]","[0,254]",,TREE
1747.5447525731984,NETWORK_REQUEST,"[132,2]",36,"[0,2]","[0,254]",,TREE
1747.544762658286,NETWORK_REQUEST,"[132,2]",36,"[0,2]","[0,254]",,TREE
1747.544779764393,NETWORK_REQUEST,"[135,1]",61,"[125,254]","[0,254]",,TREE
1747.5447841944062,NETWORK_REQUEST,"[135,1]",71,"[119,2]","[0,254]",,TREE
1747.5447888663864,NETWORK_REQUEST,"[136,3]",15,"[2,7]","[0,254]",,TREE
1747.5447902285202,NETWORK_REQUEST,"[135,1]",71,"[119,2]","[0,254]",,TREE
1747.544800448257,NETWORK_REQUEST,"[136,3]",15,"[2,7]","[0,254]",,TREE
1747.5448231552557,NETWORK_REQUEST,"[132,2]",27,"[0,254]","[0,254]",,DIRECT
1747.5448332403432,NETWORK_REQUEST,"[132,2]",27,"[0,254]","[0,254]",,DIRECT
1747.544848756209,NETWORK_REQUEST,"[135,1]",71,"[119,2]","[0,254]",,TREE
1747.5448538744834,NETWORK_REQUEST,"[136,3]",26,"[2,254]","[0,254]",,TREE
1747.5448641046917,NETWORK_REQUEST,"[135,1]",82,"[119,254]","[0,254]",,TREE
1747.544865456354,NETWORK_REQUEST,"[136,3]",26,"[2,254]","[0,254]",,TREE
1747.5448701388057,NETWORK_REQUEST,"[135,1]",82,"[119,254]","[0,254]",,TREE
1747.5448865284484,NETWORK_REPLY,"[0,254]",17,"[0,2]","[132,2]",,TREE
1747.544896613536,NETWORK_REPLY,"[0,254]",17,"[0,2]","[132,2]",,TREE
1747.5449166094459,NETWORK_REQUEST,"[135,1]",83,"[113,254]","[0,254]",,TREE
1747.5449226435599,NETWORK_REQUEST,"[135,1]",83,"[113,254]","[0,254]",,TREE
1747.5449286664943,NETWORK_REQUEST,"[135,1]",82,"[119,254]","[0,254]",,TREE
1747.5449434504762,NETWORK_REQUEST,"[136,3]",36,"[0,2]","[0,254]",,TREE
1747.544949901641,NETWORK_REPLY,"[0,254]",27,"[2,1]","[132,2]",,TREE
1747.544955032347,NETWORK_REQUEST,"[136,3]",36,"[0,2]","[0,254]",,TREE
1747.5449599867286,NETWORK_REPLY,"[0,254]",27,"[2,1]","[132,2]",,TREE
1747.5449811712485,NETWORK_REQUEST,"[135,1]",83,"[113,254]","[0,254]",,TREE
1747.5450018526637,NETWORK_REQUEST,"[135,1]",74,"[102,254]","[0,254]",,TREE
1747.5450078867777,NETWORK_REQUEST,"[135,1]",74,"[102,254]","[0,254]",,TREE
1747.5450140325336,NETWORK_REQUEST,"[136,3]",27,"[0,254]","[0,254]",,DIRECT
1747.5450204836984,NETWORK_REPLY,"[0,254]",36,"[2,7]","[132,2]",,TREE
1747.5450256144043,NETWORK_REQUEST,"[136,3]",27,"[0,254]","[0,254]",,DIRECT
1747.545030568786,NETWORK_REPLY,"[0,254]",36,"[2,7]","[132,2]",,TREE
1747.5450664144664,NETWORK_REQUEST,"[135,1]",74,"[102,254]","[0,254]",,TREE
1747.5450774057263,NETWORK_REPLY,"[0,254]",17,"[0,2]","[136,3]",,TREE
1747.5450886892254,NETWORK_REQUEST,"[135,1]",85,"[97,254]","[0,254]",,TREE
1747.545088987597,NETWORK_REPLY,"[0,254]",17,"[0,2]","[136,3]",,TREE
1747.5450947233394,NETWORK_REQUEST,"[135,1]",85,"[97,254]","[0,254]",,TREE
1747.5451100596913,NETWORK_REPLY,"[0,254]",26,"[127,1]","[132,2]",,TREE
1747.5451201447788,NETWORK_REPLY,"[0,254]",26,"[127,1]","[132,2]",,TREE
1747.545140778919,NETWORK_REPLY,"[0,254]",27,"[2,1]","[136,3]",,TREE
1747.5451523607896,NETWORK_REPLY,"[0,254]",27,"[2,1]","[136,3]",,TREE
1747.545153251028,NETWORK_REQUEST,"[135,1]",85,"[97,254]","[0,254]",,TREE
1747.5451750677883,NETWORK_REPLY,"[0,254]",15,"[127,2]","[132,2]",,TREE
1747.5451760626088,NETWORK_REQUEST,"[135,1]",76,"[46,3]","[0,254]",,TREE
1747.5451820967228,NETWORK_REQUEST,"[135,1]",76,"[46,3]","[0,254]",,TREE
1747.5451851528758,NETWORK_REPLY,"[0,254]",15,"[127,2]","[132,2]",,TREE
1747.5452113609763,NETWORK_REPLY,"[0,254]",36,"[2,7]","[136,3]",,TREE
1747.545222942847,NETWORK_REPLY,"[0,254]",36,"[2,7]","[136,3]",,TREE
1747.5452288960423,NETWORK_REPLY,"[0,254]",5,"[132,2]","[132,2]",,DIRECT
1747.5452389811298,NETWORK_REPLY,"[0,254]",5,"[132,2]","[132,2]",,DIRECT
1747.5452406244115,NETWORK_REQUEST,"[135,1]",76,"[46,3]","[0,254]",,TREE
1747.5452608387661,NETWORK_REQUEST,"[135,1]",67,"[46,254]","[0,254]",,TREE
1747.5452668728801,NETWORK_REQUEST,"[135,1]",67,"[46,254]","[0,254]",,TREE
1747.5453009369692,NETWORK_REPLY,"[0,254]",26,"[127,1]","[136,3]",,TREE
1747.5453125188399,NETWORK_REPLY,"[0,254]",26,"[127,1]","[136,3]",,TREE
1747.5453254005688,NETWORK_REQUEST,"[135,1]",67,"[46,254]","[0,254]",,TREE
1747.545345178997,NETWORK_REQUEST,"[135,1]",57,"[14,1]","[0,254]",,TREE
1747.545351213111,NETWORK_REQUEST,"[135,1]",57,"[14,1]","[0,254]",,TREE
1747.5453659450661,NETWORK_REPLY,"[0,254]",15,"[127,2]","[136,3]",,TREE
1747.5453775269368,NETWORK_REPLY,"[0,254]",15,"[127,2]","[136,3]",,TREE
1747.5454064670987,NETWORK_REQUEST,"[135,1]",47,"[14,254]","[0,254]",,TREE
1747.5454097407996,NETWORK_REQUEST,"[135,1]",57,"[14,1]","[0,254]",,TREE
1747.5454125012127,NETWORK_REQUEST,"[135,1]",47,"[14,254]","[0,254]",,TREE
1747.5454197733202,NETWORK_REPLY,"[0,254]",5,"[132,2]","[136,3]",,TREE
1747.5454313551909,NETWORK_REPLY,"[0,254]",5,"[132,2]","[136,3]",,TREE
1747.545469716437,NETWORK_REQUEST,"[135,1]",38,"[0,2]","[0,254]",,TREE
1747.5454710289014,NETWORK_REQUEST,"[135,1]",47,"[14,254]","[0,254]",,TREE
1747.545475750551,NETWORK_REQUEST,"[135,1]",38,"[0,2]","[0,254]",,TREE
1747.5454811477125,NETWORK_REPLY,"[0,254]",4,"[136,1]","[136,3]",,MESH
1747.5454927295832,NETWORK_REPLY,"[0,254]",4,"[136,1]","[136,3]",,MESH
1747.5455342782398,NETWORK_REQUEST,"[135,1]",38,"[0,2]","[0,254]",,TREE
1747.5455461937454,NETWORK_REQUEST,"[135,1]",27,"[0,254]","[0,254]",,DIRECT
1747.5455466198669,NETWORK_REPLY,"[0,254]",14,"[136,3]","[136,3]",,DIRECT
1747.5455522278594,NETWORK_REQUEST,"[135,1]",27,"[0,254]","[0,254]",,DIRECT
1747.5455582017375,NETWORK_REPLY,"[0,254]",14,"[136,3]","[136,3]",,DIRECT
1747.545609566938,NETWORK_REPLY,"[0,254]",17,"[0,2]","[135,1]",,TREE
1747.545610755548,NETWORK_REQUEST,"[135,1]",27,"[0,254]","[0,254]",,DIRECT
1747.545615601052,NETWORK_REPLY,"[0,254]",17,"[0,2]","[135,1]",,TREE
1747.5456729401308,NETWORK_REPLY,"[0,254]",27,"[14,254]","[135,1]",,TREE
1747.5456741287408,NETWORK_REPLY,"[0,254]",17,"[0,2]","[135,1]",,TREE
1747.5456789742448,NETWORK_REPLY,"[0,254]",27,"[14,254]","[135,1]",,TREE
1747.5457375019334,NETWORK_REPLY,"[0,254]",27,"[14,254]","[135,1]",,TREE
1747.545749417439,NETWORK_REPLY,"[0,254]",38,"[14,1]","[135,1]",,TREE
1747.545755451553,NETWORK_REPLY,"[0,254]",38,"[14,1]","[135,1]",,TREE
1747.5458126667775,NETWORK_REPLY,"[0,254]",47,"[46,1]","[135,1]",,TREE
1747.5458139792418,NETWORK_REPLY,"[0,254]",38,"[14,1]","[135,1]",,TREE
1747.5458187008915,NETWORK_REPLY,"[0,254]",47,"[46,1]","[135,1]",,TREE
1747.5458739548792,NETWORK_REPLY,"[0,254]",57,"[46,3]","[135,1]",,TREE
1747.5458772285801,NETWORK_REPLY,"[0,254]",47,"[46,1]","[135,1]",,TREE
1747.5458799889932,NETWORK_REPLY,"[0,254]",57,"[46,3]","[135,1]",,TREE
1747.5459385166819,NETWORK_REPLY,"[0,254]",57,"[46,3]","[135,1]",,TREE
1747.54595829511,NETWORK_REPLY,"[0,254]",67,"[97,254]","[135,1]",,TREE
1747.545964329224,NETWORK_REPLY,"[0,254]",67,"[97,254]","[135,1]",,TREE
1747.5460228569127,NETWORK_REPLY,"[0,254]",67,"[97,254]","[135,1]",,TREE
1747.5460430712674,NETWORK_REPLY,"[0,254]",76,"[97,2]","[135,1]",,TREE
1747.5460491053814,NETWORK_REPLY,"[0,254]",76,"[97,2]","[135,1]",,TREE
1747.54610763307,NETWORK_REPLY,"[0,254]",76,"[97,2]","[135,1]",,TREE
1747.5461304446508,NETWORK_REPLY,"[0,254]",85,"[102,2]","[135,1]",,TREE
1747.5461364787648,NETWORK_REPLY,"[0,254]",85,"[102,2]","[135,1]",,TREE
1747.5461950064534,NETWORK_REPLY,"[0,254]",85,"[102,2]","[135,1]",,TREE
1747.5462172812124,NETWORK_REPLY,"[0,254]",74,"[113,1]","[135,1]",,TREE
1747.5462233153264,NETWORK_REPLY,"[0,254]",74,"[113,1]","[135,1]",,TREE
1747.546281843015,NETWORK_REPLY,"[0,254]",74,"[113,1]","[135,1]",,TREE
1747.5463025244303,NETWORK_REPLY,"[0,254]",83,"[119,2]","[135,1]",,TREE
1747.5463085585443,NETWORK_REPLY,"[0,254]",83,"[119,2]","[135,1]",,TREE
1747.5463550291845,NETWORK_REPLY,"[0,254]",82,"[125,254]","[135,1]",,TREE
1747.5463610632985,NETWORK_REPLY,"[0,254]",82,"[125,254]","[135,1]",,TREE
1747.546367086233,NETWORK_REPLY,"[0,254]",83,"[119,2]","[135,1]",,TREE
1747.5464195909872,NETWORK_REPLY,"[0,254]",82,"[125,254]","[135,1]",,TREE
1747.54643493947,NETWORK_REPLY,"[0,254]",71,"[125,1]","[135,1]",,TREE
1747.546440973584,NETWORK_REPLY,"[0,254]",71,"[125,1]","[135,1]",,TREE
1747.5464995012726,NETWORK_REPLY,"[0,254]",71,"[125,1]","[135,1]",,TREE
1747.5465039312858,NETWORK_REPLY,"[0,254]",61,"[135,254]","[135,1]",,TREE
1747.5465099653998,NETWORK_REPLY,"[0,254]",61,"[135,254]","[135,1]",,TREE
1747.5465669812697,NETWORK_REPLY,"[0,254]",51,"[135,1]","[135,1]",,DIRECT
1747.5465684930884,NETWORK_REPLY,"[0,254]",61,"[135,254]","[135,1]",,TREE
1747.5465730153837,NETWORK_REPLY,"[0,254]",51,"[135,1]","[135,1]",,DIRECT
1747.5466315430724,NETWORK_REPLY,"[0,254]",51,"[135,1]","[135,1]",,DIRECT
1767.5445640988073,NETWORK_REQUEST,"[138,1]",3,"[138,254]","[0,254]",,TREE
1767.5445760664995,NETWORK_REQUEST,"[138,2]",12,"[138,254]","[0,254]",,TREE
1767.5446191149629,NETWORK_REQUEST,"[138,1]",13,"[132,2]","[0,254]",,TREE
1767.544632498134,NETWORK_REQUEST,"[138,2]",13,"[132,2]","[0,254]",,TREE
1767.5446954286701,NETWORK_REQUEST,"[140,3]",22,"[140,254]","[0,254]",,TREE
1767.5447054665772,NETWORK_REQUEST,"[138,1]",4,"[132,254]","[0,254]",,TREE
1767.5447188497483,NETWORK_REQUEST,"[138,2]",4,"[132,254]","[0,254]",,TREE
1767.5447668409695,NETWORK_REQUEST,"[138,1]",5,"[127,254]","[0,254]",,TREE
1767.5447684505466,NETWORK_REQUEST,"[140,3]",32,"[136,3]","[0,254]",,TREE
1767.5447802241406,NETWORK_REQUEST,"[138,2]",5,"[127,254]","[0,254]",,TREE
1767.5448206692236,NETWORK_REQUEST,"[138,1]",15,"[2,7]","[0,254]",,TREE
1767.5448340523947,NETWORK_REQUEST,"[138,2]",15,"[2,7]","[0,254]",,TREE
1767.5448509296818,NETWORK_REQUEST,"[140,3]",23,"[136,254]","[0,254]",,TREE
1767.5448856773205,NETWORK_REQUEST,"[138,1]",26,"[2,254]","[0,254]",,TREE
1767.5448990604916,NETWORK_REQUEST,"[138,2]",26,"[2,254]","[0,254]",,TREE
1767.5449383687765,NETWORK_REQUEST,"[140,3]",14,"[132,2]","[0,254]",,TREE
1767.5449752533134,NETWORK_REQUEST,"[138,1]",36,"[0,2]","[0,254]",,TREE
1767.5449886364845,NETWORK_REQUEST,"[138,2]",36,"[0,2]","[0,254]",,TREE
1767.5450038409308,NETWORK_REQUEST,"[140,3]",4,"[132,254]","[0,254]",,TREE
1767.5450458353707,NETWORK_REQUEST,"[138,1]",27,"[0,254]","[0,254]",,DIRECT
1767.5450592185418,NETWORK_REQUEST,"[138,2]",27,"[0,254]","[0,254]",,DIRECT
1767.5450652153231,NETWORK_REQUEST,"[140,3]",5,"[127,254]","[0,254]",,TREE
1767.5451092085634,NETWORK_REPLY,"[0,254]",17,"[0,2]","[138,1]",,TREE
1767.5451190435772,NETWORK_REQUEST,"[140,3]",15,"[2,7]","[0,254]",,TREE
1767.5451225917345,NETWORK_REPLY,"[0,254]",17,"[0,2]","[138,2]",,TREE
1767.545172581756,NETWORK_REPLY,"[0,254]",27,"[2,1]","[138,1]",,TREE
1767.5451840516741,NETWORK_REQUEST,"[140,3]",26,"[2,254]","[0,254]",,TREE
1767.5451859649272,NETWORK_REPLY,"[0,254]",27,"[2,1]","[138,2]",,TREE
1767.5452431638134,NETWORK_REPLY,"[0,254]",36,"[2,7]","[138,1]",,TREE
1767.5452565469845,NETWORK_REPLY,"[0,254]",36,"[2,7]","[138,2]",,TREE
1767.545273627667,NETWORK_REQUEST,"[140,3]",36,"[0,2]","[0,254]",,TREE
1767.5453327398063,NETWORK_REPLY,"[0,254]",26,"[127,1]","[138,1]",,TREE
1767.5453442097244,NETWORK_REQUEST,"[140,3]",27,"[0,254]","[0,254]",,DIRECT
1767.5453461229774,NETWORK_REPLY,"[0,254]",26,"[127,1]","[138,2]",,TREE
1767.5453977479033,NETWORK_REPLY,"[0,254]",15,"[127,2]","[138,1]",,TREE
1767.545407582917,NETWORK_REPLY,"[0,254]",17,"[0,2]","[140,3]",,TREE
1767.5454111310744,NETWORK_REPLY,"[0,254]",15,"[127,2]","[138,2]",,TREE
1767.5454515761573,NETWORK_REPLY,"[0,254]",5,"[132,2]","[138,1]",,TREE
1767.5454649593285,NETWORK_REPLY,"[0,254]",5,"[132,2]","[138,2]",,TREE
1767.5454709561097,NETWORK_REPLY,"[0,254]",27,"[2,1]","[140,3]",,TREE
1767.5455129505497,NETWORK_REPLY,"[0,254]",4,"[138,1]","[138,1]",,DIRECT
1767.5455263337208,NETWORK_REPLY,"[0,254]",4,"[138,254]","[138,2]",,TREE
1767.545541538167,NETWORK_REPLY,"[0,254]",36,"[2,7]","[140,3]",,TREE
1767.545612685335,NETWORK_REPLY,"[0,254]",13,"[138,2]","[138,2]",,DIRECT
1767.54563111416,NETWORK_REPLY,"[0,254]",26,"[127,1]","[140,3]",,TREE
1767.545696122257,NETWORK_REPLY,"[0,254]",15,"[127,2]","[140,3]",,TREE
1767.545749950511,NETWORK_REPLY,"[0,254]",5,"[132,2]","[140,3]",,TREE
1767.5458113249033,NETWORK_REPLY,"[0,254]",4,"[136,1]","[140,3]",,TREE
1767.5458767970576,NETWORK_REPLY,"[0,254]",14,"[136,3]","[140,3]",,TREE
1767.5459642361523,NETWORK_REPLY,"[0,254]",23,"[138,2]","[140,3]",,MESH
1767.5460409243522,NETWORK_REPLY,"[0,254]",12,"[140,3]","[140,3]",,DIRECT
1787.5446826870705,NETWORK_REQUEST,"[144,2]",11,"[144,254]","[0,254]",,TREE
1787.544750488552,NETWORK_REQUEST,"[144,2]",21,"[140,3]","[0,254]",,TREE
1787.5448239253403,NETWORK_REQUEST,"[144,2]",22,"[140,254]","[0,254]",,TREE
1787.5448969472168,NETWORK_REQUEST,"[144,2]",32,"[136,3]","[0,254]",,TREE
1787.544979426352,NETWORK_REQUEST,"[144,2]",23,"[136,254]","[0,254]",,TREE
1787.5450668654466,NETWORK_REQUEST,"[144,2]",14,"[132,2]","[0,254]",,TREE
1787.545132337601,NETWORK_REQUEST,"[144,2]",4,"[132,254]","[0,254]",,TREE
1787.5451937119933,NETWORK_REQUEST,"[144,2]",5,"[127,254]","[0,254]",,TREE
1787.5452475402474,NETWORK_REQUEST,"[144,2]",15,"[2,7]","[0,254]",,TREE
1787.5453125483443,NETWORK_REQUEST,"[144,2]",26,"[2,254]","[0,254]",,TREE
1787.5454021243372,NETWORK_REQUEST,"[144,2]",36,"[0,2]","[0,254]",,TREE
1787.5454727063945,NETWORK_REQUEST,"[144,2]",27,"[0,254]","[0,254]",,DIRECT
1787.5455360795872,NETWORK_REPLY,"[0,254]",17,"[0,2]","[144,2]",,TREE
1787.54559945278,NETWORK_REPLY,"[0,254]",27,"[2,1]","[144,2]",,TREE
1787.5456700348373,NETWORK_REPLY,"[0,254]",36,"[2,7]","[144,2]",,TREE
1787.5457596108301,NETWORK_REPLY,"[0,254]",26,"[127,1]","[144,2]",,TREE
1787.545824618927,NETWORK_REPLY,"[0,254]",15,"[127,2]","[144,2]",,TREE
1787.5458784471812,NETWORK_REPLY,"[0,254]",5,"[132,2]","[144,2]",,TREE
1787.5459398215735,NETWORK_REPLY,"[0,254]",4,"[136,1]","[144,2]",,TREE
1787.5460052937278,NETWORK_REPLY,"[0,254]",14,"[136,3]","[144,2]",,TREE
1787.5460927328224,NETWORK_REPLY,"[0,254]",23,"[140,2]","[144,2]",,TREE
1787.5461752119577,NETWORK_REPLY,"[0,254]",32,"[140,3]","[144,2]",,TREE
1787.5462482338341,NETWORK_REPLY,"[0,254]",22,"[144,2]","[144,2]",,DIRECT
1797.5446461169295,NETWORK_REQUEST,"[145,1]",10,"[145,254]","[0,254]",,TREE
1797.544732427767,NETWORK_REQUEST,"[145,1]",11,"[144,254]","[0,254]",,TREE
1797.5448002292485,NETWORK_REQUEST,"[145,1]",21,"[140,3]","[0,254]",,TREE
1797.544873666037,NETWORK_REQUEST,"[145,1]",22,"[140,254]","[0,254]",,TREE
1797.5449466879134,NETWORK_REQUEST,"[145,1]",32,"[136,3]","[0,254]",,TREE
1797.5450291670486,NETWORK_REQUEST,"[145,1]",23,"[136,254]","[0,254]",,TREE
1797.5451166061432,NETWORK_REQUEST,"[145,1]",14,"[132,2]","[0,254]",,TREE
1797.5451820782976,NETWORK_REQUEST,"[145,1]",4,"[132,254]","[0,254]",,TREE
1797.5452434526899,NETWORK_REQUEST,"[145,1]",5,"[127,254]","[0,254]",,TREE
1797.545297280944,NETWORK_REQUEST,"[145,1]",15,"[2,7]","[0,254]",,TREE
1797.545362289041,NETWORK_REQUEST,"[145,1]",26,"[2,254]","[0,254]",,TREE
1797.5454518650338,NETWORK_REQUEST,"[145,1]",36,"[0,2]","[0,254]",,TREE
1797.5455224470911,NETWORK_REQUEST,"[145,1]",27,"[0,254]","[0,254]",,DIRECT
1797.5455858202838,NETWORK_REPLY,"[0,254]",17,"[0,2]","[145,1]",,TREE
1797.5456491934765,NETWORK_REPLY,"[0,254]",27,"[2,1]","[145,1]",,TREE
1797.5457197755338,NETWORK_REPLY,"[0,254]",36,"[2,7]","[145,1]",,TREE
1797.5458093515267,NETWORK_REPLY,"[0,254]",26,"[127,1]","[145,1]",,TREE
1797.5458743596237,NETWORK_REPLY,"[0,254]",15,"[127,2]","[145,1]",,TREE
1797.5459281878777,NETWORK_REPLY,"[0,254]",5,"[132,2]","[145,1]",,TREE
1797.54598956227,NETWORK_REPLY,"[0,254]",4,"[136,1]","[145,1]",,TREE
1797.5460550344244,NETWORK_REPLY,"[0,254]",14,"[136,3]","[145,1]",,TREE
1797.546142473519,NETWORK_REPLY,"[0,254]",23,"[140,2]","[145,1]",,TREE
1797.5462249526543,NETWORK_REPLY,"[0,254]",32,"[140,3]","[145,1]",,TREE
1797.5462979745307,NETWORK_REPLY,"[0,254]",22,"[144,2]","[145,1]",,MESH
1797.5463435772504,NETWORK_REPLY,"[0,254]",11,"[145,1]","[145,1]",,DIRECT
1932.833076536758,NETWORK_REQUEST,"[43,3]",48,"[43,254]","[0,254]",,TREE
1932.8331641758114,NETWORK_REQUEST,"[43,3]",39,"[4,2]","[0,254]",,TREE
1932.833213041893,NETWORK_REQUEST,"[43,3]",29,"[4,254]","[0,254]",,TREE
1932.8332787622485,NETWORK_REQUEST,"[43,3]",28,"[0,3]","[0,254]",,TREE
1932.8333422864473,NETWORK_REQUEST,"[43,3]",18,"[0,254]","[0,254]",,DIRECT
1932.8334284445436,NETWORK_REPLY,"[0,254]",17,"[0,3]","[43,3]",,TREE
1932.8334893616654,NETWORK_REQUEST,"[93,1]",97,"[93,254]","[0,254]",,TREE
1932.83351460264,NETWORK_REPLY,"[0,254]",18,"[4,1]","[43,3]",,TREE
1932.8335688228185,NETWORK_REQUEST,"[93,1]",98,"[58,1]","[0,254]",,TREE
1932.8335781268388,NETWORK_REPLY,"[0,254]",28,"[4,2]","[43,3]",,TREE
1932.8336438471943,NETWORK_REPLY,"[0,254]",29,"[43,1]","[43,3]",,TREE
1932.8336472985457,NETWORK_REQUEST,"[93,1]",89,"[58,254]","[0,254]",,TREE
1932.833692713276,NETWORK_REPLY,"[0,254]",39,"[43,3]","[43,3]",,DIRECT
1932.8337277003945,NETWORK_REQUEST,"[93,1]",79,"[47,3]","[0,254]",,TREE
1932.833807307076,NETWORK_REQUEST,"[93,1]",69,"[47,254]","[0,254]",,TREE
1932.8338538643466,NETWORK_REQUEST,"[93,1]",59,"[43,2]","[0,254]",,TREE
1932.833901859752,NETWORK_REQUEST,"[93,1]",49,"[43,254]","[0,254]",,TREE
1932.8339908587513,NETWORK_REQUEST,"[93,1]",39,"[4,2]","[0,254]",,TREE
1932.834039724833,NETWORK_REQUEST,"[93,1]",29,"[4,254]","[0,254]",,TREE
1932.8341054451885,NETWORK_REQUEST,"[93,1]",28,"[0,3]","[0,254]",,TREE
1932.8341689693873,NETWORK_REQUEST,"[93,1]",18,"[0,254]","[0,254]",,DIRECT
1932.8342551274836,NETWORK_REPLY,"[0,254]",17,"[0,3]","[93,1]",,TREE
1932.83434128558,NETWORK_REPLY,"[0,254]",18,"[4,1]","[93,1]",,TREE
1932.8344048097788,NETWORK_REPLY,"[0,254]",28,"[4,2]","[93,1]",,TREE
1932.8344705301342,NETWORK_REPLY,"[0,254]",29,"[43,1]","[93,1]",,TREE
1932.834519396216,NETWORK_REPLY,"[0,254]",39,"[43,2]","[93,1]",,TREE
1932.8346083952154,NETWORK_REPLY,"[0,254]",49,"[47,1]","[93,1]",,TREE
1932.8346563906207,NETWORK_REPLY,"[0,254]",59,"[47,3]","[93,1]",,TREE
1932.8347029478912,NETWORK_REPLY,"[0,254]",69,"[58,254]","[93,1]",,TREE
1932.8347825545727,NETWORK_REPLY,"[0,254]",79,"[58,1]","[93,1]",,TREE
1932.8348629564216,NETWORK_REPLY,"[0,254]",89,"[93,254]","[93,1]",,TREE
1932.8349414321488,NETWORK_REPLY,"[0,254]",98,"[93,1]","[93,1]",,DIRECT
1942.8332467384682,NETWORK_REQUEST,"[96,1]",77,"[96,254]","[0,254]",,TREE
1942.8333246324728,NETWORK_REQUEST,"[96,1]",88,"[58,1]","[0,254]",,TREE
1942.8333914672878,NETWORK_REQUEST,"[96,1]",89,"[58,254]","[0,254]",,TREE
1942.8334718691367,NETWORK_REQUEST,"[96,1]",79,"[47,3]","[0,254]",,TREE
1942.8335514758182,NETWORK_REQUEST,"[96,1]",69,"[47,254]","[0,254]",,TREE
1942.8335980330887,NETWORK_REQUEST,"[96,1]",59,"[43,2]","[0,254]",,TREE
1942.833646028494,NETWORK_REQUEST,"[96,1]",49,"[43,254]","[0,254]",,TREE
1942.8337350274935,NETWORK_REQUEST,"[96,1]",39,"[4,2]","[0,254]",,TREE
1942.8337838935752,NETWORK_REQUEST,"[96,1]",29,"[4,254]","[0,254]",,TREE
1942.8338496139306,NETWORK_REQUEST,"[96,1]",28,"[0,3]","[0,254]",,TREE
1942.8339131381294,NETWORK_REQUEST,"[96,1]",18,"[0,254]","[0,254]",,DIRECT
1942.8339992962258,NETWORK_REPLY,"[0,254]",17,"[0,3]","[96,1]",,TREE
1942.8340854543221,NETWORK_REPLY,"[0,254]",18,"[4,1]","[96,1]",,TREE
1942.834148978521,NETWORK_REPLY,"[0,254]",28,"[4,2]","[96,1]",,TREE
1942.8342146988764,NETWORK_REPLY,"[0,254]",29,"[43,1]","[96,1]",,TREE
1942.834263564958,NETWORK_REPLY,"[0,254]",39,"[43,2]","[96,1]",,TREE
1942.8343525639575,NETWORK_REPLY,"[0,254]",49,"[47,1]","[96,1]",,TREE
1942.8344005593628,NETWORK_REPLY,"[0,254]",59,"[47,3]","[96,1]",,TREE
1942.8344471166333,NETWORK_REPLY,"[0,254]",69,"[58,254]","[96,1]",,TREE
1942.8345267233149,NETWORK_REPLY,"[0,254]",79,"[58,1]","[96,1]",,TREE
1942.8346071251638,NETWORK_REPLY,"[0,254]",89,"[96,254]","[96,1]",,TREE
1942.8346739599788,NETWORK_REPLY,"[0,254]",88,"[96,1]","[96,1]",,DIRECT
1947.832686075257,NETWORK_REQUEST,"[43,3]",48,"[43,254]","[0,254]",,TREE
1947.8327737143104,NETWORK_REQUEST,"[43,3]",39,"[4,2]","[0,254]",,TREE
1947.832822580392,NETWORK_REQUEST,"[43,3]",29,"[4,254]","[0,254]",,TREE
1947.8328883007475,NETWORK_REQUEST,"[43,3]",28,"[0,3]","[0,254]",,TREE
1947.8329518249463,NETWORK_REQUEST,"[43,3]",18,"[0,254]","[0,254]",,DIRECT
1947.8330379830427,NETWORK_REPLY,"[0,254]",17,"[0,3]","[43,3]",,TREE
1947.833124141139,NETWORK_REPLY,"[0,254]",18,"[4,1]","[43,3]",,TREE
1947.8331876653378,NETWORK_REPLY,"[0,254]",28,"[4,2]","[43,3]",,TREE
1947.8332533856933,NETWORK_REPLY,"[0,254]",29,"[43,1]","[43,3]",,TREE
1947.833302251775,NETWORK_REPLY,"[0,254]",39,"[43,3]","[43,3]",,DIRECT
1952.833277001995,NETWORK_REQUEST,"[149,1]",67,"[149,254]","[0,254]",,TREE
1952.8333289569657,NETWORK_REQUEST,"[149,1]",67,"[149,254]","[0,254]",,TREE
1952.8333643358121,NETWORK_REQUEST,"[149,1]",77,"[96,254]","[0,254]",,TREE
1952.833403661807,NETWORK_REQUEST,"[148,2]",86,"[148,254]","[0,254]",,TREE
1952.833416290783,NETWORK_REQUEST,"[149,1]",77,"[96,254]","[0,254]",,TREE
1952.8334422298167,NETWORK_REQUEST,"[149,1]",88,"[58,1]","[0,254]",,TREE
1952.8334852902235,NETWORK_REQUEST,"[148,2]",96,"[93,1]","[0,254]",,TREE
1952.8334941847875,NETWORK_REQUEST,"[149,1]",88,"[58,1]","[0,254]",,TREE
1952.8335090646317,NETWORK_REQUEST,"[149,1]",89,"[58,254]","[0,254]",,TREE
1952.8335203208112,NETWORK_REQUEST,"[148,3]",95,"[148,254]","[0,254]",,TREE
1952.833560576183,NETWORK_REQUEST,"[148,2]",97,"[93,254]","[0,254]",,TREE
1952.8335610196025,NETWORK_REQUEST,"[149,1]",89,"[58,254]","[0,254]",,TREE
1952.8335894664806,NETWORK_REQUEST,"[149,1]",79,"[47,3]","[0,254]",,TREE
1952.8335965503327,NETWORK_REQUEST,"[148,3]",96,"[93,1]","[0,254]",,TREE
1952.833640037336,NETWORK_REQUEST,"[148,2]",98,"[58,1]","[0,254]",,TREE
1952.8336414214514,NETWORK_REQUEST,"[149,1]",79,"[47,3]","[0,254]",,TREE
1952.8336690731621,NETWORK_REQUEST,"[149,1]",69,"[47,254]","[0,254]",,TREE
1952.833671836292,NETWORK_REQUEST,"[148,3]",97,"[93,254]","[0,254]",,TREE
1952.8337156304326,NETWORK_REQUEST,"[149,1]",59,"[43,2]","[0,254]",,TREE
1952.833718513063,NETWORK_REQUEST,"[148,2]",89,"[58,254]","[0,254]",,TREE
1952.833721028133,NETWORK_REQUEST,"[149,1]",69,"[47,254]","[0,254]",,TREE
1952.8337512974451,NETWORK_REQUEST,"[148,3]",98,"[58,1]","[0,254]",,TREE
1952.833763625838,NETWORK_REQUEST,"[149,1]",49,"[43,254]","[0,254]",,TREE
1952.8337675854034,NETWORK_REQUEST,"[149,1]",59,"[43,2]","[0,254]",,TREE
1952.833798914912,NETWORK_REQUEST,"[148,2]",79,"[47,3]","[0,254]",,TREE
1952.8338155808087,NETWORK_REQUEST,"[149,1]",49,"[43,254]","[0,254]",,TREE
1952.8338297731723,NETWORK_REQUEST,"[148,3]",89,"[58,254]","[0,254]",,TREE
1952.8338526248374,NETWORK_REQUEST,"[149,1]",39,"[4,2]","[0,254]",,TREE
1952.8338785215935,NETWORK_REQUEST,"[148,2]",69,"[47,254]","[0,254]",,TREE
1952.833901490919,NETWORK_REQUEST,"[149,1]",29,"[4,254]","[0,254]",,TREE
1952.8339045798082,NETWORK_REQUEST,"[149,1]",39,"[4,2]","[0,254]",,TREE
1952.8339101750212,NETWORK_REQUEST,"[148,3]",79,"[47,3]","[0,254]",,TREE
1952.833925078864,NETWORK_REQUEST,"[148,2]",59,"[43,2]","[0,254]",,TREE
1952.8339534458898,NETWORK_REQUEST,"[149,1]",29,"[4,254]","[0,254]",,TREE
1952.8339672112745,NETWORK_REQUEST,"[149,1]",28,"[0,3]","[0,254]",,TREE
1952.8339730742694,NETWORK_REQUEST,"[148,2]",49,"[43,254]","[0,254]",,TREE
1952.8339897817027,NETWORK_REQUEST,"[148,3]",69,"[47,254]","[0,254]",,TREE
1952.8340191662453,NETWORK_REQUEST,"[149,1]",28,"[0,3]","[0,254]",,TREE
1952.8340307354733,NETWORK_REQUEST,"[149,1]",18,"[0,254]","[0,254]",,DIRECT
1952.8340363389732,NETWORK_REQUEST,"[148,3]",59,"[43,2]","[0,254]",,TREE
1952.8340620732688,NETWORK_REQUEST,"[148,2]",39,"[4,2]","[0,254]",,TREE
1952.8340826904441,NETWORK_REQUEST,"[149,1]",18,"[0,254]","[0,254]",,DIRECT
1952.8340843343785,NETWORK_REQUEST,"[148,3]",49,"[43,254]","[0,254]",,TREE
1952.8341109393505,NETWORK_REQUEST,"[148,2]",29,"[4,254]","[0,254]",,TREE
1952.8341168935697,NETWORK_REPLY,"[0,254]",17,"[0,3]","[149,1]",,TREE
1952.8341688485405,NETWORK_REPLY,"[0,254]",17,"[0,3]","[149,1]",,TREE
1952.834173333378,NETWORK_REQUEST,"[148,3]",39,"[4,2]","[0,254]",,TREE
1952.834176659706,NETWORK_REQUEST,"[148,2]",28,"[0,3]","[0,254]",,TREE
1952.834203051666,NETWORK_REPLY,"[0,254]",18,"[4,1]","[149,1]",,TREE
1952.8342221994596,NETWORK_REQUEST,"[148,3]",29,"[4,254]","[0,254]",,TREE
1952.8342401839047,NETWORK_REQUEST,"[148,2]",18,"[0,254]","[0,254]",,DIRECT
1952.8342550066368,NETWORK_REPLY,"[0,254]",18,"[4,1]","[149,1]",,TREE
1952.8342665758648,NETWORK_REPLY,"[0,254]",28,"[4,2]","[149,1]",,TREE
1952.834287919815,NETWORK_REQUEST,"[148,3]",28,"[0,3]","[0,254]",,TREE
1952.8343185308356,NETWORK_REPLY,"[0,254]",28,"[4,2]","[149,1]",,TREE
1952.834326342001,NETWORK_REPLY,"[0,254]",17,"[0,3]","[148,2]",,TREE
1952.8343322962203,NETWORK_REPLY,"[0,254]",29,"[43,1]","[149,1]",,TREE
1952.834351444014,NETWORK_REQUEST,"[148,3]",18,"[0,254]","[0,254]",,DIRECT
1952.834381162302,NETWORK_REPLY,"[0,254]",39,"[43,2]","[149,1]",,TREE
1952.834384251191,NETWORK_REPLY,"[0,254]",29,"[43,1]","[149,1]",,TREE
1952.8344125000974,NETWORK_REPLY,"[0,254]",18,"[4,1]","[148,2]",,TREE
1952.8344331172727,NETWORK_REPLY,"[0,254]",39,"[43,2]","[149,1]",,TREE
1952.8344376021103,NETWORK_REPLY,"[0,254]",17,"[0,3]","[148,3]",,TREE
1952.8344701613014,NETWORK_REPLY,"[0,254]",49,"[47,1]","[149,1]",,TREE
1952.8344760242962,NETWORK_REPLY,"[0,254]",28,"[4,2]","[148,2]",,TREE
1952.8345181567067,NETWORK_REPLY,"[0,254]",59,"[47,3]","[149,1]",,TREE
1952.8345221162722,NETWORK_REPLY,"[0,254]",49,"[47,1]","[149,1]",,TREE
1952.8345237602066,NETWORK_REPLY,"[0,254]",18,"[4,1]","[148,3]",,TREE
1952.8345417446517,NETWORK_REPLY,"[0,254]",29,"[43,1]","[148,2]",,TREE
1952.8345647139772,NETWORK_REPLY,"[0,254]",69,"[58,254]","[149,1]",,TREE
1952.8345701116775,NETWORK_REPLY,"[0,254]",59,"[47,3]","[149,1]",,TREE
1952.8345872844054,NETWORK_REPLY,"[0,254]",28,"[4,2]","[148,3]",,TREE
1952.8345906107334,NETWORK_REPLY,"[0,254]",39,"[43,2]","[148,2]",,TREE
1952.834616668948,NETWORK_REPLY,"[0,254]",69,"[58,254]","[149,1]",,TREE
1952.8346443206588,NETWORK_REPLY,"[0,254]",79,"[58,1]","[149,1]",,TREE
1952.8346530047609,NETWORK_REPLY,"[0,254]",29,"[43,1]","[148,3]",,TREE
1952.8346796097328,NETWORK_REPLY,"[0,254]",49,"[47,1]","[148,2]",,TREE
1952.8346962756295,NETWORK_REPLY,"[0,254]",79,"[58,1]","[149,1]",,TREE
1952.8347018708425,NETWORK_REPLY,"[0,254]",39,"[43,2]","[148,3]",,TREE
1952.8347247225076,NETWORK_REPLY,"[0,254]",89,"[96,254]","[149,1]",,TREE
1952.8347276051381,NETWORK_REPLY,"[0,254]",59,"[47,3]","[148,2]",,TREE
1952.8347741624086,NETWORK_REPLY,"[0,254]",69,"[58,254]","[148,2]",,TREE
1952.8347766774784,NETWORK_REPLY,"[0,254]",89,"[96,254]","[149,1]",,TREE
1952.834790869842,NETWORK_REPLY,"[0,254]",49,"[47,1]","[148,3]",,TREE
1952.8347915573227,NETWORK_REPLY,"[0,254]",88,"[96,1]","[149,1]",,TREE
1952.8348388652473,NETWORK_REPLY,"[0,254]",59,"[47,3]","[148,3]",,TREE
1952.8348435122934,NETWORK_REPLY,"[0,254]",88,"[96,1]","[149,1]",,TREE
1952.8348537690902,NETWORK_REPLY,"[0,254]",79,"[58,1]","[148,2]",,TREE
1952.8348694513272,NETWORK_REPLY,"[0,254]",77,"[149,1]","[149,1]",,DIRECT
1952.8348854225178,NETWORK_REPLY,"[0,254]",69,"[58,254]","[148,3]",,TREE
1952.834921406298,NETWORK_REPLY,"[0,254]",77,"[149,1]","[149,1]",,DIRECT
1952.834934170939,NETWORK_REPLY,"[0,254]",89,"[93,254]","[148,2]",,TREE
1952.8349650291993,NETWORK_REPLY,"[0,254]",79,"[58,1]","[148,3]",,TREE
1952.8350126466662,NETWORK_REPLY,"[0,254]",98,"[93,1]","[148,2]",,TREE
1952.8350454310482,NETWORK_REPLY,"[0,254]",89,"[93,254]","[148,3]",,TREE
1952.8350921078193,NETWORK_REPLY,"[0,254]",97,"[148,1]","[148,2]",,TREE
1952.8351239067754,NETWORK_REPLY,"[0,254]",98,"[93,1]","[148,3]",,TREE
1952.8351673937786,NETWORK_REPLY,"[0,254]",96,"[148,2]","[148,2]",,DIRECT
1952.8352033679284,NETWORK_REPLY,"[0,254]",97,"[148,1]","[148,3]",,TREE
1952.8352786538878,NETWORK_REPLY,"[0,254]",96,"[148,3]","[148,3]",,DIRECT
1962.8331977614785,NETWORK_REQUEST,"[151,1]",66,"[151,254]","[0,254]",,TREE
1962.8332399022697,NETWORK_REQUEST,"[151,1]",66,"[151,254]","[0,254]",,TREE
1962.8332536652374,NETWORK_REQUEST,"[151,1]",66,"[151,254]","[0,254]",,TREE
1962.833277001995,NETWORK_REQUEST,"[151,1]",67,"[149,254]","[0,254]",,TREE
1962.8333191427862,NETWORK_REQUEST,"[151,1]",67,"[149,254]","[0,254]",,TREE
1962.8333329057539,NETWORK_REQUEST,"[151,1]",67,"[149,254]","[0,254]",,TREE
1962.8333643358121,NETWORK_REQUEST,"[151,1]",77,"[96,254]","[0,254]",,TREE
1962.8333936208355,NETWORK_REQUEST,"[151,1]",66,"[151,254]","[0,254]",,TREE
1962.8334038201406,NETWORK_REQUEST,"[152,1]",85,"[152,254]","[0,254]",,TREE
1962.8334064766034,NETWORK_REQUEST,"[151,1]",77,"[96,254]","[0,254]",,TREE
1962.833420239571,NETWORK_REQUEST,"[151,1]",77,"[96,254]","[0,254]",,TREE
1962.8334422298167,NETWORK_REQUEST,"[151,1]",88,"[58,1]","[0,254]",,TREE
1962.833472861352,NETWORK_REQUEST,"[151,1]",67,"[149,254]","[0,254]",,TREE
1962.833475927756,NETWORK_REQUEST,"[152,1]",86,"[148,254]","[0,254]",,TREE
1962.833484370608,NETWORK_REQUEST,"[151,1]",88,"[58,1]","[0,254]",,TREE
1962.8334981335756,NETWORK_REQUEST,"[151,1]",88,"[58,1]","[0,254]",,TREE
1962.833505227315,NETWORK_REQUEST,"[152,1]",85,"[152,254]","[0,254]",,TREE
1962.8335090646317,NETWORK_REQUEST,"[151,1]",89,"[58,254]","[0,254]",,TREE
1962.833551205423,NETWORK_REQUEST,"[151,1]",89,"[58,254]","[0,254]",,TREE
1962.8335575561723,NETWORK_REQUEST,"[152,1]",96,"[93,1]","[0,254]",,TREE
1962.8335601951692,NETWORK_REQUEST,"[151,1]",77,"[96,254]","[0,254]",,TREE
1962.8335649683906,NETWORK_REQUEST,"[151,1]",89,"[58,254]","[0,254]",,TREE
1962.8335773349304,NETWORK_REQUEST,"[152,1]",86,"[148,254]","[0,254]",,TREE
1962.8335894664806,NETWORK_REQUEST,"[151,1]",79,"[47,3]","[0,254]",,TREE
1962.8336316072719,NETWORK_REQUEST,"[151,1]",79,"[47,3]","[0,254]",,TREE
1962.8336328421317,NETWORK_REQUEST,"[152,1]",97,"[93,254]","[0,254]",,TREE
1962.8336380891737,NETWORK_REQUEST,"[151,1]",88,"[58,1]","[0,254]",,TREE
1962.8336453702395,NETWORK_REQUEST,"[151,1]",79,"[47,3]","[0,254]",,TREE
1962.8336589633468,NETWORK_REQUEST,"[152,1]",96,"[93,1]","[0,254]",,TREE
1962.8336690731621,NETWORK_REQUEST,"[151,1]",69,"[47,254]","[0,254]",,TREE
1962.8337049239888,NETWORK_REQUEST,"[151,1]",89,"[58,254]","[0,254]",,TREE
1962.8337112139534,NETWORK_REQUEST,"[151,1]",69,"[47,254]","[0,254]",,TREE
1962.8337123032848,NETWORK_REQUEST,"[152,1]",98,"[58,1]","[0,254]",,TREE
1962.8337156304326,NETWORK_REQUEST,"[151,1]",59,"[43,2]","[0,254]",,TREE
1962.833724976921,NETWORK_REQUEST,"[151,1]",69,"[47,254]","[0,254]",,TREE
1962.8337342493062,NETWORK_REQUEST,"[152,1]",97,"[93,254]","[0,254]",,TREE
1962.8337577712239,NETWORK_REQUEST,"[151,1]",59,"[43,2]","[0,254]",,TREE
1962.833763625838,NETWORK_REQUEST,"[151,1]",49,"[43,254]","[0,254]",,TREE
1962.8337715341916,NETWORK_REQUEST,"[151,1]",59,"[43,2]","[0,254]",,TREE
1962.8337853258377,NETWORK_REQUEST,"[151,1]",79,"[47,3]","[0,254]",,TREE
1962.833790779012,NETWORK_REQUEST,"[152,1]",89,"[58,254]","[0,254]",,TREE
1962.8338057666292,NETWORK_REQUEST,"[151,1]",49,"[43,254]","[0,254]",,TREE
1962.8338137104593,NETWORK_REQUEST,"[152,1]",98,"[58,1]","[0,254]",,TREE
1962.833819529597,NETWORK_REQUEST,"[151,1]",49,"[43,254]","[0,254]",,TREE
1962.8338526248374,NETWORK_REQUEST,"[151,1]",39,"[4,2]","[0,254]",,TREE
1962.8338649325192,NETWORK_REQUEST,"[151,1]",69,"[47,254]","[0,254]",,TREE
1962.8338711808608,NETWORK_REQUEST,"[152,1]",79,"[47,3]","[0,254]",,TREE
1962.8338921861864,NETWORK_REQUEST,"[152,1]",89,"[58,254]","[0,254]",,TREE
1962.8338947656287,NETWORK_REQUEST,"[151,1]",39,"[4,2]","[0,254]",,TREE
1962.833901490919,NETWORK_REQUEST,"[151,1]",29,"[4,254]","[0,254]",,TREE
1962.8339085285963,NETWORK_REQUEST,"[151,1]",39,"[4,2]","[0,254]",,TREE
1962.8339114897897,NETWORK_REQUEST,"[151,1]",59,"[43,2]","[0,254]",,TREE
1962.8339436317103,NETWORK_REQUEST,"[151,1]",29,"[4,254]","[0,254]",,TREE
1962.8339507875423,NETWORK_REQUEST,"[152,1]",69,"[47,254]","[0,254]",,TREE
1962.833957394678,NETWORK_REQUEST,"[151,1]",29,"[4,254]","[0,254]",,TREE
1962.833959485195,NETWORK_REQUEST,"[151,1]",49,"[43,254]","[0,254]",,TREE
1962.8339672112745,NETWORK_REQUEST,"[151,1]",28,"[0,3]","[0,254]",,TREE
1962.8339725880353,NETWORK_REQUEST,"[152,1]",79,"[47,3]","[0,254]",,TREE
1962.8339973448128,NETWORK_REQUEST,"[152,1]",59,"[43,2]","[0,254]",,TREE
1962.8340093520658,NETWORK_REQUEST,"[151,1]",28,"[0,3]","[0,254]",,TREE
1962.8340231150335,NETWORK_REQUEST,"[151,1]",28,"[0,3]","[0,254]",,TREE
1962.8340307354733,NETWORK_REQUEST,"[151,1]",18,"[0,254]","[0,254]",,DIRECT
1962.8340453402182,NETWORK_REQUEST,"[152,1]",49,"[43,254]","[0,254]",,TREE
1962.8340484841945,NETWORK_REQUEST,"[151,1]",39,"[4,2]","[0,254]",,TREE
1962.8340521947168,NETWORK_REQUEST,"[152,1]",69,"[47,254]","[0,254]",,TREE
1962.8340728762646,NETWORK_REQUEST,"[151,1]",18,"[0,254]","[0,254]",,DIRECT
1962.8340866392323,NETWORK_REQUEST,"[151,1]",18,"[0,254]","[0,254]",,DIRECT
1962.8340973502761,NETWORK_REQUEST,"[151,1]",29,"[4,254]","[0,254]",,TREE
1962.8340987519873,NETWORK_REQUEST,"[152,1]",59,"[43,2]","[0,254]",,TREE
1962.8341168935697,NETWORK_REPLY,"[0,254]",17,"[0,3]","[151,1]",,TREE
1962.8341343392176,NETWORK_REQUEST,"[152,1]",39,"[4,2]","[0,254]",,TREE
1962.8341467473927,NETWORK_REQUEST,"[152,1]",49,"[43,254]","[0,254]",,TREE
1962.834159034361,NETWORK_REPLY,"[0,254]",17,"[0,3]","[151,1]",,TREE
1962.8341630706316,NETWORK_REQUEST,"[151,1]",28,"[0,3]","[0,254]",,TREE
1962.8341727973286,NETWORK_REPLY,"[0,254]",17,"[0,3]","[151,1]",,TREE
1962.8341832052993,NETWORK_REQUEST,"[152,1]",29,"[4,254]","[0,254]",,TREE
1962.834203051666,NETWORK_REPLY,"[0,254]",18,"[4,1]","[151,1]",,TREE
1962.8342265948304,NETWORK_REQUEST,"[151,1]",18,"[0,254]","[0,254]",,DIRECT
1962.834235746392,NETWORK_REQUEST,"[152,1]",39,"[4,2]","[0,254]",,TREE
1962.8342451924573,NETWORK_REPLY,"[0,254]",18,"[4,1]","[151,1]",,TREE
1962.8342489256547,NETWORK_REQUEST,"[152,1]",28,"[0,3]","[0,254]",,TREE
1962.834258955425,NETWORK_REPLY,"[0,254]",18,"[4,1]","[151,1]",,TREE
1962.8342665758648,NETWORK_REPLY,"[0,254]",28,"[4,2]","[151,1]",,TREE
1962.8342846124738,NETWORK_REQUEST,"[152,1]",29,"[4,254]","[0,254]",,TREE
1962.834308716656,NETWORK_REPLY,"[0,254]",28,"[4,2]","[151,1]",,TREE
1962.8343124498535,NETWORK_REQUEST,"[152,1]",18,"[0,254]","[0,254]",,DIRECT
1962.8343127529267,NETWORK_REPLY,"[0,254]",17,"[0,3]","[151,1]",,TREE
1962.8343224796238,NETWORK_REPLY,"[0,254]",28,"[4,2]","[151,1]",,TREE
1962.8343322962203,NETWORK_REPLY,"[0,254]",29,"[43,1]","[151,1]",,TREE
1962.8343503328292,NETWORK_REQUEST,"[152,1]",28,"[0,3]","[0,254]",,TREE
1962.8343744370115,NETWORK_REPLY,"[0,254]",29,"[43,1]","[151,1]",,TREE
1962.834381162302,NETWORK_REPLY,"[0,254]",39,"[43,2]","[151,1]",,TREE
1962.8343881999792,NETWORK_REPLY,"[0,254]",29,"[43,1]","[151,1]",,TREE
1962.8343986079499,NETWORK_REPLY,"[0,254]",17,"[0,3]","[152,1]",,TREE
1962.834398911023,NETWORK_REPLY,"[0,254]",18,"[4,1]","[151,1]",,TREE
1962.834413857028,NETWORK_REQUEST,"[152,1]",18,"[0,254]","[0,254]",,DIRECT
1962.8344233030932,NETWORK_REPLY,"[0,254]",39,"[43,2]","[151,1]",,TREE
1962.834437066061,NETWORK_REPLY,"[0,254]",39,"[43,2]","[151,1]",,TREE
1962.834462435222,NETWORK_REPLY,"[0,254]",28,"[4,2]","[151,1]",,TREE
1962.8344701613014,NETWORK_REPLY,"[0,254]",49,"[47,1]","[151,1]",,TREE
1962.8344847660462,NETWORK_REPLY,"[0,254]",18,"[4,1]","[152,1]",,TREE
1962.8345000151244,NETWORK_REPLY,"[0,254]",17,"[0,3]","[152,1]",,TREE
1962.8345123020927,NETWORK_REPLY,"[0,254]",49,"[47,1]","[151,1]",,TREE
1962.8345181567067,NETWORK_REPLY,"[0,254]",59,"[47,3]","[151,1]",,TREE
1962.8345260650603,NETWORK_REPLY,"[0,254]",49,"[47,1]","[151,1]",,TREE
1962.8345281555773,NETWORK_REPLY,"[0,254]",29,"[43,1]","[151,1]",,TREE
1962.834548290245,NETWORK_REPLY,"[0,254]",28,"[4,2]","[152,1]",,TREE
1962.834560297498,NETWORK_REPLY,"[0,254]",59,"[47,3]","[151,1]",,TREE
1962.8345647139772,NETWORK_REPLY,"[0,254]",69,"[58,254]","[151,1]",,TREE
1962.8345740604657,NETWORK_REPLY,"[0,254]",59,"[47,3]","[151,1]",,TREE
1962.834577021659,NETWORK_REPLY,"[0,254]",39,"[43,2]","[151,1]",,TREE
1962.8345861732207,NETWORK_REPLY,"[0,254]",18,"[4,1]","[152,1]",,TREE
1962.8346068547685,NETWORK_REPLY,"[0,254]",69,"[58,254]","[151,1]",,TREE
1962.8346140106005,NETWORK_REPLY,"[0,254]",29,"[43,1]","[152,1]",,TREE
1962.8346206177362,NETWORK_REPLY,"[0,254]",69,"[58,254]","[151,1]",,TREE
1962.8346443206588,NETWORK_REPLY,"[0,254]",79,"[58,1]","[151,1]",,TREE
1962.8346496974195,NETWORK_REPLY,"[0,254]",28,"[4,2]","[152,1]",,TREE
1962.8346628766822,NETWORK_REPLY,"[0,254]",39,"[43,2]","[152,1]",,TREE
1962.8346660206585,NETWORK_REPLY,"[0,254]",49,"[47,1]","[151,1]",,TREE
1962.83468646145,NETWORK_REPLY,"[0,254]",79,"[58,1]","[151,1]",,TREE
1962.8347002244177,NETWORK_REPLY,"[0,254]",79,"[58,1]","[151,1]",,TREE
1962.8347140160638,NETWORK_REPLY,"[0,254]",59,"[47,3]","[151,1]",,TREE
1962.834715417775,NETWORK_REPLY,"[0,254]",29,"[43,1]","[152,1]",,TREE
1962.8347247225076,NETWORK_REPLY,"[0,254]",89,"[96,254]","[151,1]",,TREE
1962.8347518756816,NETWORK_REPLY,"[0,254]",49,"[47,1]","[152,1]",,TREE
1962.8347605733343,NETWORK_REPLY,"[0,254]",69,"[58,254]","[151,1]",,TREE
1962.8347642838567,NETWORK_REPLY,"[0,254]",39,"[43,2]","[152,1]",,TREE
1962.834766863299,NETWORK_REPLY,"[0,254]",89,"[96,254]","[151,1]",,TREE
1962.8347806262666,NETWORK_REPLY,"[0,254]",89,"[96,254]","[151,1]",,TREE
1962.8347915573227,NETWORK_REPLY,"[0,254]",88,"[96,1]","[151,1]",,TREE
1962.834799871087,NETWORK_REPLY,"[0,254]",59,"[47,3]","[152,1]",,TREE
1962.834833698114,NETWORK_REPLY,"[0,254]",88,"[96,1]","[151,1]",,TREE
1962.8348401800158,NETWORK_REPLY,"[0,254]",79,"[58,1]","[151,1]",,TREE
1962.8348464283574,NETWORK_REPLY,"[0,254]",69,"[58,254]","[152,1]",,TREE
1962.8348474610816,NETWORK_REPLY,"[0,254]",88,"[96,1]","[151,1]",,TREE
1962.834853282856,NETWORK_REPLY,"[0,254]",49,"[47,1]","[152,1]",,TREE
1962.8348694513272,NETWORK_REPLY,"[0,254]",77,"[149,1]","[151,1]",,MESH
1962.8349012782614,NETWORK_REPLY,"[0,254]",59,"[47,3]","[152,1]",,TREE
1962.8349115921185,NETWORK_REPLY,"[0,254]",77,"[149,1]","[151,1]",,MESH
1962.8349205818647,NETWORK_REPLY,"[0,254]",89,"[96,254]","[151,1]",,TREE
1962.8349253550862,NETWORK_REPLY,"[0,254]",77,"[149,1]","[151,1]",,MESH
1962.834926035039,NETWORK_REPLY,"[0,254]",79,"[58,1]","[152,1]",,TREE
1962.834947835532,NETWORK_REPLY,"[0,254]",69,"[58,254]","[152,1]",,TREE
1962.8349567851444,NETWORK_REPLY,"[0,254]",67,"[151,1]","[151,1]",,DIRECT
1962.8349874166797,NETWORK_REPLY,"[0,254]",88,"[96,1]","[151,1]",,TREE
1962.8349989259357,NETWORK_REPLY,"[0,254]",67,"[151,1]","[151,1]",,DIRECT
1962.8350064368879,NETWORK_REPLY,"[0,254]",89,"[93,254]","[152,1]",,TREE
1962.8350126889034,NETWORK_REPLY,"[0,254]",67,"[151,1]","[151,1]",,DIRECT
1962.8350274422135,NETWORK_REPLY,"[0,254]",79,"[58,1]","[152,1]",,TREE
1962.8350653106843,NETWORK_REPLY,"[0,254]",77,"[149,1]","[151,1]",,MESH
1962.835084912615,NETWORK_REPLY,"[0,254]",98,"[93,1]","[152,1]",,TREE
1962.8351078440623,NETWORK_REPLY,"[0,254]",89,"[93,254]","[152,1]",,TREE
1962.8351526445015,NETWORK_REPLY,"[0,254]",67,"[151,1]","[151,1]",,DIRECT
1962.835164373768,NETWORK_REPLY,"[0,254]",97,"[148,1]","[152,1]",,TREE
1962.8351863197895,NETWORK_REPLY,"[0,254]",98,"[93,1]","[152,1]",,TREE
1962.8352396597274,NETWORK_REPLY,"[0,254]",96,"[148,2]","[152,1]",,MESH
1962.8352657809426,NETWORK_REPLY,"[0,254]",97,"[148,1]","[152,1]",,TREE
1962.8353212881439,NETWORK_REPLY,"[0,254]",86,"[152,1]","[152,1]",,DIRECT
1962.835341066902,NETWORK_REPLY,"[0,254]",96,"[148,2]","[152,1]",,MESH
1962.8354226953184,NETWORK_REPLY,"[0,254]",86,"[152,1]","[152,1]",,DIRECT
1967.832710012332,NETWORK_REQUEST,"[150,1]",36,"[150,254]","[0,254]",,TREE
1967.8327776396288,NETWORK_REQUEST,"[150,1]",37,"[43,3]","[0,254]",,TREE
1967.8328652272428,NETWORK_REQUEST,"[150,1]",48,"[43,254]","[0,254]",,TREE
1967.8329528662962,NETWORK_REQUEST,"[150,1]",39,"[4,2]","[0,254]",,TREE
1967.8330017323779,NETWORK_REQUEST,"[150,1]",29,"[4,254]","[0,254]",,TREE
1967.8330674527333,NETWORK_REQUEST,"[150,1]",28,"[0,3]","[0,254]",,TREE
1967.8331309769321,NETWORK_REQUEST,"[150,1]",18,"[0,254]","[0,254]",,DIRECT
1967.8332171350285,NETWORK_REPLY,"[0,254]",17,"[0,3]","[150,1]",,TREE
1967.8333032931248,NETWORK_REPLY,"[0,254]",18,"[4,1]","[150,1]",,TREE
1967.8333668173236,NETWORK_REPLY,"[0,254]",28,"[4,2]","[150,1]",,TREE
1967.833432537679,NETWORK_REPLY,"[0,254]",29,"[43,1]","[150,1]",,TREE
1967.8334814037607,NETWORK_REPLY,"[0,254]",39,"[43,3]","[150,1]",,TREE
1967.8335690428141,NETWORK_REPLY,"[0,254]",48,"[150,254]","[150,1]",,TREE
1967.833656630428,NETWORK_REPLY,"[0,254]",37,"[150,1]","[150,1]",,DIRECT
1972.8335645030497,NETWORK_REQUEST,"[154,3]",55,"[154,254]","[0,254]",,TREE
1972.8335888771892,NETWORK_REQUEST,"[155,2]",74,"[155,254]","[0,254]",,TREE
1972.8336354959192,NETWORK_REQUEST,"[154,3]",66,"[151,254]","[0,254]",,TREE
1972.833665152421,NETWORK_REQUEST,"[155,2]",74,"[155,254]","[0,254]",,TREE
1972.8336757137508,NETWORK_REQUEST,"[155,2]",85,"[152,254]","[0,254]",,TREE
1972.8337147364357,NETWORK_REQUEST,"[154,3]",67,"[149,254]","[0,254]",,TREE
1972.8337478213662,NETWORK_REQUEST,"[155,2]",86,"[148,254]","[0,254]",,TREE
1972.8337519889826,NETWORK_REQUEST,"[155,2]",85,"[152,254]","[0,254]",,TREE
1972.83377642005,NETWORK_REQUEST,"[154,3]",55,"[154,254]","[0,254]",,TREE
1972.833802070253,NETWORK_REQUEST,"[154,3]",77,"[96,254]","[0,254]",,TREE
1972.833824096598,NETWORK_REQUEST,"[155,2]",86,"[148,254]","[0,254]",,TREE
1972.8338294497826,NETWORK_REQUEST,"[155,2]",96,"[93,1]","[0,254]",,TREE
1972.8338474129196,NETWORK_REQUEST,"[154,3]",66,"[151,254]","[0,254]",,TREE
1972.8338799642574,NETWORK_REQUEST,"[154,3]",88,"[58,1]","[0,254]",,TREE
1972.833904735742,NETWORK_REQUEST,"[155,2]",97,"[93,254]","[0,254]",,TREE
1972.8339057250143,NETWORK_REQUEST,"[155,2]",96,"[93,1]","[0,254]",,TREE
1972.833926653436,NETWORK_REQUEST,"[154,3]",67,"[149,254]","[0,254]",,TREE
1972.8339467990725,NETWORK_REQUEST,"[154,3]",89,"[58,254]","[0,254]",,TREE
1972.8339810109737,NETWORK_REQUEST,"[155,2]",97,"[93,254]","[0,254]",,TREE
1972.833984196895,NETWORK_REQUEST,"[155,2]",98,"[58,1]","[0,254]",,TREE
1972.8340139872532,NETWORK_REQUEST,"[154,3]",77,"[96,254]","[0,254]",,TREE
1972.8340272009214,NETWORK_REQUEST,"[154,3]",79,"[47,3]","[0,254]",,TREE
1972.8340604721268,NETWORK_REQUEST,"[155,2]",98,"[58,1]","[0,254]",,TREE
1972.8340626726222,NETWORK_REQUEST,"[155,2]",89,"[58,254]","[0,254]",,TREE
1972.8340918812578,NETWORK_REQUEST,"[154,3]",88,"[58,1]","[0,254]",,TREE
1972.834106807603,NETWORK_REQUEST,"[154,3]",69,"[47,254]","[0,254]",,TREE
1972.834138947854,NETWORK_REQUEST,"[155,2]",89,"[58,254]","[0,254]",,TREE
1972.834143074471,NETWORK_REQUEST,"[155,2]",79,"[47,3]","[0,254]",,TREE
1972.8341533648734,NETWORK_REQUEST,"[154,3]",59,"[43,2]","[0,254]",,TREE
1972.8341587160728,NETWORK_REQUEST,"[154,3]",89,"[58,254]","[0,254]",,TREE
1972.8342013602787,NETWORK_REQUEST,"[154,3]",49,"[43,254]","[0,254]",,TREE
1972.8342193497028,NETWORK_REQUEST,"[155,2]",79,"[47,3]","[0,254]",,TREE
1972.8342226811526,NETWORK_REQUEST,"[155,2]",69,"[47,254]","[0,254]",,TREE
1972.8342391179217,NETWORK_REQUEST,"[154,3]",79,"[47,3]","[0,254]",,TREE
1972.834269238423,NETWORK_REQUEST,"[155,2]",59,"[43,2]","[0,254]",,TREE
1972.8342903592782,NETWORK_REQUEST,"[154,3]",39,"[4,2]","[0,254]",,TREE
1972.8342989563844,NETWORK_REQUEST,"[155,2]",69,"[47,254]","[0,254]",,TREE
1972.8343172338284,NETWORK_REQUEST,"[155,2]",49,"[43,254]","[0,254]",,TREE
1972.8343187246032,NETWORK_REQUEST,"[154,3]",69,"[47,254]","[0,254]",,TREE
1972.8343392253598,NETWORK_REQUEST,"[154,3]",29,"[4,254]","[0,254]",,TREE
1972.8343455136549,NETWORK_REQUEST,"[155,2]",59,"[43,2]","[0,254]",,TREE
1972.8343652818737,NETWORK_REQUEST,"[154,3]",59,"[43,2]","[0,254]",,TREE
1972.8343935090602,NETWORK_REQUEST,"[155,2]",49,"[43,254]","[0,254]",,TREE
1972.8344049457153,NETWORK_REQUEST,"[154,3]",28,"[0,3]","[0,254]",,TREE
1972.8344062328279,NETWORK_REQUEST,"[155,2]",39,"[4,2]","[0,254]",,TREE
1972.834413277279,NETWORK_REQUEST,"[154,3]",49,"[43,254]","[0,254]",,TREE
1972.8344550989095,NETWORK_REQUEST,"[155,2]",29,"[4,254]","[0,254]",,TREE
1972.834468469914,NETWORK_REQUEST,"[154,3]",18,"[0,254]","[0,254]",,DIRECT
1972.8344825080596,NETWORK_REQUEST,"[155,2]",39,"[4,2]","[0,254]",,TREE
1972.8345022762785,NETWORK_REQUEST,"[154,3]",39,"[4,2]","[0,254]",,TREE
1972.834520819265,NETWORK_REQUEST,"[155,2]",28,"[0,3]","[0,254]",,TREE
1972.8345313741413,NETWORK_REQUEST,"[155,2]",29,"[4,254]","[0,254]",,TREE
1972.8345511423602,NETWORK_REQUEST,"[154,3]",29,"[4,254]","[0,254]",,TREE
1972.8345546280104,NETWORK_REPLY,"[0,254]",17,"[0,3]","[154,3]",,TREE
1972.8345843434638,NETWORK_REQUEST,"[155,2]",18,"[0,254]","[0,254]",,DIRECT
1972.8345970944968,NETWORK_REQUEST,"[155,2]",28,"[0,3]","[0,254]",,TREE
1972.8346168627156,NETWORK_REQUEST,"[154,3]",28,"[0,3]","[0,254]",,TREE
1972.8346407861068,NETWORK_REPLY,"[0,254]",18,"[4,1]","[154,3]",,TREE
1972.8346606186956,NETWORK_REQUEST,"[155,2]",18,"[0,254]","[0,254]",,DIRECT
1972.8346705015601,NETWORK_REPLY,"[0,254]",17,"[0,3]","[155,2]",,TREE
1972.8346803869144,NETWORK_REQUEST,"[154,3]",18,"[0,254]","[0,254]",,DIRECT
1972.8347043103056,NETWORK_REPLY,"[0,254]",28,"[4,2]","[154,3]",,TREE
1972.834746776792,NETWORK_REPLY,"[0,254]",17,"[0,3]","[155,2]",,TREE
1972.8347566596565,NETWORK_REPLY,"[0,254]",18,"[4,1]","[155,2]",,TREE
1972.8347665450108,NETWORK_REPLY,"[0,254]",17,"[0,3]","[154,3]",,TREE
1972.834770030661,NETWORK_REPLY,"[0,254]",29,"[43,1]","[154,3]",,TREE
1972.8348188967427,NETWORK_REPLY,"[0,254]",39,"[43,2]","[154,3]",,TREE
1972.8348201838553,NETWORK_REPLY,"[0,254]",28,"[4,2]","[155,2]",,TREE
1972.8348329348883,NETWORK_REPLY,"[0,254]",18,"[4,1]","[155,2]",,TREE
1972.8348527031071,NETWORK_REPLY,"[0,254]",18,"[4,1]","[154,3]",,TREE
1972.8348859042108,NETWORK_REPLY,"[0,254]",29,"[43,1]","[155,2]",,TREE
1972.834896459087,NETWORK_REPLY,"[0,254]",28,"[4,2]","[155,2]",,TREE
1972.8349078957422,NETWORK_REPLY,"[0,254]",49,"[47,1]","[154,3]",,TREE
1972.834916227306,NETWORK_REPLY,"[0,254]",28,"[4,2]","[154,3]",,TREE
1972.8349347702924,NETWORK_REPLY,"[0,254]",39,"[43,2]","[155,2]",,TREE
1972.8349558911475,NETWORK_REPLY,"[0,254]",59,"[47,3]","[154,3]",,TREE
1972.8349621794425,NETWORK_REPLY,"[0,254]",29,"[43,1]","[155,2]",,TREE
1972.8349819476614,NETWORK_REPLY,"[0,254]",29,"[43,1]","[154,3]",,TREE
1972.835002448418,NETWORK_REPLY,"[0,254]",69,"[58,254]","[154,3]",,TREE
1972.8350110455242,NETWORK_REPLY,"[0,254]",39,"[43,2]","[155,2]",,TREE
1972.8350237692919,NETWORK_REPLY,"[0,254]",49,"[47,1]","[155,2]",,TREE
1972.835030813743,NETWORK_REPLY,"[0,254]",39,"[43,2]","[154,3]",,TREE
1972.8350717646972,NETWORK_REPLY,"[0,254]",59,"[47,3]","[155,2]",,TREE
1972.8350820550995,NETWORK_REPLY,"[0,254]",79,"[58,1]","[154,3]",,TREE
1972.8351000445236,NETWORK_REPLY,"[0,254]",49,"[47,1]","[155,2]",,TREE
1972.8351183219677,NETWORK_REPLY,"[0,254]",69,"[58,254]","[155,2]",,TREE
1972.8351198127425,NETWORK_REPLY,"[0,254]",49,"[47,1]","[154,3]",,TREE
1972.835148039929,NETWORK_REPLY,"[0,254]",59,"[47,3]","[155,2]",,TREE
1972.8351624569484,NETWORK_REPLY,"[0,254]",89,"[96,254]","[154,3]",,TREE
1972.8351678081478,NETWORK_REPLY,"[0,254]",59,"[47,3]","[154,3]",,TREE
1972.8351945971995,NETWORK_REPLY,"[0,254]",69,"[58,254]","[155,2]",,TREE
1972.8351979286492,NETWORK_REPLY,"[0,254]",79,"[58,1]","[155,2]",,TREE
1972.8352143654183,NETWORK_REPLY,"[0,254]",69,"[58,254]","[154,3]",,TREE
1972.8352292917634,NETWORK_REPLY,"[0,254]",88,"[96,1]","[154,3]",,TREE
1972.835274203881,NETWORK_REPLY,"[0,254]",79,"[58,1]","[155,2]",,TREE
1972.835278330498,NETWORK_REPLY,"[0,254]",89,"[93,254]","[155,2]",,TREE
1972.8352939720999,NETWORK_REPLY,"[0,254]",79,"[58,1]","[154,3]",,TREE
1972.835307185768,NETWORK_REPLY,"[0,254]",77,"[149,1]","[154,3]",,TREE
1972.83535460573,NETWORK_REPLY,"[0,254]",89,"[93,254]","[155,2]",,TREE
1972.8353568062253,NETWORK_REPLY,"[0,254]",98,"[93,1]","[155,2]",,TREE
1972.8353743739488,NETWORK_REPLY,"[0,254]",89,"[96,254]","[154,3]",,TREE
1972.8353945195852,NETWORK_REPLY,"[0,254]",67,"[151,1]","[154,3]",,MESH
1972.835433081457,NETWORK_REPLY,"[0,254]",98,"[93,1]","[155,2]",,TREE
1972.8354362673783,NETWORK_REPLY,"[0,254]",97,"[148,1]","[155,2]",,TREE
1972.8354412087638,NETWORK_REPLY,"[0,254]",88,"[96,1]","[154,3]",,TREE
1972.8354737601016,NETWORK_REPLY,"[0,254]",66,"[154,3]","[154,3]",,DIRECT
1972.8355115533377,NETWORK_REPLY,"[0,254]",96,"[148,2]","[155,2]",,TREE
1972.83551254261,NETWORK_REPLY,"[0,254]",97,"[148,1]","[155,2]",,TREE
1972.8355191027683,NETWORK_REPLY,"[0,254]",77,"[149,1]","[154,3]",,TREE
1972.8355878285695,NETWORK_REPLY,"[0,254]",96,"[148,2]","[155,2]",,TREE
1972.8355931817541,NETWORK_REPLY,"[0,254]",86,"[152,1]","[155,2]",,MESH
1972.8356064365855,NETWORK_REPLY,"[0,254]",67,"[151,1]","[154,3]",,MESH
1972.8356652893694,NETWORK_REPLY,"[0,254]",85,"[155,2]","[155,2]",,DIRECT
1972.835669456986,NETWORK_REPLY,"[0,254]",86,"[152,1]","[155,2]",,MESH
1972.835685677102,NETWORK_REPLY,"[0,254]",66,"[154,3]","[154,3]",,DIRECT
1972.8357415646012,NETWORK_REPLY,"[0,254]",85,"[155,2]","[155,2]",,DIRECT
1982.8336086434797,NETWORK_REQUEST,"[158,1]",83,"[158,254]","[0,254]",,TREE
1982.833633343385,NETWORK_REQUEST,"[158,1]",83,"[158,254]","[0,254]",,TREE
1982.8336365188625,NETWORK_REQUEST,"[158,2]",73,"[158,254]","[0,254]",,TREE
1982.8336485904008,NETWORK_REQUEST,"[157,1]",64,"[157,254]","[0,254]",,TREE
1982.8336938866976,NETWORK_REQUEST,"[158,1]",74,"[155,254]","[0,254]",,TREE
1982.833695545664,NETWORK_REQUEST,"[158,2]",73,"[158,254]","[0,254]",,TREE
1982.8337006689935,NETWORK_REQUEST,"[157,2]",45,"[157,254]","[0,254]",,TREE
1982.833705364059,NETWORK_REQUEST,"[158,2]",73,"[158,254]","[0,254]",,TREE
1982.833715451471,NETWORK_REQUEST,"[158,2]",74,"[155,254]","[0,254]",,TREE
1982.8337185866028,NETWORK_REQUEST,"[158,1]",74,"[155,254]","[0,254]",,TREE
1982.8337240032974,NETWORK_REQUEST,"[157,1]",55,"[154,254]","[0,254]",,TREE
1982.8337744782727,NETWORK_REQUEST,"[158,2]",74,"[155,254]","[0,254]",,TREE
1982.83377642005,NETWORK_REQUEST,"[157,2]",55,"[154,254]","[0,254]",,TREE
1982.8337807232592,NETWORK_REQUEST,"[158,1]",85,"[152,254]","[0,254]",,TREE
1982.8337842966675,NETWORK_REQUEST,"[158,2]",74,"[155,254]","[0,254]",,TREE
1982.833794996167,NETWORK_REQUEST,"[157,1]",66,"[151,254]","[0,254]",,TREE
1982.8337986679232,NETWORK_REQUEST,"[157,2]",45,"[157,254]","[0,254]",,TREE
1982.8338022880328,NETWORK_REQUEST,"[158,2]",85,"[152,254]","[0,254]",,TREE
1982.8338054231644,NETWORK_REQUEST,"[158,1]",85,"[152,254]","[0,254]",,TREE
1982.8338474129196,NETWORK_REQUEST,"[157,2]",66,"[151,254]","[0,254]",,TREE
1982.8338528308745,NETWORK_REQUEST,"[158,1]",86,"[148,254]","[0,254]",,TREE
1982.8338613148344,NETWORK_REQUEST,"[158,2]",85,"[152,254]","[0,254]",,TREE
1982.8338711332292,NETWORK_REQUEST,"[158,2]",85,"[152,254]","[0,254]",,TREE
1982.8338742366834,NETWORK_REQUEST,"[157,1]",67,"[149,254]","[0,254]",,TREE
1982.833874395648,NETWORK_REQUEST,"[158,2]",86,"[148,254]","[0,254]",,TREE
1982.8338744189798,NETWORK_REQUEST,"[157,2]",55,"[154,254]","[0,254]",,TREE
1982.8338775307798,NETWORK_REQUEST,"[158,1]",86,"[148,254]","[0,254]",,TREE
1982.833926653436,NETWORK_REQUEST,"[157,2]",67,"[149,254]","[0,254]",,TREE
1982.8339334224497,NETWORK_REQUEST,"[158,2]",86,"[148,254]","[0,254]",,TREE
1982.833934459291,NETWORK_REQUEST,"[158,1]",96,"[93,1]","[0,254]",,TREE
1982.8339432408445,NETWORK_REQUEST,"[158,2]",86,"[148,254]","[0,254]",,TREE
1982.8339454118493,NETWORK_REQUEST,"[157,2]",66,"[151,254]","[0,254]",,TREE
1982.8339560240645,NETWORK_REQUEST,"[158,2]",96,"[93,1]","[0,254]",,TREE
1982.8339591591962,NETWORK_REQUEST,"[158,1]",96,"[93,1]","[0,254]",,TREE
1982.8339615705006,NETWORK_REQUEST,"[157,1]",77,"[96,254]","[0,254]",,TREE
1982.8340097452503,NETWORK_REQUEST,"[158,1]",97,"[93,254]","[0,254]",,TREE
1982.8340139872532,NETWORK_REQUEST,"[157,2]",77,"[96,254]","[0,254]",,TREE
1982.8340150508661,NETWORK_REQUEST,"[158,2]",96,"[93,1]","[0,254]",,TREE
1982.8340246523658,NETWORK_REQUEST,"[157,2]",67,"[149,254]","[0,254]",,TREE
1982.834024869261,NETWORK_REQUEST,"[158,2]",96,"[93,1]","[0,254]",,TREE
1982.8340313100239,NETWORK_REQUEST,"[158,2]",97,"[93,254]","[0,254]",,TREE
1982.8340344451556,NETWORK_REQUEST,"[158,1]",97,"[93,254]","[0,254]",,TREE
1982.8340394645052,NETWORK_REQUEST,"[157,1]",88,"[58,1]","[0,254]",,TREE
1982.8340892064034,NETWORK_REQUEST,"[158,1]",98,"[58,1]","[0,254]",,TREE
1982.8340903368255,NETWORK_REQUEST,"[158,2]",97,"[93,254]","[0,254]",,TREE
1982.8340918812578,NETWORK_REQUEST,"[157,2]",88,"[58,1]","[0,254]",,TREE
1982.8341001552203,NETWORK_REQUEST,"[158,2]",97,"[93,254]","[0,254]",,TREE
1982.8341062993202,NETWORK_REQUEST,"[157,1]",89,"[58,254]","[0,254]",,TREE
1982.834110771177,NETWORK_REQUEST,"[158,2]",98,"[58,1]","[0,254]",,TREE
1982.834111986183,NETWORK_REQUEST,"[157,2]",77,"[96,254]","[0,254]",,TREE
1982.8341139063086,NETWORK_REQUEST,"[158,1]",98,"[58,1]","[0,254]",,TREE
1982.8341587160728,NETWORK_REQUEST,"[157,2]",89,"[58,254]","[0,254]",,TREE
1982.8341676821306,NETWORK_REQUEST,"[158,1]",89,"[58,254]","[0,254]",,TREE
1982.8341697979786,NETWORK_REQUEST,"[158,2]",98,"[58,1]","[0,254]",,TREE
1982.8341796163734,NETWORK_REQUEST,"[158,2]",98,"[58,1]","[0,254]",,TREE
1982.834186701169,NETWORK_REQUEST,"[157,1]",79,"[47,3]","[0,254]",,TREE
1982.834189246904,NETWORK_REQUEST,"[158,2]",89,"[58,254]","[0,254]",,TREE
1982.8341898801875,NETWORK_REQUEST,"[157,2]",88,"[58,1]","[0,254]",,TREE
1982.8341923820358,NETWORK_REQUEST,"[158,1]",89,"[58,254]","[0,254]",,TREE
1982.8342391179217,NETWORK_REQUEST,"[157,2]",79,"[47,3]","[0,254]",,TREE
1982.8342480839794,NETWORK_REQUEST,"[158,1]",79,"[47,3]","[0,254]",,TREE
1982.8342482737057,NETWORK_REQUEST,"[158,2]",89,"[58,254]","[0,254]",,TREE
1982.8342567150025,NETWORK_REQUEST,"[157,2]",89,"[58,254]","[0,254]",,TREE
1982.8342580921005,NETWORK_REQUEST,"[158,2]",89,"[58,254]","[0,254]",,TREE
1982.8342663078506,NETWORK_REQUEST,"[157,1]",69,"[47,254]","[0,254]",,TREE
1982.834269648753,NETWORK_REQUEST,"[158,2]",79,"[47,3]","[0,254]",,TREE
1982.8342727838847,NETWORK_REQUEST,"[158,1]",79,"[47,3]","[0,254]",,TREE
1982.834312865121,NETWORK_REQUEST,"[157,1]",59,"[43,2]","[0,254]",,TREE
1982.8343187246032,NETWORK_REQUEST,"[157,2]",69,"[47,254]","[0,254]",,TREE
1982.834327690661,NETWORK_REQUEST,"[158,1]",69,"[47,254]","[0,254]",,TREE
1982.8343286755546,NETWORK_REQUEST,"[158,2]",79,"[47,3]","[0,254]",,TREE
1982.8343371168514,NETWORK_REQUEST,"[157,2]",79,"[47,3]","[0,254]",,TREE
1982.8343384939494,NETWORK_REQUEST,"[158,2]",79,"[47,3]","[0,254]",,TREE
1982.8343492554345,NETWORK_REQUEST,"[158,2]",69,"[47,254]","[0,254]",,TREE
1982.8343523905662,NETWORK_REQUEST,"[158,1]",69,"[47,254]","[0,254]",,TREE
1982.8343608605264,NETWORK_REQUEST,"[157,1]",49,"[43,254]","[0,254]",,TREE
1982.8343652818737,NETWORK_REQUEST,"[157,2]",59,"[43,2]","[0,254]",,TREE
1982.8343742479315,NETWORK_REQUEST,"[158,1]",59,"[43,2]","[0,254]",,TREE
1982.834395812705,NETWORK_REQUEST,"[158,2]",59,"[43,2]","[0,254]",,TREE
1982.8343989478367,NETWORK_REQUEST,"[158,1]",59,"[43,2]","[0,254]",,TREE
1982.8344082822362,NETWORK_REQUEST,"[158,2]",69,"[47,254]","[0,254]",,TREE
1982.834413277279,NETWORK_REQUEST,"[157,2]",49,"[43,254]","[0,254]",,TREE
1982.834416723533,NETWORK_REQUEST,"[157,2]",69,"[47,254]","[0,254]",,TREE
1982.834418100631,NETWORK_REQUEST,"[158,2]",69,"[47,254]","[0,254]",,TREE
1982.8344222433368,NETWORK_REQUEST,"[158,1]",49,"[43,254]","[0,254]",,TREE
1982.8344438081103,NETWORK_REQUEST,"[158,2]",49,"[43,254]","[0,254]",,TREE
1982.834446943242,NETWORK_REQUEST,"[158,1]",49,"[43,254]","[0,254]",,TREE
1982.8344498595259,NETWORK_REQUEST,"[157,1]",39,"[4,2]","[0,254]",,TREE
1982.8344548395066,NETWORK_REQUEST,"[158,2]",59,"[43,2]","[0,254]",,TREE
1982.8344632808034,NETWORK_REQUEST,"[157,2]",59,"[43,2]","[0,254]",,TREE
1982.8344646579014,NETWORK_REQUEST,"[158,2]",59,"[43,2]","[0,254]",,TREE
1982.8344987256075,NETWORK_REQUEST,"[157,1]",29,"[4,254]","[0,254]",,TREE
1982.8345022762785,NETWORK_REQUEST,"[157,2]",39,"[4,2]","[0,254]",,TREE
1982.834502834912,NETWORK_REQUEST,"[158,2]",49,"[43,254]","[0,254]",,TREE
1982.8345112423362,NETWORK_REQUEST,"[158,1]",39,"[4,2]","[0,254]",,TREE
1982.8345112762088,NETWORK_REQUEST,"[157,2]",49,"[43,254]","[0,254]",,TREE
1982.8345126533068,NETWORK_REQUEST,"[158,2]",49,"[43,254]","[0,254]",,TREE
1982.8345328071098,NETWORK_REQUEST,"[158,2]",39,"[4,2]","[0,254]",,TREE
1982.8345359422415,NETWORK_REQUEST,"[158,1]",39,"[4,2]","[0,254]",,TREE
1982.8345511423602,NETWORK_REQUEST,"[157,2]",29,"[4,254]","[0,254]",,TREE
1982.834560108418,NETWORK_REQUEST,"[158,1]",29,"[4,254]","[0,254]",,TREE
1982.834564445963,NETWORK_REQUEST,"[157,1]",28,"[0,3]","[0,254]",,TREE
1982.8345816731915,NETWORK_REQUEST,"[158,2]",29,"[4,254]","[0,254]",,TREE
1982.8345848083231,NETWORK_REQUEST,"[158,1]",29,"[4,254]","[0,254]",,TREE
1982.8345918339114,NETWORK_REQUEST,"[158,2]",39,"[4,2]","[0,254]",,TREE
1982.8346002752082,NETWORK_REQUEST,"[157,2]",39,"[4,2]","[0,254]",,TREE
1982.8346016523062,NETWORK_REQUEST,"[158,2]",39,"[4,2]","[0,254]",,TREE
1982.8346168627156,NETWORK_REQUEST,"[157,2]",28,"[0,3]","[0,254]",,TREE
1982.8346258287734,NETWORK_REQUEST,"[158,1]",28,"[0,3]","[0,254]",,TREE
1982.8346279701618,NETWORK_REQUEST,"[157,1]",18,"[0,254]","[0,254]",,DIRECT
1982.834640699993,NETWORK_REQUEST,"[158,2]",29,"[4,254]","[0,254]",,TREE
1982.834647393547,NETWORK_REQUEST,"[158,2]",28,"[0,3]","[0,254]",,TREE
1982.83464914129,NETWORK_REQUEST,"[157,2]",29,"[4,254]","[0,254]",,TREE
1982.834650518388,NETWORK_REQUEST,"[158,2]",29,"[4,254]","[0,254]",,TREE
1982.8346505286786,NETWORK_REQUEST,"[158,1]",28,"[0,3]","[0,254]",,TREE
1982.8346803869144,NETWORK_REQUEST,"[157,2]",18,"[0,254]","[0,254]",,DIRECT
1982.8346893529722,NETWORK_REQUEST,"[158,1]",18,"[0,254]","[0,254]",,DIRECT
1982.8347064203485,NETWORK_REQUEST,"[158,2]",28,"[0,3]","[0,254]",,TREE
1982.8347109177457,NETWORK_REQUEST,"[158,2]",18,"[0,254]","[0,254]",,DIRECT
1982.8347140528774,NETWORK_REQUEST,"[158,1]",18,"[0,254]","[0,254]",,DIRECT
1982.8347141282582,NETWORK_REPLY,"[0,254]",17,"[0,3]","[157,1]",,TREE
1982.8347148616454,NETWORK_REQUEST,"[157,2]",28,"[0,3]","[0,254]",,TREE
1982.8347162387433,NETWORK_REQUEST,"[158,2]",28,"[0,3]","[0,254]",,TREE
1982.8347665450108,NETWORK_REPLY,"[0,254]",17,"[0,3]","[157,2]",,TREE
1982.8347699445474,NETWORK_REQUEST,"[158,2]",18,"[0,254]","[0,254]",,DIRECT
1982.8347755110685,NETWORK_REPLY,"[0,254]",17,"[0,3]","[158,1]",,TREE
1982.8347783858442,NETWORK_REQUEST,"[157,2]",18,"[0,254]","[0,254]",,DIRECT
1982.8347797629422,NETWORK_REQUEST,"[158,2]",18,"[0,254]","[0,254]",,DIRECT
1982.834797075842,NETWORK_REPLY,"[0,254]",17,"[0,3]","[158,2]",,TREE
1982.8348002109738,NETWORK_REPLY,"[0,254]",17,"[0,3]","[158,1]",,TREE
1982.8348002863545,NETWORK_REPLY,"[0,254]",18,"[4,1]","[157,1]",,TREE
1982.8348527031071,NETWORK_REPLY,"[0,254]",18,"[4,1]","[157,2]",,TREE
1982.8348561026437,NETWORK_REPLY,"[0,254]",17,"[0,3]","[158,2]",,TREE
1982.8348616691649,NETWORK_REPLY,"[0,254]",18,"[4,1]","[158,1]",,TREE
1982.8348638105533,NETWORK_REPLY,"[0,254]",28,"[4,2]","[157,1]",,TREE
1982.8348645439405,NETWORK_REPLY,"[0,254]",17,"[0,3]","[157,2]",,TREE
1982.8348659210385,NETWORK_REPLY,"[0,254]",17,"[0,3]","[158,2]",,TREE
1982.8348832339384,NETWORK_REPLY,"[0,254]",18,"[4,1]","[158,2]",,TREE
1982.83488636907,NETWORK_REPLY,"[0,254]",18,"[4,1]","[158,1]",,TREE
1982.834916227306,NETWORK_REPLY,"[0,254]",28,"[4,2]","[157,2]",,TREE
1982.8349251933637,NETWORK_REPLY,"[0,254]",28,"[4,2]","[158,1]",,TREE
1982.8349295309088,NETWORK_REPLY,"[0,254]",29,"[43,1]","[157,1]",,TREE
1982.83494226074,NETWORK_REPLY,"[0,254]",18,"[4,1]","[158,2]",,TREE
1982.8349467581372,NETWORK_REPLY,"[0,254]",28,"[4,2]","[158,2]",,TREE
1982.834949893269,NETWORK_REPLY,"[0,254]",28,"[4,2]","[158,1]",,TREE
1982.8349507020368,NETWORK_REPLY,"[0,254]",18,"[4,1]","[157,2]",,TREE
1982.8349520791348,NETWORK_REPLY,"[0,254]",18,"[4,1]","[158,2]",,TREE
1982.8349783969904,NETWORK_REPLY,"[0,254]",39,"[43,2]","[157,1]",,TREE
1982.8349819476614,NETWORK_REPLY,"[0,254]",29,"[43,1]","[157,2]",,TREE
1982.8349909137191,NETWORK_REPLY,"[0,254]",29,"[43,1]","[158,1]",,TREE
1982.8350057849389,NETWORK_REPLY,"[0,254]",28,"[4,2]","[158,2]",,TREE
1982.8350124784927,NETWORK_REPLY,"[0,254]",29,"[43,1]","[158,2]",,TREE
1982.8350142262357,NETWORK_REPLY,"[0,254]",28,"[4,2]","[157,2]",,TREE
1982.8350156033337,NETWORK_REPLY,"[0,254]",28,"[4,2]","[158,2]",,TREE
1982.8350156136244,NETWORK_REPLY,"[0,254]",29,"[43,1]","[158,1]",,TREE
1982.835030813743,NETWORK_REPLY,"[0,254]",39,"[43,2]","[157,2]",,TREE
1982.8350397798008,NETWORK_REPLY,"[0,254]",39,"[43,2]","[158,1]",,TREE
1982.8350613445743,NETWORK_REPLY,"[0,254]",39,"[43,2]","[158,2]",,TREE
1982.835064479706,NETWORK_REPLY,"[0,254]",39,"[43,2]","[158,1]",,TREE
1982.8350673959899,NETWORK_REPLY,"[0,254]",49,"[47,1]","[157,1]",,TREE
1982.8350715052943,NETWORK_REPLY,"[0,254]",29,"[43,1]","[158,2]",,TREE
1982.8350799465911,NETWORK_REPLY,"[0,254]",29,"[43,1]","[157,2]",,TREE
1982.835081323689,NETWORK_REPLY,"[0,254]",29,"[43,1]","[158,2]",,TREE
1982.8351153913952,NETWORK_REPLY,"[0,254]",59,"[47,3]","[157,1]",,TREE
1982.8351198127425,NETWORK_REPLY,"[0,254]",49,"[47,1]","[157,2]",,TREE
1982.835120371376,NETWORK_REPLY,"[0,254]",39,"[43,2]","[158,2]",,TREE
1982.8351287788003,NETWORK_REPLY,"[0,254]",49,"[47,1]","[158,1]",,TREE
1982.8351288126728,NETWORK_REPLY,"[0,254]",39,"[43,2]","[157,2]",,TREE
1982.8351301897708,NETWORK_REPLY,"[0,254]",39,"[43,2]","[158,2]",,TREE
1982.8351503435738,NETWORK_REPLY,"[0,254]",49,"[47,1]","[158,2]",,TREE
1982.8351534787055,NETWORK_REPLY,"[0,254]",49,"[47,1]","[158,1]",,TREE
1982.8351619486657,NETWORK_REPLY,"[0,254]",69,"[58,254]","[157,1]",,TREE
1982.8351678081478,NETWORK_REPLY,"[0,254]",59,"[47,3]","[157,2]",,TREE
1982.8351767742056,NETWORK_REPLY,"[0,254]",59,"[47,3]","[158,1]",,TREE
1982.8351983389791,NETWORK_REPLY,"[0,254]",59,"[47,3]","[158,2]",,TREE
1982.8352014741108,NETWORK_REPLY,"[0,254]",59,"[47,3]","[158,1]",,TREE
1982.8352093703754,NETWORK_REPLY,"[0,254]",49,"[47,1]","[158,2]",,TREE
1982.8352143654183,NETWORK_REPLY,"[0,254]",69,"[58,254]","[157,2]",,TREE
1982.8352178116722,NETWORK_REPLY,"[0,254]",49,"[47,1]","[157,2]",,TREE
1982.8352191887702,NETWORK_REPLY,"[0,254]",49,"[47,1]","[158,2]",,TREE
1982.835223331476,NETWORK_REPLY,"[0,254]",69,"[58,254]","[158,1]",,TREE
1982.8352415553472,NETWORK_REPLY,"[0,254]",79,"[58,1]","[157,1]",,TREE
1982.8352448962496,NETWORK_REPLY,"[0,254]",69,"[58,254]","[158,2]",,TREE
1982.8352480313813,NETWORK_REPLY,"[0,254]",69,"[58,254]","[158,1]",,TREE
1982.8352573657808,NETWORK_REPLY,"[0,254]",59,"[47,3]","[158,2]",,TREE
1982.8352658070776,NETWORK_REPLY,"[0,254]",59,"[47,3]","[157,2]",,TREE
1982.8352671841756,NETWORK_REPLY,"[0,254]",59,"[47,3]","[158,2]",,TREE
1982.8352939720999,NETWORK_REPLY,"[0,254]",79,"[58,1]","[157,2]",,TREE
1982.8353029381576,NETWORK_REPLY,"[0,254]",79,"[58,1]","[158,1]",,TREE
1982.8353039230512,NETWORK_REPLY,"[0,254]",69,"[58,254]","[158,2]",,TREE
1982.835312364348,NETWORK_REPLY,"[0,254]",69,"[58,254]","[157,2]",,TREE
1982.835313741446,NETWORK_REPLY,"[0,254]",69,"[58,254]","[158,2]",,TREE
1982.8353219571961,NETWORK_REPLY,"[0,254]",89,"[96,254]","[157,1]",,TREE
1982.8353245029311,NETWORK_REPLY,"[0,254]",79,"[58,1]","[158,2]",,TREE
1982.8353276380628,NETWORK_REPLY,"[0,254]",79,"[58,1]","[158,1]",,TREE
1982.8353743739488,NETWORK_REPLY,"[0,254]",89,"[96,254]","[157,2]",,TREE
1982.8353833400065,NETWORK_REPLY,"[0,254]",89,"[93,254]","[158,1]",,TREE
1982.8353835297328,NETWORK_REPLY,"[0,254]",79,"[58,1]","[158,2]",,TREE
1982.8353887920111,NETWORK_REPLY,"[0,254]",88,"[96,1]","[157,1]",,TREE
1982.8353919710296,NETWORK_REPLY,"[0,254]",79,"[58,1]","[157,2]",,TREE
1982.8353933481276,NETWORK_REPLY,"[0,254]",79,"[58,1]","[158,2]",,TREE
1982.83540490478,NETWORK_REPLY,"[0,254]",89,"[93,254]","[158,2]",,TREE
1982.8354080399117,NETWORK_REPLY,"[0,254]",89,"[93,254]","[158,1]",,TREE
1982.8354412087638,NETWORK_REPLY,"[0,254]",88,"[96,1]","[157,2]",,TREE
1982.8354618157337,NETWORK_REPLY,"[0,254]",98,"[93,1]","[158,1]",,TREE
1982.8354639315817,NETWORK_REPLY,"[0,254]",89,"[93,254]","[158,2]",,TREE
1982.8354666860157,NETWORK_REPLY,"[0,254]",77,"[149,1]","[157,1]",,TREE
1982.8354723728785,NETWORK_REPLY,"[0,254]",89,"[96,254]","[157,2]",,TREE
1982.8354737499765,NETWORK_REPLY,"[0,254]",89,"[93,254]","[158,2]",,TREE
1982.8354833805072,NETWORK_REPLY,"[0,254]",98,"[93,1]","[158,2]",,TREE
1982.8354865156389,NETWORK_REPLY,"[0,254]",98,"[93,1]","[158,1]",,TREE
1982.8355191027683,NETWORK_REPLY,"[0,254]",77,"[149,1]","[157,2]",,TREE
1982.8355392076935,NETWORK_REPLY,"[0,254]",88,"[96,1]","[157,2]",,TREE
1982.8355412768867,NETWORK_REPLY,"[0,254]",97,"[148,1]","[158,1]",,TREE
1982.8355424073088,NETWORK_REPLY,"[0,254]",98,"[93,1]","[158,2]",,TREE
1982.8355522257036,NETWORK_REPLY,"[0,254]",98,"[93,1]","[158,2]",,TREE
1982.835554019833,NETWORK_REPLY,"[0,254]",67,"[151,1]","[157,1]",,TREE
1982.8355628416602,NETWORK_REPLY,"[0,254]",97,"[148,1]","[158,2]",,TREE
1982.835565976792,NETWORK_REPLY,"[0,254]",97,"[148,1]","[158,1]",,TREE
1982.8356064365855,NETWORK_REPLY,"[0,254]",67,"[151,1]","[157,2]",,TREE
1982.835616562846,NETWORK_REPLY,"[0,254]",96,"[148,2]","[158,1]",,TREE
1982.835617101698,NETWORK_REPLY,"[0,254]",77,"[149,1]","[157,2]",,TREE
1982.8356218684619,NETWORK_REPLY,"[0,254]",97,"[148,1]","[158,2]",,TREE
1982.8356316868567,NETWORK_REPLY,"[0,254]",97,"[148,1]","[158,2]",,TREE
1982.8356332603494,NETWORK_REPLY,"[0,254]",66,"[154,2]","[157,1]",,MESH
1982.8356381276196,NETWORK_REPLY,"[0,254]",96,"[148,2]","[158,2]",,TREE
1982.8356412627513,NETWORK_REPLY,"[0,254]",96,"[148,2]","[158,1]",,TREE
1982.835654330745,NETWORK_REPLY,"[0,254]",65,"[157,1]","[157,1]",,DIRECT
1982.835685677102,NETWORK_REPLY,"[0,254]",66,"[154,3]","[157,2]",,MESH
1982.8356971544213,NETWORK_REPLY,"[0,254]",96,"[148,2]","[158,2]",,TREE
1982.8356981912625,NETWORK_REPLY,"[0,254]",86,"[152,1]","[158,1]",,TREE
1982.8357044355153,NETWORK_REPLY,"[0,254]",67,"[151,1]","[157,2]",,TREE
1982.835706972816,NETWORK_REPLY,"[0,254]",96,"[148,2]","[158,2]",,TREE
1982.835719756036,NETWORK_REPLY,"[0,254]",86,"[152,1]","[158,2]",,TREE
1982.8357228911677,NETWORK_REPLY,"[0,254]",86,"[152,1]","[158,1]",,TREE
1982.8357566699715,NETWORK_REPLY,"[0,254]",55,"[157,2]","[157,2]",,DIRECT
1982.8357702988778,NETWORK_REPLY,"[0,254]",85,"[155,2]","[158,1]",,MESH
1982.8357787828377,NETWORK_REPLY,"[0,254]",86,"[152,1]","[158,2]",,TREE
1982.8357836760317,NETWORK_REPLY,"[0,254]",66,"[154,3]","[157,2]",,MESH
1982.8357886012325,NETWORK_REPLY,"[0,254]",86,"[152,1]","[158,2]",,TREE
1982.8357918636514,NETWORK_REPLY,"[0,254]",85,"[155,2]","[158,2]",,MESH
1982.835794998783,NETWORK_REPLY,"[0,254]",85,"[155,2]","[158,1]",,MESH
1982.835850890453,NETWORK_REPLY,"[0,254]",85,"[155,2]","[158,2]",,MESH
1982.8358546689012,NETWORK_REPLY,"[0,254]",55,"[157,2]","[157,2]",,DIRECT
1982.8358571354395,NETWORK_REPLY,"[0,254]",74,"[158,1]","[158,1]",,DIRECT
1982.8358607088478,NETWORK_REPLY,"[0,254]",85,"[155,2]","[158,2]",,MESH
1982.835878700213,NETWORK_REPLY,"[0,254]",74,"[158,2]","[158,2]",,DIRECT
1982.8358818353447,NETWORK_REPLY,"[0,254]",74,"[158,1]","[158,1]",,DIRECT
1982.8359377270147,NETWORK_REPLY,"[0,254]",74,"[158,2]","[158,2]",,DIRECT
1982.8359475454095,NETWORK_REPLY,"[0,254]",74,"[158,2]","[158,2]",,DIRECT
1987.8327931009442,NETWORK_REQUEST,"[156,2]",15,"[156,254]","[0,254]",,TREE
1987.8328522802035,NETWORK_REQUEST,"[156,2]",15,"[156,254]","[0,254]",,TREE
1987.8328581090411,NETWORK_REQUEST,"[156,2]",26,"[150,1]","[0,254]",,TREE
1987.8329172883005,NETWORK_REQUEST,"[156,2]",26,"[150,1]","[0,254]",,TREE
1987.8329358365183,NETWORK_REQUEST,"[156,2]",15,"[156,254]","[0,254]",,TREE
1987.832947685034,NETWORK_REQUEST,"[156,2]",36,"[150,254]","[0,254]",,TREE
1987.8330008446153,NETWORK_REQUEST,"[156,2]",26,"[150,1]","[0,254]",,TREE
1987.8330009546532,NETWORK_REQUEST,"[156,2]",15,"[156,254]","[0,254]",,TREE
1987.8330068642933,NETWORK_REQUEST,"[156,2]",36,"[150,254]","[0,254]",,TREE
1987.8330153123309,NETWORK_REQUEST,"[156,2]",37,"[43,3]","[0,254]",,TREE
1987.8330659627502,NETWORK_REQUEST,"[156,2]",26,"[150,1]","[0,254]",,TREE
1987.8330744915902,NETWORK_REQUEST,"[156,2]",37,"[43,3]","[0,254]",,TREE
1987.8330904206082,NETWORK_REQUEST,"[156,2]",36,"[150,254]","[0,254]",,TREE
1987.8331028999448,NETWORK_REQUEST,"[156,2]",48,"[43,254]","[0,254]",,TREE
1987.833155538743,NETWORK_REQUEST,"[156,2]",36,"[150,254]","[0,254]",,TREE
1987.833158047905,NETWORK_REQUEST,"[156,2]",37,"[43,3]","[0,254]",,TREE
1987.8331620792042,NETWORK_REQUEST,"[156,2]",48,"[43,254]","[0,254]",,TREE
1987.8331905389982,NETWORK_REQUEST,"[156,2]",39,"[4,2]","[0,254]",,TREE
1987.83322316604,NETWORK_REQUEST,"[156,2]",37,"[43,3]","[0,254]",,TREE
1987.83323940508,NETWORK_REQUEST,"[156,2]",29,"[4,254]","[0,254]",,TREE
1987.833245635519,NETWORK_REQUEST,"[156,2]",48,"[43,254]","[0,254]",,TREE
1987.8332497182575,NETWORK_REQUEST,"[156,2]",39,"[4,2]","[0,254]",,TREE
1987.8332985843392,NETWORK_REQUEST,"[156,2]",29,"[4,254]","[0,254]",,TREE
1987.8333051254353,NETWORK_REQUEST,"[156,2]",28,"[0,3]","[0,254]",,TREE
1987.833310753654,NETWORK_REQUEST,"[156,2]",48,"[43,254]","[0,254]",,TREE
1987.8333332745724,NETWORK_REQUEST,"[156,2]",39,"[4,2]","[0,254]",,TREE
1987.8333643046947,NETWORK_REQUEST,"[156,2]",28,"[0,3]","[0,254]",,TREE
1987.8333686496342,NETWORK_REQUEST,"[156,2]",18,"[0,254]","[0,254]",,DIRECT
1987.833382140654,NETWORK_REQUEST,"[156,2]",29,"[4,254]","[0,254]",,TREE
1987.8333983927073,NETWORK_REQUEST,"[156,2]",39,"[4,2]","[0,254]",,TREE
1987.8334278288935,NETWORK_REQUEST,"[156,2]",18,"[0,254]","[0,254]",,DIRECT
1987.833447258789,NETWORK_REQUEST,"[156,2]",29,"[4,254]","[0,254]",,TREE
1987.8334478610095,NETWORK_REQUEST,"[156,2]",28,"[0,3]","[0,254]",,TREE
1987.8334548077305,NETWORK_REPLY,"[0,254]",17,"[0,3]","[156,2]",,TREE
1987.8335113852083,NETWORK_REQUEST,"[156,2]",18,"[0,254]","[0,254]",,DIRECT
1987.8335129791444,NETWORK_REQUEST,"[156,2]",28,"[0,3]","[0,254]",,TREE
1987.8335139869898,NETWORK_REPLY,"[0,254]",17,"[0,3]","[156,2]",,TREE
1987.8335409658268,NETWORK_REPLY,"[0,254]",18,"[4,1]","[156,2]",,TREE
1987.8335765033432,NETWORK_REQUEST,"[156,2]",18,"[0,254]","[0,254]",,DIRECT
1987.8335975433047,NETWORK_REPLY,"[0,254]",17,"[0,3]","[156,2]",,TREE
1987.8336001450862,NETWORK_REPLY,"[0,254]",18,"[4,1]","[156,2]",,TREE
1987.8336044900257,NETWORK_REPLY,"[0,254]",28,"[4,2]","[156,2]",,TREE
1987.8336626614396,NETWORK_REPLY,"[0,254]",17,"[0,3]","[156,2]",,TREE
1987.833663669285,NETWORK_REPLY,"[0,254]",28,"[4,2]","[156,2]",,TREE
1987.8336702103811,NETWORK_REPLY,"[0,254]",29,"[43,1]","[156,2]",,TREE
1987.833683701401,NETWORK_REPLY,"[0,254]",18,"[4,1]","[156,2]",,TREE
1987.8337190764628,NETWORK_REPLY,"[0,254]",39,"[43,3]","[156,2]",,TREE
1987.8337293896404,NETWORK_REPLY,"[0,254]",29,"[43,1]","[156,2]",,TREE
1987.8337472255998,NETWORK_REPLY,"[0,254]",28,"[4,2]","[156,2]",,TREE
1987.833748819536,NETWORK_REPLY,"[0,254]",18,"[4,1]","[156,2]",,TREE
1987.833778255722,NETWORK_REPLY,"[0,254]",39,"[43,3]","[156,2]",,TREE
1987.8338067155162,NETWORK_REPLY,"[0,254]",48,"[150,254]","[156,2]",,TREE
1987.8338123437347,NETWORK_REPLY,"[0,254]",28,"[4,2]","[156,2]",,TREE
1987.8338129459553,NETWORK_REPLY,"[0,254]",29,"[43,1]","[156,2]",,TREE
1987.833861812037,NETWORK_REPLY,"[0,254]",39,"[43,3]","[156,2]",,TREE
1987.8338658947755,NETWORK_REPLY,"[0,254]",48,"[150,254]","[156,2]",,TREE
1987.8338780640902,NETWORK_REPLY,"[0,254]",29,"[43,1]","[156,2]",,TREE
1987.8338943031301,NETWORK_REPLY,"[0,254]",37,"[150,1]","[156,2]",,TREE
1987.8339269301719,NETWORK_REPLY,"[0,254]",39,"[43,3]","[156,2]",,TREE
1987.8339494510903,NETWORK_REPLY,"[0,254]",48,"[150,254]","[156,2]",,TREE
1987.8339534823895,NETWORK_REPLY,"[0,254]",37,"[150,1]","[156,2]",,TREE
1987.833961930427,NETWORK_REPLY,"[0,254]",36,"[156,1]","[156,2]",,MESH
1987.8340145692252,NETWORK_REPLY,"[0,254]",48,"[150,254]","[156,2]",,TREE
1987.8340211096863,NETWORK_REPLY,"[0,254]",36,"[156,1]","[156,2]",,MESH
1987.8340370387043,NETWORK_REPLY,"[0,254]",37,"[150,1]","[156,2]",,TREE
1987.8340515064199,NETWORK_REPLY,"[0,254]",26,"[156,2]","[156,2]",,DIRECT
1987.8341021568392,NETWORK_REPLY,"[0,254]",37,"[150,1]","[156,2]",,TREE
1987.8341046660012,NETWORK_REPLY,"[0,254]",36,"[156,1]","[156,2]",,MESH
1987.8341106856792,NETWORK_REPLY,"[0,254]",26,"[156,2]","[156,2]",,DIRECT
1987.834169784136,NETWORK_REPLY,"[0,254]",36,"[156,1]","[156,2]",,MESH
1987.834194241994,NETWORK_REPLY,"[0,254]",26,"[156,2]","[156,2]",,DIRECT
1987.834259360129,NETWORK_REPLY,"[0,254]",26,"[156,2]","[156,2]",,DIRECT
1992.833634516411,NETWORK_REQUEST,"[159,1]",54,"[159,254]","[0,254]",,TREE
1992.8336867906517,NETWORK_REQUEST,"[162,1]",72,"[162,254]","[0,254]",,TREE
1992.833706165319,NETWORK_REQUEST,"[161,1]",82,"[161,254]","[0,254]",,TREE
1992.8337142665348,NETWORK_REQUEST,"[159,1]",64,"[157,254]","[0,254]",,TREE
1992.8337399327793,NETWORK_REQUEST,"[162,1]",73,"[158,254]","[0,254]",,TREE
1992.833757085734,NETWORK_REQUEST,"[161,1]",82,"[161,254]","[0,254]",,TREE
1992.8337586700732,NETWORK_REQUEST,"[161,1]",83,"[158,254]","[0,254]",,TREE
1992.8337871937065,NETWORK_REQUEST,"[162,2]",62,"[162,254]","[0,254]",,TREE
1992.8337896794314,NETWORK_REQUEST,"[159,1]",55,"[154,254]","[0,254]",,TREE
1992.8337928526907,NETWORK_REQUEST,"[162,1]",72,"[162,254]","[0,254]",,TREE
1992.8338095904883,NETWORK_REQUEST,"[161,1]",83,"[158,254]","[0,254]",,TREE
1992.833818865388,NETWORK_REQUEST,"[162,1]",74,"[155,254]","[0,254]",,TREE
1992.8338373724998,NETWORK_REQUEST,"[162,2]",73,"[158,254]","[0,254]",,TREE
1992.833843913291,NETWORK_REQUEST,"[161,1]",74,"[155,254]","[0,254]",,TREE
1992.8338459948184,NETWORK_REQUEST,"[162,1]",73,"[158,254]","[0,254]",,TREE
1992.833860672301,NETWORK_REQUEST,"[159,1]",66,"[151,254]","[0,254]",,TREE
1992.8338948337062,NETWORK_REQUEST,"[161,1]",74,"[155,254]","[0,254]",,TREE
1992.8339057019496,NETWORK_REQUEST,"[162,1]",85,"[152,254]","[0,254]",,TREE
1992.8339163051085,NETWORK_REQUEST,"[162,2]",74,"[155,254]","[0,254]",,TREE
1992.833924927427,NETWORK_REQUEST,"[162,1]",74,"[155,254]","[0,254]",,TREE
1992.8339307498527,NETWORK_REQUEST,"[161,1]",85,"[152,254]","[0,254]",,TREE
1992.8339399128174,NETWORK_REQUEST,"[159,1]",67,"[149,254]","[0,254]",,TREE
1992.833943542284,NETWORK_REQUEST,"[162,2]",62,"[162,254]","[0,254]",,TREE
1992.8339778095649,NETWORK_REQUEST,"[162,1]",86,"[148,254]","[0,254]",,TREE
1992.8339816702678,NETWORK_REQUEST,"[161,1]",85,"[152,254]","[0,254]",,TREE
1992.8339937210774,NETWORK_REQUEST,"[162,2]",73,"[158,254]","[0,254]",,TREE
1992.834002857468,NETWORK_REQUEST,"[161,1]",86,"[148,254]","[0,254]",,TREE
1992.83400314167,NETWORK_REQUEST,"[162,2]",85,"[152,254]","[0,254]",,TREE
1992.8340117639887,NETWORK_REQUEST,"[162,1]",85,"[152,254]","[0,254]",,TREE
1992.8340272466346,NETWORK_REQUEST,"[159,1]",77,"[96,254]","[0,254]",,TREE
1992.8340537778831,NETWORK_REQUEST,"[161,1]",86,"[148,254]","[0,254]",,TREE
1992.8340594379813,NETWORK_REQUEST,"[162,1]",96,"[93,1]","[0,254]",,TREE
1992.834072653686,NETWORK_REQUEST,"[162,2]",74,"[155,254]","[0,254]",,TREE
1992.8340752492854,NETWORK_REQUEST,"[162,2]",86,"[148,254]","[0,254]",,TREE
1992.834083871604,NETWORK_REQUEST,"[162,1]",86,"[148,254]","[0,254]",,TREE
1992.8340844858844,NETWORK_REQUEST,"[161,1]",96,"[93,1]","[0,254]",,TREE
1992.8341051406392,NETWORK_REQUEST,"[159,1]",88,"[58,1]","[0,254]",,TREE
1992.8341347239407,NETWORK_REQUEST,"[162,1]",97,"[93,254]","[0,254]",,TREE
1992.8341354062995,NETWORK_REQUEST,"[161,1]",96,"[93,1]","[0,254]",,TREE
1992.8341568777018,NETWORK_REQUEST,"[162,2]",96,"[93,1]","[0,254]",,TREE
1992.8341594902477,NETWORK_REQUEST,"[162,2]",85,"[152,254]","[0,254]",,TREE
1992.8341597718438,NETWORK_REQUEST,"[161,1]",97,"[93,254]","[0,254]",,TREE
1992.8341655000204,NETWORK_REQUEST,"[162,1]",96,"[93,1]","[0,254]",,TREE
1992.8341719754542,NETWORK_REQUEST,"[159,1]",89,"[58,254]","[0,254]",,TREE
1992.834210692259,NETWORK_REQUEST,"[161,1]",97,"[93,254]","[0,254]",,TREE
1992.8342141850937,NETWORK_REQUEST,"[162,1]",98,"[58,1]","[0,254]",,TREE
1992.834231597863,NETWORK_REQUEST,"[162,2]",86,"[148,254]","[0,254]",,TREE
1992.8342321636612,NETWORK_REQUEST,"[162,2]",97,"[93,254]","[0,254]",,TREE
1992.8342392329969,NETWORK_REQUEST,"[161,1]",98,"[58,1]","[0,254]",,TREE
1992.8342407859798,NETWORK_REQUEST,"[162,1]",97,"[93,254]","[0,254]",,TREE
1992.834252377303,NETWORK_REQUEST,"[159,1]",79,"[47,3]","[0,254]",,TREE
1992.834290153412,NETWORK_REQUEST,"[161,1]",98,"[58,1]","[0,254]",,TREE
1992.834292660821,NETWORK_REQUEST,"[162,1]",89,"[58,254]","[0,254]",,TREE
1992.8343116248143,NETWORK_REQUEST,"[162,2]",98,"[58,1]","[0,254]",,TREE
1992.8343132262794,NETWORK_REQUEST,"[162,2]",96,"[93,1]","[0,254]",,TREE
1992.834317708724,NETWORK_REQUEST,"[161,1]",89,"[58,254]","[0,254]",,TREE
1992.8343202471328,NETWORK_REQUEST,"[162,1]",98,"[58,1]","[0,254]",,TREE
1992.8343319839846,NETWORK_REQUEST,"[159,1]",69,"[47,254]","[0,254]",,TREE
1992.8343686291391,NETWORK_REQUEST,"[161,1]",89,"[58,254]","[0,254]",,TREE
1992.8343730626698,NETWORK_REQUEST,"[162,1]",79,"[47,3]","[0,254]",,TREE
1992.834378541255,NETWORK_REQUEST,"[159,1]",59,"[43,2]","[0,254]",,TREE
1992.8343885122388,NETWORK_REQUEST,"[162,2]",97,"[93,254]","[0,254]",,TREE
1992.8343901005414,NETWORK_REQUEST,"[162,2]",89,"[58,254]","[0,254]",,TREE
1992.834398110573,NETWORK_REQUEST,"[161,1]",79,"[47,3]","[0,254]",,TREE
1992.83439872286,NETWORK_REQUEST,"[162,1]",89,"[58,254]","[0,254]",,TREE
1992.8344265366604,NETWORK_REQUEST,"[159,1]",49,"[43,254]","[0,254]",,TREE
1992.834449030988,NETWORK_REQUEST,"[161,1]",79,"[47,3]","[0,254]",,TREE
1992.8344526693513,NETWORK_REQUEST,"[162,1]",69,"[47,254]","[0,254]",,TREE
1992.8344679733918,NETWORK_REQUEST,"[162,2]",98,"[58,1]","[0,254]",,TREE
1992.8344705023903,NETWORK_REQUEST,"[162,2]",79,"[47,3]","[0,254]",,TREE
1992.8344777172545,NETWORK_REQUEST,"[161,1]",69,"[47,254]","[0,254]",,TREE
1992.8344791247089,NETWORK_REQUEST,"[162,1]",79,"[47,3]","[0,254]",,TREE
1992.8344992266218,NETWORK_REQUEST,"[162,1]",59,"[43,2]","[0,254]",,TREE
1992.8345155356599,NETWORK_REQUEST,"[159,1]",39,"[4,2]","[0,254]",,TREE
1992.834524274525,NETWORK_REQUEST,"[161,1]",59,"[43,2]","[0,254]",,TREE
1992.8345286376696,NETWORK_REQUEST,"[161,1]",69,"[47,254]","[0,254]",,TREE
1992.834546449119,NETWORK_REQUEST,"[162,2]",89,"[58,254]","[0,254]",,TREE
1992.8345472220271,NETWORK_REQUEST,"[162,1]",49,"[43,254]","[0,254]",,TREE
1992.8345501090719,NETWORK_REQUEST,"[162,2]",69,"[47,254]","[0,254]",,TREE
1992.8345587313904,NETWORK_REQUEST,"[162,1]",69,"[47,254]","[0,254]",,TREE
1992.8345644017415,NETWORK_REQUEST,"[159,1]",29,"[4,254]","[0,254]",,TREE
1992.8345722699303,NETWORK_REQUEST,"[161,1]",49,"[43,254]","[0,254]",,TREE
1992.83457519494,NETWORK_REQUEST,"[161,1]",59,"[43,2]","[0,254]",,TREE
1992.8345966663423,NETWORK_REQUEST,"[162,2]",59,"[43,2]","[0,254]",,TREE
1992.834605288661,NETWORK_REQUEST,"[162,1]",59,"[43,2]","[0,254]",,TREE
1992.8346231903454,NETWORK_REQUEST,"[161,1]",49,"[43,254]","[0,254]",,TREE
1992.8346268509679,NETWORK_REQUEST,"[162,2]",79,"[47,3]","[0,254]",,TREE
1992.834630122097,NETWORK_REQUEST,"[159,1]",28,"[0,3]","[0,254]",,TREE
1992.8346362210266,NETWORK_REQUEST,"[162,1]",39,"[4,2]","[0,254]",,TREE
1992.8346446617477,NETWORK_REQUEST,"[162,2]",49,"[43,254]","[0,254]",,TREE
1992.8346532840662,NETWORK_REQUEST,"[162,1]",49,"[43,254]","[0,254]",,TREE
1992.8346612689297,NETWORK_REQUEST,"[161,1]",39,"[4,2]","[0,254]",,TREE
1992.8346850871083,NETWORK_REQUEST,"[162,1]",29,"[4,254]","[0,254]",,TREE
1992.8346936462958,NETWORK_REQUEST,"[159,1]",18,"[0,254]","[0,254]",,DIRECT
1992.8347064576494,NETWORK_REQUEST,"[162,2]",69,"[47,254]","[0,254]",,TREE
1992.8347101350114,NETWORK_REQUEST,"[161,1]",29,"[4,254]","[0,254]",,TREE
1992.8347121893448,NETWORK_REQUEST,"[161,1]",39,"[4,2]","[0,254]",,TREE
1992.8347336607471,NETWORK_REQUEST,"[162,2]",39,"[4,2]","[0,254]",,TREE
1992.8347422830657,NETWORK_REQUEST,"[162,1]",39,"[4,2]","[0,254]",,TREE
1992.8347508074637,NETWORK_REQUEST,"[162,1]",28,"[0,3]","[0,254]",,TREE
1992.83475301492,NETWORK_REQUEST,"[162,2]",59,"[43,2]","[0,254]",,TREE
1992.8347610554265,NETWORK_REQUEST,"[161,1]",29,"[4,254]","[0,254]",,TREE
1992.8347758553668,NETWORK_REQUEST,"[161,1]",28,"[0,3]","[0,254]",,TREE
1992.8347798043922,NETWORK_REPLY,"[0,254]",17,"[0,3]","[159,1]",,TREE
1992.8347825268288,NETWORK_REQUEST,"[162,2]",29,"[4,254]","[0,254]",,TREE
1992.8347911491473,NETWORK_REQUEST,"[162,1]",29,"[4,254]","[0,254]",,TREE
1992.8348010103252,NETWORK_REQUEST,"[162,2]",49,"[43,254]","[0,254]",,TREE
1992.8348143316625,NETWORK_REQUEST,"[162,1]",18,"[0,254]","[0,254]",,DIRECT
1992.834826775782,NETWORK_REQUEST,"[161,1]",28,"[0,3]","[0,254]",,TREE
1992.8348393795657,NETWORK_REQUEST,"[161,1]",18,"[0,254]","[0,254]",,DIRECT
1992.8348482471843,NETWORK_REQUEST,"[162,2]",28,"[0,3]","[0,254]",,TREE
1992.8348568695028,NETWORK_REQUEST,"[162,1]",28,"[0,3]","[0,254]",,TREE
1992.8348659624885,NETWORK_REPLY,"[0,254]",18,"[4,1]","[159,1]",,TREE
1992.8348900093247,NETWORK_REQUEST,"[162,2]",39,"[4,2]","[0,254]",,TREE
1992.8348902999808,NETWORK_REQUEST,"[161,1]",18,"[0,254]","[0,254]",,DIRECT
1992.8349004897589,NETWORK_REPLY,"[0,254]",17,"[0,3]","[162,1]",,TREE
1992.834911771383,NETWORK_REQUEST,"[162,2]",18,"[0,254]","[0,254]",,DIRECT
1992.8349203937016,NETWORK_REQUEST,"[162,1]",18,"[0,254]","[0,254]",,DIRECT
1992.834925537662,NETWORK_REPLY,"[0,254]",17,"[0,3]","[161,1]",,TREE
1992.8349294866873,NETWORK_REPLY,"[0,254]",28,"[4,2]","[159,1]",,TREE
1992.8349388754064,NETWORK_REQUEST,"[162,2]",29,"[4,254]","[0,254]",,TREE
1992.834976458077,NETWORK_REPLY,"[0,254]",17,"[0,3]","[161,1]",,TREE
1992.8349866478552,NETWORK_REPLY,"[0,254]",18,"[4,1]","[162,1]",,TREE
1992.8349952070428,NETWORK_REPLY,"[0,254]",29,"[43,1]","[159,1]",,TREE
1992.8349979294794,NETWORK_REPLY,"[0,254]",17,"[0,3]","[162,2]",,TREE
1992.8350045957618,NETWORK_REQUEST,"[162,2]",28,"[0,3]","[0,254]",,TREE
1992.835006551798,NETWORK_REPLY,"[0,254]",17,"[0,3]","[162,1]",,TREE
1992.8350116957583,NETWORK_REPLY,"[0,254]",18,"[4,1]","[161,1]",,TREE
1992.8350440731244,NETWORK_REPLY,"[0,254]",39,"[43,2]","[159,1]",,TREE
1992.835050172054,NETWORK_REPLY,"[0,254]",28,"[4,2]","[162,1]",,TREE
1992.8350626161734,NETWORK_REPLY,"[0,254]",18,"[4,1]","[161,1]",,TREE
1992.8350681199606,NETWORK_REQUEST,"[162,2]",18,"[0,254]","[0,254]",,DIRECT
1992.8350752199572,NETWORK_REPLY,"[0,254]",28,"[4,2]","[161,1]",,TREE
1992.8350840875758,NETWORK_REPLY,"[0,254]",18,"[4,1]","[162,2]",,TREE
1992.8350927098943,NETWORK_REPLY,"[0,254]",18,"[4,1]","[162,1]",,TREE
1992.8351158924095,NETWORK_REPLY,"[0,254]",29,"[43,1]","[162,1]",,TREE
1992.8351261403723,NETWORK_REPLY,"[0,254]",28,"[4,2]","[161,1]",,TREE
1992.8351330721239,NETWORK_REPLY,"[0,254]",49,"[47,1]","[159,1]",,TREE
1992.8351409403126,NETWORK_REPLY,"[0,254]",29,"[43,1]","[161,1]",,TREE
1992.8351476117746,NETWORK_REPLY,"[0,254]",28,"[4,2]","[162,2]",,TREE
1992.835154278057,NETWORK_REPLY,"[0,254]",17,"[0,3]","[162,2]",,TREE
1992.8351562340931,NETWORK_REPLY,"[0,254]",28,"[4,2]","[162,1]",,TREE
1992.8351647584911,NETWORK_REPLY,"[0,254]",39,"[43,2]","[162,1]",,TREE
1992.8351810675292,NETWORK_REPLY,"[0,254]",59,"[47,3]","[159,1]",,TREE
1992.8351898063943,NETWORK_REPLY,"[0,254]",39,"[43,2]","[161,1]",,TREE
1992.8351918607277,NETWORK_REPLY,"[0,254]",29,"[43,1]","[161,1]",,TREE
1992.83521333213,NETWORK_REPLY,"[0,254]",29,"[43,1]","[162,2]",,TREE
1992.8352219544486,NETWORK_REPLY,"[0,254]",29,"[43,1]","[162,1]",,TREE
1992.8352276247997,NETWORK_REPLY,"[0,254]",69,"[58,254]","[159,1]",,TREE
1992.8352404361533,NETWORK_REPLY,"[0,254]",18,"[4,1]","[162,2]",,TREE
1992.8352407268094,NETWORK_REPLY,"[0,254]",39,"[43,2]","[161,1]",,TREE
1992.8352537574906,NETWORK_REPLY,"[0,254]",49,"[47,1]","[162,1]",,TREE
1992.8352621982117,NETWORK_REPLY,"[0,254]",39,"[43,2]","[162,2]",,TREE
1992.8352708205302,NETWORK_REPLY,"[0,254]",39,"[43,2]","[162,1]",,TREE
1992.8352788053937,NETWORK_REPLY,"[0,254]",49,"[47,1]","[161,1]",,TREE
1992.835301752896,NETWORK_REPLY,"[0,254]",59,"[47,3]","[162,1]",,TREE
1992.8353039603521,NETWORK_REPLY,"[0,254]",28,"[4,2]","[162,2]",,TREE
1992.8353072314812,NETWORK_REPLY,"[0,254]",79,"[58,1]","[159,1]",,TREE
1992.835326800799,NETWORK_REPLY,"[0,254]",59,"[47,3]","[161,1]",,TREE
1992.8353297258088,NETWORK_REPLY,"[0,254]",49,"[47,1]","[161,1]",,TREE
1992.8353483101664,NETWORK_REPLY,"[0,254]",69,"[58,254]","[162,1]",,TREE
1992.8353511972111,NETWORK_REPLY,"[0,254]",49,"[47,1]","[162,2]",,TREE
1992.8353598195297,NETWORK_REPLY,"[0,254]",49,"[47,1]","[162,1]",,TREE
1992.8353696807076,NETWORK_REPLY,"[0,254]",29,"[43,1]","[162,2]",,TREE
1992.8353733580695,NETWORK_REPLY,"[0,254]",69,"[58,254]","[161,1]",,TREE
1992.8353777212142,NETWORK_REPLY,"[0,254]",59,"[47,3]","[161,1]",,TREE
1992.8353876333301,NETWORK_REPLY,"[0,254]",89,"[96,254]","[159,1]",,TREE
1992.8353991926165,NETWORK_REPLY,"[0,254]",59,"[47,3]","[162,2]",,TREE
1992.835407814935,NETWORK_REPLY,"[0,254]",59,"[47,3]","[162,1]",,TREE
1992.8354185467892,NETWORK_REPLY,"[0,254]",39,"[43,2]","[162,2]",,TREE
1992.8354242784847,NETWORK_REPLY,"[0,254]",69,"[58,254]","[161,1]",,TREE
1992.835427916848,NETWORK_REPLY,"[0,254]",79,"[58,1]","[162,1]",,TREE
1992.835445749887,NETWORK_REPLY,"[0,254]",69,"[58,254]","[162,2]",,TREE
1992.835452964751,NETWORK_REPLY,"[0,254]",79,"[58,1]","[161,1]",,TREE
1992.8354543722055,NETWORK_REPLY,"[0,254]",69,"[58,254]","[162,1]",,TREE
1992.8354544681451,NETWORK_REPLY,"[0,254]",88,"[96,1]","[159,1]",,TREE
1992.8355038851662,NETWORK_REPLY,"[0,254]",79,"[58,1]","[161,1]",,TREE
1992.8355075457887,NETWORK_REPLY,"[0,254]",49,"[47,1]","[162,2]",,TREE
1992.8355083186968,NETWORK_REPLY,"[0,254]",89,"[93,254]","[162,1]",,TREE
1992.8355253565685,NETWORK_REPLY,"[0,254]",79,"[58,1]","[162,2]",,TREE
1992.8355323621497,NETWORK_REPLY,"[0,254]",77,"[149,1]","[159,1]",,TREE
1992.8355333666,NETWORK_REPLY,"[0,254]",89,"[93,254]","[161,1]",,TREE
1992.835533978887,NETWORK_REPLY,"[0,254]",79,"[58,1]","[162,1]",,TREE
1992.835555541194,NETWORK_REPLY,"[0,254]",59,"[47,3]","[162,2]",,TREE
1992.835584287015,NETWORK_REPLY,"[0,254]",89,"[93,254]","[161,1]",,TREE
1992.835586794424,NETWORK_REPLY,"[0,254]",98,"[93,1]","[162,1]",,TREE
1992.8356020984645,NETWORK_REPLY,"[0,254]",69,"[58,254]","[162,2]",,TREE
1992.8356057584174,NETWORK_REPLY,"[0,254]",89,"[93,254]","[162,2]",,TREE
1992.8356118423271,NETWORK_REPLY,"[0,254]",98,"[93,1]","[161,1]",,TREE
1992.835614380736,NETWORK_REPLY,"[0,254]",89,"[93,254]","[162,1]",,TREE
1992.835619695967,NETWORK_REPLY,"[0,254]",67,"[151,1]","[159,1]",,TREE
1992.8356627627422,NETWORK_REPLY,"[0,254]",98,"[93,1]","[161,1]",,TREE
1992.835666255577,NETWORK_REPLY,"[0,254]",97,"[148,1]","[162,1]",,TREE
1992.835681705146,NETWORK_REPLY,"[0,254]",79,"[58,1]","[162,2]",,TREE
1992.8356842341445,NETWORK_REPLY,"[0,254]",98,"[93,1]","[162,2]",,TREE
1992.8356913034802,NETWORK_REPLY,"[0,254]",97,"[148,1]","[161,1]",,TREE
1992.835692856463,NETWORK_REPLY,"[0,254]",98,"[93,1]","[162,1]",,TREE
1992.8356989364834,NETWORK_REPLY,"[0,254]",66,"[154,3]","[159,1]",,TREE
1992.8357415415364,NETWORK_REPLY,"[0,254]",96,"[148,2]","[162,1]",,TREE
1992.8357422238953,NETWORK_REPLY,"[0,254]",97,"[148,1]","[161,1]",,TREE
1992.835762106995,NETWORK_REPLY,"[0,254]",89,"[93,254]","[162,2]",,TREE
1992.8357636952976,NETWORK_REPLY,"[0,254]",97,"[148,1]","[162,2]",,TREE
1992.8357665894396,NETWORK_REPLY,"[0,254]",96,"[148,2]","[161,1]",,TREE
1992.8357699293529,NETWORK_REPLY,"[0,254]",55,"[157,1]","[159,1]",,MESH
1992.8357723176161,NETWORK_REPLY,"[0,254]",97,"[148,1]","[162,1]",,TREE
1992.8358175098547,NETWORK_REPLY,"[0,254]",96,"[148,2]","[161,1]",,TREE
1992.8358231699528,NETWORK_REPLY,"[0,254]",86,"[152,1]","[162,1]",,TREE
1992.835838981257,NETWORK_REPLY,"[0,254]",96,"[148,2]","[162,2]",,TREE
1992.835840582722,NETWORK_REPLY,"[0,254]",98,"[93,1]","[162,2]",,TREE
1992.8358453422495,NETWORK_REPLY,"[0,254]",64,"[159,1]","[159,1]",,DIRECT
1992.8358476035755,NETWORK_REPLY,"[0,254]",96,"[148,2]","[162,1]",,TREE
1992.835848217856,NETWORK_REPLY,"[0,254]",86,"[152,1]","[161,1]",,TREE
1992.8358952775682,NETWORK_REPLY,"[0,254]",85,"[155,2]","[162,1]",,TREE
1992.835899138271,NETWORK_REPLY,"[0,254]",86,"[152,1]","[161,1]",,TREE
1992.8359200438751,NETWORK_REPLY,"[0,254]",97,"[148,1]","[162,2]",,TREE
1992.8359203254713,NETWORK_REPLY,"[0,254]",85,"[155,2]","[161,1]",,TREE
1992.8359206096734,NETWORK_REPLY,"[0,254]",86,"[152,1]","[162,2]",,TREE
1992.835929231992,NETWORK_REPLY,"[0,254]",86,"[152,1]","[162,1]",,TREE
1992.8359712458864,NETWORK_REPLY,"[0,254]",85,"[155,2]","[161,1]",,TREE
1992.8359821141298,NETWORK_REPLY,"[0,254]",74,"[158,2]","[162,1]",,MESH
1992.8359927172887,NETWORK_REPLY,"[0,254]",85,"[155,2]","[162,2]",,TREE
1992.8359953298345,NETWORK_REPLY,"[0,254]",96,"[148,2]","[162,2]",,TREE
1992.8360013396073,NETWORK_REPLY,"[0,254]",85,"[155,2]","[162,1]",,TREE
1992.836007162033,NETWORK_REPLY,"[0,254]",74,"[158,1]","[161,1]",,MESH
1992.836058082448,NETWORK_REPLY,"[0,254]",74,"[158,1]","[161,1]",,MESH
1992.8360610467385,NETWORK_REPLY,"[0,254]",73,"[162,1]","[162,1]",,DIRECT
1992.836076958251,NETWORK_REPLY,"[0,254]",86,"[152,1]","[162,2]",,TREE
1992.8360795538504,NETWORK_REPLY,"[0,254]",74,"[158,2]","[162,2]",,MESH
1992.836088176169,NETWORK_REPLY,"[0,254]",74,"[158,2]","[162,1]",,MESH
1992.8360924052508,NETWORK_REPLY,"[0,254]",83,"[161,1]","[161,1]",,DIRECT
1992.836143325666,NETWORK_REPLY,"[0,254]",83,"[161,1]","[161,1]",,DIRECT
1992.8361490658663,NETWORK_REPLY,"[0,254]",85,"[155,2]","[162,2]",,TREE
1992.836158486459,NETWORK_REPLY,"[0,254]",73,"[162,2]","[162,2]",,DIRECT
1992.8361671087775,NETWORK_REPLY,"[0,254]",73,"[162,1]","[162,1]",,DIRECT
1992.836235902428,NETWORK_REPLY,"[0,254]",74,"[158,2]","[162,2]",,MESH
1992.8363148350365,NETWORK_REPLY,"[0,254]",73,"[162,2]","[162,2]",,DIRECT
1997.8328620214747,NETWORK_REQUEST,"[163,1]",5,"[163,254]","[0,254]",,TREE
1997.8329158497288,NETWORK_REQUEST,"[163,1]",15,"[156,254]","[0,254]",,TREE
1997.8329808578258,NETWORK_REQUEST,"[163,1]",26,"[150,1]","[0,254]",,TREE
1997.8330704338186,NETWORK_REQUEST,"[163,1]",36,"[150,254]","[0,254]",,TREE
1997.8331380611155,NETWORK_REQUEST,"[163,1]",37,"[43,3]","[0,254]",,TREE
1997.8332256487295,NETWORK_REQUEST,"[163,1]",48,"[43,254]","[0,254]",,TREE
1997.8333132877829,NETWORK_REQUEST,"[163,1]",39,"[4,2]","[0,254]",,TREE
1997.8333621538645,NETWORK_REQUEST,"[163,1]",29,"[4,254]","[0,254]",,TREE
1997.83342787422,NETWORK_REQUEST,"[163,1]",28,"[0,3]","[0,254]",,TREE
1997.8334913984188,NETWORK_REQUEST,"[163,1]",18,"[0,254]","[0,254]",,DIRECT
1997.8335775565151,NETWORK_REPLY,"[0,254]",17,"[0,3]","[163,1]",,TREE
1997.8336637146115,NETWORK_REPLY,"[0,254]",18,"[4,1]","[163,1]",,TREE
1997.8337272388103,NETWORK_REPLY,"[0,254]",28,"[4,2]","[163,1]",,TREE
1997.8337929591657,NETWORK_REPLY,"[0,254]",29,"[43,1]","[163,1]",,TREE
1997.8338418252474,NETWORK_REPLY,"[0,254]",39,"[43,3]","[163,1]",,TREE
1997.8339294643008,NETWORK_REPLY,"[0,254]",48,"[150,254]","[163,1]",,TREE
1997.8340170519148,NETWORK_REPLY,"[0,254]",37,"[150,1]","[163,1]",,TREE
1997.8340846792116,NETWORK_REPLY,"[0,254]",36,"[156,1]","[163,1]",,TREE
1997.8341742552045,NETWORK_REPLY,"[0,254]",26,"[156,2]","[163,1]",,MESH
1997.8342392633015,NETWORK_REPLY,"[0,254]",15,"[163,1]","[163,1]",,DIRECT
2002.8339167491067,NETWORK_REQUEST,"[164,1]",53,"[164,254]","[0,254]",,TREE
2002.8339495871737,NETWORK_REQUEST,"[164,1]",54,"[159,254]","[0,254]",,TREE
2002.8340293372976,NETWORK_REQUEST,"[164,1]",64,"[157,254]","[0,254]",,TREE
2002.8341047501942,NETWORK_REQUEST,"[164,1]",55,"[154,254]","[0,254]",,TREE
2002.8341757430637,NETWORK_REQUEST,"[164,1]",66,"[151,254]","[0,254]",,TREE
2002.8342549835802,NETWORK_REQUEST,"[164,1]",67,"[149,254]","[0,254]",,TREE
2002.8343423173974,NETWORK_REQUEST,"[164,1]",77,"[96,254]","[0,254]",,TREE
2002.834420211402,NETWORK_REQUEST,"[164,1]",88,"[58,1]","[0,254]",,TREE
2002.834487046217,NETWORK_REQUEST,"[164,1]",89,"[58,254]","[0,254]",,TREE
2002.8345674480659,NETWORK_REQUEST,"[164,1]",79,"[47,3]","[0,254]",,TREE
2002.8346470547474,NETWORK_REQUEST,"[164,1]",69,"[47,254]","[0,254]",,TREE
2002.8346936120179,NETWORK_REQUEST,"[164,1]",59,"[43,2]","[0,254]",,TREE
2002.8347416074232,NETWORK_REQUEST,"[164,1]",49,"[43,254]","[0,254]",,TREE
2002.8348306064227,NETWORK_REQUEST,"[164,1]",39,"[4,2]","[0,254]",,TREE
2002.8348794725043,NETWORK_REQUEST,"[164,1]",29,"[4,254]","[0,254]",,TREE
2002.8349451928598,NETWORK_REQUEST,"[164,1]",28,"[0,3]","[0,254]",,TREE
2002.8350087170586,NETWORK_REQUEST,"[164,1]",18,"[0,254]","[0,254]",,DIRECT
2002.835094875155,NETWORK_REPLY,"[0,254]",17,"[0,3]","[164,1]",,TREE
2002.8351810332513,NETWORK_REPLY,"[0,254]",18,"[4,1]","[164,1]",,TREE
2002.83524455745,NETWORK_REPLY,"[0,254]",28,"[4,2]","[164,1]",,TREE
2002.8353102778055,NETWORK_REPLY,"[0,254]",29,"[43,1]","[164,1]",,TREE
2002.8353591438872,NETWORK_REPLY,"[0,254]",39,"[43,2]","[164,1]",,TREE
2002.8354481428867,NETWORK_REPLY,"[0,254]",49,"[47,1]","[164,1]",,TREE
2002.835496138292,NETWORK_REPLY,"[0,254]",59,"[47,3]","[164,1]",,TREE
2002.8355426955625,NETWORK_REPLY,"[0,254]",69,"[58,254]","[164,1]",,TREE
2002.835622302244,NETWORK_REPLY,"[0,254]",79,"[58,1]","[164,1]",,TREE
2002.835702704093,NETWORK_REPLY,"[0,254]",89,"[96,254]","[164,1]",,TREE
2002.835769538908,NETWORK_REPLY,"[0,254]",88,"[96,1]","[164,1]",,TREE
2002.8358474329125,NETWORK_REPLY,"[0,254]",77,"[149,1]","[164,1]",,TREE
2002.8359347667297,NETWORK_REPLY,"[0,254]",67,"[151,1]","[164,1]",,TREE
2002.8360140072461,NETWORK_REPLY,"[0,254]",66,"[154,3]","[164,1]",,TREE
2002.8360850001156,NETWORK_REPLY,"[0,254]",55,"[157,1]","[164,1]",,TREE
2002.8361604130123,NETWORK_REPLY,"[0,254]",64,"[159,1]","[164,1]",,MESH
2002.8362401631362,NETWORK_REPLY,"[0,254]",54,"[164,1]","[164,1]",,DIRECT
2007.8330254548857,NETWORK_REQUEST,"[160,3]",24,"[160,254]","[0,254]",,TREE
2007.8331038714707,NETWORK_REQUEST,"[160,3]",34,"[157,2]","[0,254]",,TREE
2007.8331043471776,NETWORK_REQUEST,"[160,4]",33,"[160,254]","[0,254]",,TREE
2007.833155174509,NETWORK_REQUEST,"[160,4]",33,"[160,254]","[0,254]",,TREE
2007.8331919445222,NETWORK_REQUEST,"[160,3]",45,"[157,254]","[0,254]",,TREE
2007.833194107428,NETWORK_REQUEST,"[160,4]",34,"[157,2]","[0,254]",,TREE
2007.833196617009,NETWORK_REQUEST,"[160,4]",33,"[160,254]","[0,254]",,TREE
2007.8332449347595,NETWORK_REQUEST,"[160,4]",34,"[157,2]","[0,254]",,TREE
2007.8332676955788,NETWORK_REQUEST,"[160,3]",55,"[154,254]","[0,254]",,TREE
2007.8332821804795,NETWORK_REQUEST,"[160,4]",45,"[157,254]","[0,254]",,TREE
2007.8332863772594,NETWORK_REQUEST,"[160,4]",34,"[157,2]","[0,254]",,TREE
2007.833333007811,NETWORK_REQUEST,"[160,4]",45,"[157,254]","[0,254]",,TREE
2007.8333386884483,NETWORK_REQUEST,"[160,3]",66,"[151,254]","[0,254]",,TREE
2007.833357931536,NETWORK_REQUEST,"[160,4]",55,"[154,254]","[0,254]",,TREE
2007.8333744503109,NETWORK_REQUEST,"[160,4]",45,"[157,254]","[0,254]",,TREE
2007.8334087588676,NETWORK_REQUEST,"[160,4]",55,"[154,254]","[0,254]",,TREE
2007.8334179289648,NETWORK_REQUEST,"[160,3]",67,"[149,254]","[0,254]",,TREE
2007.8334289244056,NETWORK_REQUEST,"[160,4]",66,"[151,254]","[0,254]",,TREE
2007.8334502013674,NETWORK_REQUEST,"[160,4]",55,"[154,254]","[0,254]",,TREE
2007.833479751737,NETWORK_REQUEST,"[160,4]",66,"[151,254]","[0,254]",,TREE
2007.833505262782,NETWORK_REQUEST,"[160,3]",77,"[96,254]","[0,254]",,TREE
2007.833508164922,NETWORK_REQUEST,"[160,4]",67,"[149,254]","[0,254]",,TREE
2007.833521194237,NETWORK_REQUEST,"[160,4]",66,"[151,254]","[0,254]",,TREE
2007.8335589922535,NETWORK_REQUEST,"[160,4]",67,"[149,254]","[0,254]",,TREE
2007.8335831567865,NETWORK_REQUEST,"[160,3]",88,"[58,1]","[0,254]",,TREE
2007.8335954987392,NETWORK_REQUEST,"[160,4]",77,"[96,254]","[0,254]",,TREE
2007.8336004347534,NETWORK_REQUEST,"[160,4]",67,"[149,254]","[0,254]",,TREE
2007.8336463260707,NETWORK_REQUEST,"[160,4]",77,"[96,254]","[0,254]",,TREE
2007.8336499916015,NETWORK_REQUEST,"[160,3]",89,"[58,254]","[0,254]",,TREE
2007.8336733927438,NETWORK_REQUEST,"[160,4]",88,"[58,1]","[0,254]",,TREE
2007.8336877685706,NETWORK_REQUEST,"[160,4]",77,"[96,254]","[0,254]",,TREE
2007.8337242200753,NETWORK_REQUEST,"[160,4]",88,"[58,1]","[0,254]",,TREE
2007.8337303934504,NETWORK_REQUEST,"[160,3]",79,"[47,3]","[0,254]",,TREE
2007.8337402275588,NETWORK_REQUEST,"[160,4]",89,"[58,254]","[0,254]",,TREE
2007.8337656625752,NETWORK_REQUEST,"[160,4]",88,"[58,1]","[0,254]",,TREE
2007.8337910548903,NETWORK_REQUEST,"[160,4]",89,"[58,254]","[0,254]",,TREE
2007.833810000132,NETWORK_REQUEST,"[160,3]",69,"[47,254]","[0,254]",,TREE
2007.8338206294077,NETWORK_REQUEST,"[160,4]",79,"[47,3]","[0,254]",,TREE
2007.8338324973902,NETWORK_REQUEST,"[160,4]",89,"[58,254]","[0,254]",,TREE
2007.8338565574024,NETWORK_REQUEST,"[160,3]",59,"[43,2]","[0,254]",,TREE
2007.8338714567392,NETWORK_REQUEST,"[160,4]",79,"[47,3]","[0,254]",,TREE
2007.8339002360892,NETWORK_REQUEST,"[160,4]",69,"[47,254]","[0,254]",,TREE
2007.8339045528078,NETWORK_REQUEST,"[160,3]",49,"[43,254]","[0,254]",,TREE
2007.833912899239,NETWORK_REQUEST,"[160,4]",79,"[47,3]","[0,254]",,TREE
2007.8339467933597,NETWORK_REQUEST,"[160,4]",59,"[43,2]","[0,254]",,TREE
2007.8339510634207,NETWORK_REQUEST,"[160,4]",69,"[47,254]","[0,254]",,TREE
2007.8339925059206,NETWORK_REQUEST,"[160,4]",69,"[47,254]","[0,254]",,TREE
2007.8339935518072,NETWORK_REQUEST,"[160,3]",39,"[4,2]","[0,254]",,TREE
2007.833994788765,NETWORK_REQUEST,"[160,4]",49,"[43,254]","[0,254]",,TREE
2007.8339976206912,NETWORK_REQUEST,"[160,4]",59,"[43,2]","[0,254]",,TREE
2007.834039063191,NETWORK_REQUEST,"[160,4]",59,"[43,2]","[0,254]",,TREE
2007.834042417889,NETWORK_REQUEST,"[160,3]",29,"[4,254]","[0,254]",,TREE
2007.8340456160965,NETWORK_REQUEST,"[160,4]",49,"[43,254]","[0,254]",,TREE
2007.8340837877645,NETWORK_REQUEST,"[160,4]",39,"[4,2]","[0,254]",,TREE
2007.8340870585964,NETWORK_REQUEST,"[160,4]",49,"[43,254]","[0,254]",,TREE
2007.8341081382443,NETWORK_REQUEST,"[160,3]",28,"[0,3]","[0,254]",,TREE
2007.8341326538462,NETWORK_REQUEST,"[160,4]",29,"[4,254]","[0,254]",,TREE
2007.834134615096,NETWORK_REQUEST,"[160,4]",39,"[4,2]","[0,254]",,TREE
2007.8341716624432,NETWORK_REQUEST,"[160,3]",18,"[0,254]","[0,254]",,DIRECT
2007.8341760575959,NETWORK_REQUEST,"[160,4]",39,"[4,2]","[0,254]",,TREE
2007.8341834811777,NETWORK_REQUEST,"[160,4]",29,"[4,254]","[0,254]",,TREE
2007.8341983742016,NETWORK_REQUEST,"[160,4]",28,"[0,3]","[0,254]",,TREE
2007.8342249236775,NETWORK_REQUEST,"[160,4]",29,"[4,254]","[0,254]",,TREE
2007.834249201533,NETWORK_REQUEST,"[160,4]",28,"[0,3]","[0,254]",,TREE
2007.8342578205395,NETWORK_REPLY,"[0,254]",17,"[0,3]","[160,3]",,TREE
2007.8342618984004,NETWORK_REQUEST,"[160,4]",18,"[0,254]","[0,254]",,DIRECT
2007.834290644033,NETWORK_REQUEST,"[160,4]",28,"[0,3]","[0,254]",,TREE
2007.834312725732,NETWORK_REQUEST,"[160,4]",18,"[0,254]","[0,254]",,DIRECT
2007.8343439786358,NETWORK_REPLY,"[0,254]",18,"[4,1]","[160,3]",,TREE
2007.8343480564968,NETWORK_REPLY,"[0,254]",17,"[0,3]","[160,4]",,TREE
2007.8343541682318,NETWORK_REQUEST,"[160,4]",18,"[0,254]","[0,254]",,DIRECT
2007.8343988838283,NETWORK_REPLY,"[0,254]",17,"[0,3]","[160,4]",,TREE
2007.8344075028347,NETWORK_REPLY,"[0,254]",28,"[4,2]","[160,3]",,TREE
2007.834434214593,NETWORK_REPLY,"[0,254]",18,"[4,1]","[160,4]",,TREE
2007.8344403263281,NETWORK_REPLY,"[0,254]",17,"[0,3]","[160,4]",,TREE
2007.8344732231901,NETWORK_REPLY,"[0,254]",29,"[43,1]","[160,3]",,TREE
2007.8344850419246,NETWORK_REPLY,"[0,254]",18,"[4,1]","[160,4]",,TREE
2007.834497738792,NETWORK_REPLY,"[0,254]",28,"[4,2]","[160,4]",,TREE
2007.8345220892718,NETWORK_REPLY,"[0,254]",39,"[43,2]","[160,3]",,TREE
2007.8345264844245,NETWORK_REPLY,"[0,254]",18,"[4,1]","[160,4]",,TREE
2007.8345485661234,NETWORK_REPLY,"[0,254]",28,"[4,2]","[160,4]",,TREE
2007.8345634591474,NETWORK_REPLY,"[0,254]",29,"[43,1]","[160,4]",,TREE
2007.8345900086233,NETWORK_REPLY,"[0,254]",28,"[4,2]","[160,4]",,TREE
2007.8346110882712,NETWORK_REPLY,"[0,254]",49,"[47,1]","[160,3]",,TREE
2007.834612325229,NETWORK_REPLY,"[0,254]",39,"[43,2]","[160,4]",,TREE
2007.8346142864789,NETWORK_REPLY,"[0,254]",29,"[43,1]","[160,4]",,TREE
2007.8346557289788,NETWORK_REPLY,"[0,254]",29,"[43,1]","[160,4]",,TREE
2007.8346590836766,NETWORK_REPLY,"[0,254]",59,"[47,3]","[160,3]",,TREE
2007.8346631525606,NETWORK_REPLY,"[0,254]",39,"[43,2]","[160,4]",,TREE
2007.8347013242285,NETWORK_REPLY,"[0,254]",49,"[47,1]","[160,4]",,TREE
2007.8347045950604,NETWORK_REPLY,"[0,254]",39,"[43,2]","[160,4]",,TREE
2007.834705640947,NETWORK_REPLY,"[0,254]",69,"[58,254]","[160,3]",,TREE
2007.8347493196338,NETWORK_REPLY,"[0,254]",59,"[47,3]","[160,4]",,TREE
2007.83475215156,NETWORK_REPLY,"[0,254]",49,"[47,1]","[160,4]",,TREE
2007.8347852476286,NETWORK_REPLY,"[0,254]",79,"[58,1]","[160,3]",,TREE
2007.8347935940599,NETWORK_REPLY,"[0,254]",49,"[47,1]","[160,4]",,TREE
2007.8347958769043,NETWORK_REPLY,"[0,254]",69,"[58,254]","[160,4]",,TREE
2007.8348001469653,NETWORK_REPLY,"[0,254]",59,"[47,3]","[160,4]",,TREE
2007.8348415894652,NETWORK_REPLY,"[0,254]",59,"[47,3]","[160,4]",,TREE
2007.8348467042358,NETWORK_REPLY,"[0,254]",69,"[58,254]","[160,4]",,TREE
2007.8348656494775,NETWORK_REPLY,"[0,254]",89,"[96,254]","[160,3]",,TREE
2007.8348754835858,NETWORK_REPLY,"[0,254]",79,"[58,1]","[160,4]",,TREE
2007.8348881467357,NETWORK_REPLY,"[0,254]",69,"[58,254]","[160,4]",,TREE
2007.8349263109174,NETWORK_REPLY,"[0,254]",79,"[58,1]","[160,4]",,TREE
2007.8349324842925,NETWORK_REPLY,"[0,254]",88,"[96,1]","[160,3]",,TREE
2007.8349558854347,NETWORK_REPLY,"[0,254]",89,"[96,254]","[160,4]",,TREE
2007.8349677534172,NETWORK_REPLY,"[0,254]",79,"[58,1]","[160,4]",,TREE
2007.8350067127662,NETWORK_REPLY,"[0,254]",89,"[96,254]","[160,4]",,TREE
2007.835010378297,NETWORK_REPLY,"[0,254]",77,"[149,1]","[160,3]",,TREE
2007.8350227202498,NETWORK_REPLY,"[0,254]",88,"[96,1]","[160,4]",,TREE
2007.8350481552661,NETWORK_REPLY,"[0,254]",89,"[96,254]","[160,4]",,TREE
2007.8350735475813,NETWORK_REPLY,"[0,254]",88,"[96,1]","[160,4]",,TREE
2007.8350977121142,NETWORK_REPLY,"[0,254]",67,"[151,1]","[160,3]",,TREE
2007.8351006142543,NETWORK_REPLY,"[0,254]",77,"[149,1]","[160,4]",,TREE
2007.8351149900811,NETWORK_REPLY,"[0,254]",88,"[96,1]","[160,4]",,TREE
2007.8351514415858,NETWORK_REPLY,"[0,254]",77,"[149,1]","[160,4]",,TREE
2007.8351769526307,NETWORK_REPLY,"[0,254]",66,"[154,3]","[160,3]",,TREE
2007.8351879480715,NETWORK_REPLY,"[0,254]",67,"[151,1]","[160,4]",,TREE
2007.8351928840857,NETWORK_REPLY,"[0,254]",77,"[149,1]","[160,4]",,TREE
2007.835238775403,NETWORK_REPLY,"[0,254]",67,"[151,1]","[160,4]",,TREE
2007.8352479455002,NETWORK_REPLY,"[0,254]",55,"[157,2]","[160,3]",,TREE
2007.835267188588,NETWORK_REPLY,"[0,254]",66,"[154,3]","[160,4]",,TREE
2007.835280217903,NETWORK_REPLY,"[0,254]",67,"[151,1]","[160,4]",,TREE
2007.8353180159195,NETWORK_REPLY,"[0,254]",66,"[154,3]","[160,4]",,TREE
2007.8353236965568,NETWORK_REPLY,"[0,254]",45,"[160,2]","[160,3]",,MESH
2007.8353381814575,NETWORK_REPLY,"[0,254]",55,"[157,2]","[160,4]",,TREE
2007.8353594584194,NETWORK_REPLY,"[0,254]",66,"[154,3]","[160,4]",,TREE
2007.835389008789,NETWORK_REPLY,"[0,254]",55,"[157,2]","[160,4]",,TREE
2007.8354117696083,NETWORK_REPLY,"[0,254]",34,"[160,3]","[160,3]",,DIRECT
2007.835413932514,NETWORK_REPLY,"[0,254]",45,"[160,2]","[160,4]",,MESH
2007.8354304512889,NETWORK_REPLY,"[0,254]",55,"[157,2]","[160,4]",,TREE
2007.8354647598455,NETWORK_REPLY,"[0,254]",45,"[160,2]","[160,4]",,MESH
2007.8355020055656,NETWORK_REPLY,"[0,254]",34,"[160,4]","[160,4]",,DIRECT
2007.8355062023454,NETWORK_REPLY,"[0,254]",45,"[160,2]","[160,4]",,MESH
2007.835552832897,NETWORK_REPLY,"[0,254]",34,"[160,4]","[160,4]",,DIRECT
2007.835594275397,NETWORK_REPLY,"[0,254]",34,"[160,4]","[160,4]",,DIRECT
2012.8338989965875,NETWORK_REQUEST,"[171,3]",42,"[171,254]","[0,254]",,TREE
2012.8339821504128,NETWORK_REQUEST,"[171,3]",33,"[160,254]","[0,254]",,TREE
2012.8340719106632,NETWORK_REQUEST,"[171,3]",34,"[157,2]","[0,254]",,TREE
2012.8341599837147,NETWORK_REQUEST,"[171,3]",45,"[157,254]","[0,254]",,TREE
2012.8342357347713,NETWORK_REQUEST,"[171,3]",55,"[154,254]","[0,254]",,TREE
2012.8343067276408,NETWORK_REQUEST,"[171,3]",66,"[151,254]","[0,254]",,TREE
2012.8343859681572,NETWORK_REQUEST,"[171,3]",67,"[149,254]","[0,254]",,TREE
2012.8344733019744,NETWORK_REQUEST,"[171,3]",77,"[96,254]","[0,254]",,TREE
2012.834551195979,NETWORK_REQUEST,"[171,3]",88,"[58,1]","[0,254]",,TREE
2012.834618030794,NETWORK_REQUEST,"[171,3]",89,"[58,254]","[0,254]",,TREE
2012.8346984326429,NETWORK_REQUEST,"[171,3]",79,"[47,3]","[0,254]",,TREE
2012.8347780393244,NETWORK_REQUEST,"[171,3]",69,"[47,254]","[0,254]",,TREE
2012.834824596595,NETWORK_REQUEST,"[171,3]",59,"[43,2]","[0,254]",,TREE
2012.8348725920002,NETWORK_REQUEST,"[171,3]",49,"[43,254]","[0,254]",,TREE
2012.8349615909997,NETWORK_REQUEST,"[171,3]",39,"[4,2]","[0,254]",,TREE
2012.8350104570814,NETWORK_REQUEST,"[171,3]",29,"[4,254]","[0,254]",,TREE
2012.8350761774368,NETWORK_REQUEST,"[171,3]",28,"[0,3]","[0,254]",,TREE
2012.8351397016356,NETWORK_REQUEST,"[171,3]",18,"[0,254]","[0,254]",,DIRECT
2012.835225859732,NETWORK_REPLY,"[0,254]",17,"[0,3]","[171,3]",,TREE
2012.8353120178283,NETWORK_REPLY,"[0,254]",18,"[4,1]","[171,3]",,TREE
2012.8353755420271,NETWORK_REPLY,"[0,254]",28,"[4,2]","[171,3]",,TREE
2012.8354412623826,NETWORK_REPLY,"[0,254]",29,"[43,1]","[171,3]",,TREE
2012.8354901284642,NETWORK_REPLY,"[0,254]",39,"[43,2]","[171,3]",,TREE
2012.8355791274637,NETWORK_REPLY,"[0,254]",49,"[47,1]","[171,3]",,TREE
2012.835627122869,NETWORK_REPLY,"[0,254]",59,"[47,3]","[171,3]",,TREE
2012.8356736801395,NETWORK_REPLY,"[0,254]",69,"[58,254]","[171,3]",,TREE
2012.835753286821,NETWORK_REPLY,"[0,254]",79,"[58,1]","[171,3]",,TREE
2012.83583368867,NETWORK_REPLY,"[0,254]",89,"[96,254]","[171,3]",,TREE
2012.835900523485,NETWORK_REPLY,"[0,254]",88,"[96,1]","[171,3]",,TREE
2012.8359784174895,NETWORK_REPLY,"[0,254]",77,"[149,1]","[171,3]",,TREE
2012.8360657513067,NETWORK_REPLY,"[0,254]",67,"[151,1]","[171,3]",,TREE
2012.8361449918232,NETWORK_REPLY,"[0,254]",66,"[154,3]","[171,3]",,TREE
2012.8362159846927,NETWORK_REPLY,"[0,254]",55,"[157,2]","[171,3]",,TREE
2012.8362917357492,NETWORK_REPLY,"[0,254]",45,"[160,2]","[171,3]",,TREE
2012.8363798088008,NETWORK_REPLY,"[0,254]",34,"[160,4]","[171,3]",,MESH
2012.8364695690511,NETWORK_REPLY,"[0,254]",33,"[171,3]","[171,3]",,DIRECT
2017.8329315913911,NETWORK_REQUEST,"[168,1]",4,"[168,254]","[0,254]",,TREE
2017.8329400588627,NETWORK_REQUEST,"[170,1]",23,"[170,254]","[0,254]",,TREE
2017.8329929657834,NETWORK_REQUEST,"[168,1]",5,"[163,254]","[0,254]",,TREE
2017.833011955417,NETWORK_REQUEST,"[170,1]",24,"[160,254]","[0,254]",,TREE
2017.833020118531,NETWORK_REQUEST,"[170,1]",23,"[170,254]","[0,254]",,TREE
2017.8330467940375,NETWORK_REQUEST,"[168,1]",15,"[156,254]","[0,254]",,TREE
2017.833090372002,NETWORK_REQUEST,"[170,1]",34,"[157,2]","[0,254]",,TREE
2017.8330920150854,NETWORK_REQUEST,"[170,1]",24,"[160,254]","[0,254]",,TREE
2017.8331118021345,NETWORK_REQUEST,"[168,1]",26,"[150,1]","[0,254]",,TREE
2017.8331680013243,NETWORK_REQUEST,"[171,1]",32,"[171,254]","[0,254]",,TREE
2017.8331704316704,NETWORK_REQUEST,"[170,1]",34,"[157,2]","[0,254]",,TREE
2017.8331784450536,NETWORK_REQUEST,"[170,1]",45,"[157,254]","[0,254]",,TREE
2017.8331820812195,NETWORK_REQUEST,"[171,1]",32,"[171,254]","[0,254]",,TREE
2017.8332013781273,NETWORK_REQUEST,"[168,1]",36,"[150,254]","[0,254]",,TREE
2017.8332363110353,NETWORK_REQUEST,"[171,1]",33,"[160,254]","[0,254]",,TREE
2017.8332503909305,NETWORK_REQUEST,"[171,1]",33,"[160,254]","[0,254]",,TREE
2017.8332541961101,NETWORK_REQUEST,"[170,1]",55,"[154,254]","[0,254]",,TREE
2017.833258504722,NETWORK_REQUEST,"[170,1]",45,"[157,254]","[0,254]",,TREE
2017.8332690054242,NETWORK_REQUEST,"[168,1]",37,"[43,3]","[0,254]",,TREE
2017.8333251889796,NETWORK_REQUEST,"[170,1]",66,"[151,254]","[0,254]",,TREE
2017.8333260712857,NETWORK_REQUEST,"[171,1]",34,"[157,2]","[0,254]",,TREE
2017.8333342557785,NETWORK_REQUEST,"[170,1]",55,"[154,254]","[0,254]",,TREE
2017.833340151181,NETWORK_REQUEST,"[171,1]",34,"[157,2]","[0,254]",,TREE
2017.8333565930382,NETWORK_REQUEST,"[168,1]",48,"[43,254]","[0,254]",,TREE
2017.833404429496,NETWORK_REQUEST,"[170,1]",67,"[149,254]","[0,254]",,TREE
2017.833405248648,NETWORK_REQUEST,"[170,1]",66,"[151,254]","[0,254]",,TREE
2017.8334141443372,NETWORK_REQUEST,"[171,1]",45,"[157,254]","[0,254]",,TREE
2017.8334282242324,NETWORK_REQUEST,"[171,1]",45,"[157,254]","[0,254]",,TREE
2017.8334442320916,NETWORK_REQUEST,"[168,1]",39,"[4,2]","[0,254]",,TREE
2017.8334844891644,NETWORK_REQUEST,"[170,1]",67,"[149,254]","[0,254]",,TREE
2017.8334898953938,NETWORK_REQUEST,"[171,1]",55,"[154,254]","[0,254]",,TREE
2017.8334917633133,NETWORK_REQUEST,"[170,1]",77,"[96,254]","[0,254]",,TREE
2017.8334930981732,NETWORK_REQUEST,"[168,1]",29,"[4,254]","[0,254]",,TREE
2017.833503975289,NETWORK_REQUEST,"[171,1]",55,"[154,254]","[0,254]",,TREE
2017.8335588185287,NETWORK_REQUEST,"[168,1]",28,"[0,3]","[0,254]",,TREE
2017.8335608882633,NETWORK_REQUEST,"[171,1]",66,"[151,254]","[0,254]",,TREE
2017.8335696573179,NETWORK_REQUEST,"[170,1]",88,"[58,1]","[0,254]",,TREE
2017.8335718229816,NETWORK_REQUEST,"[170,1]",77,"[96,254]","[0,254]",,TREE
2017.8335749681585,NETWORK_REQUEST,"[171,1]",66,"[151,254]","[0,254]",,TREE
2017.8336223427275,NETWORK_REQUEST,"[168,1]",18,"[0,254]","[0,254]",,DIRECT
2017.8336364921329,NETWORK_REQUEST,"[170,1]",89,"[58,254]","[0,254]",,TREE
2017.8336401287797,NETWORK_REQUEST,"[171,1]",67,"[149,254]","[0,254]",,TREE
2017.8336497169862,NETWORK_REQUEST,"[170,1]",88,"[58,1]","[0,254]",,TREE
2017.833654208675,NETWORK_REQUEST,"[171,1]",67,"[149,254]","[0,254]",,TREE
2017.8337085008238,NETWORK_REPLY,"[0,254]",17,"[0,3]","[168,1]",,TREE
2017.8337165518012,NETWORK_REQUEST,"[170,1]",89,"[58,254]","[0,254]",,TREE
2017.8337168939818,NETWORK_REQUEST,"[170,1]",79,"[47,3]","[0,254]",,TREE
2017.833727462597,NETWORK_REQUEST,"[171,1]",77,"[96,254]","[0,254]",,TREE
2017.8337415424921,NETWORK_REQUEST,"[171,1]",77,"[96,254]","[0,254]",,TREE
2017.8337946589202,NETWORK_REPLY,"[0,254]",18,"[4,1]","[168,1]",,TREE
2017.8337965006633,NETWORK_REQUEST,"[170,1]",69,"[47,254]","[0,254]",,TREE
2017.83379695365,NETWORK_REQUEST,"[170,1]",79,"[47,3]","[0,254]",,TREE
2017.8338053566015,NETWORK_REQUEST,"[171,1]",88,"[58,1]","[0,254]",,TREE
2017.8338194364967,NETWORK_REQUEST,"[171,1]",88,"[58,1]","[0,254]",,TREE
2017.8338430579338,NETWORK_REQUEST,"[170,1]",59,"[43,2]","[0,254]",,TREE
2017.833858183119,NETWORK_REPLY,"[0,254]",28,"[4,2]","[168,1]",,TREE
2017.8338721914165,NETWORK_REQUEST,"[171,1]",89,"[58,254]","[0,254]",,TREE
2017.8338765603316,NETWORK_REQUEST,"[170,1]",69,"[47,254]","[0,254]",,TREE
2017.8338862713117,NETWORK_REQUEST,"[171,1]",89,"[58,254]","[0,254]",,TREE
2017.8338910533391,NETWORK_REQUEST,"[170,1]",49,"[43,254]","[0,254]",,TREE
2017.8339231176021,NETWORK_REQUEST,"[170,1]",59,"[43,2]","[0,254]",,TREE
2017.8339239034744,NETWORK_REPLY,"[0,254]",29,"[43,1]","[168,1]",,TREE
2017.8339525932654,NETWORK_REQUEST,"[171,1]",79,"[47,3]","[0,254]",,TREE
2017.8339666731606,NETWORK_REQUEST,"[171,1]",79,"[47,3]","[0,254]",,TREE
2017.8339711130075,NETWORK_REQUEST,"[170,1]",49,"[43,254]","[0,254]",,TREE
2017.833972769556,NETWORK_REPLY,"[0,254]",39,"[43,3]","[168,1]",,TREE
2017.8339800523386,NETWORK_REQUEST,"[170,1]",39,"[4,2]","[0,254]",,TREE
2017.8340289184202,NETWORK_REQUEST,"[170,1]",29,"[4,254]","[0,254]",,TREE
2017.834032199947,NETWORK_REQUEST,"[171,1]",69,"[47,254]","[0,254]",,TREE
2017.8340462798421,NETWORK_REQUEST,"[171,1]",69,"[47,254]","[0,254]",,TREE
2017.834060112007,NETWORK_REQUEST,"[170,1]",39,"[4,2]","[0,254]",,TREE
2017.8340604086095,NETWORK_REPLY,"[0,254]",48,"[150,254]","[168,1]",,TREE
2017.8340787572174,NETWORK_REQUEST,"[171,1]",59,"[43,2]","[0,254]",,TREE
2017.8340928371126,NETWORK_REQUEST,"[171,1]",59,"[43,2]","[0,254]",,TREE
2017.8340946387757,NETWORK_REQUEST,"[170,1]",28,"[0,3]","[0,254]",,TREE
2017.8341089780886,NETWORK_REQUEST,"[170,1]",29,"[4,254]","[0,254]",,TREE
2017.8341267526228,NETWORK_REQUEST,"[171,1]",49,"[43,254]","[0,254]",,TREE
2017.834140832518,NETWORK_REQUEST,"[171,1]",49,"[43,254]","[0,254]",,TREE
2017.8341479962235,NETWORK_REPLY,"[0,254]",37,"[150,1]","[168,1]",,TREE
2017.8341581629745,NETWORK_REQUEST,"[170,1]",18,"[0,254]","[0,254]",,DIRECT
2017.834174698444,NETWORK_REQUEST,"[170,1]",28,"[0,3]","[0,254]",,TREE
2017.8342156235203,NETWORK_REPLY,"[0,254]",36,"[156,1]","[168,1]",,TREE
2017.8342157516222,NETWORK_REQUEST,"[171,1]",39,"[4,2]","[0,254]",,TREE
2017.8342298315174,NETWORK_REQUEST,"[171,1]",39,"[4,2]","[0,254]",,TREE
2017.8342382226429,NETWORK_REQUEST,"[170,1]",18,"[0,254]","[0,254]",,DIRECT
2017.8342443210709,NETWORK_REPLY,"[0,254]",17,"[0,3]","[170,1]",,TREE
2017.8342646177039,NETWORK_REQUEST,"[171,1]",29,"[4,254]","[0,254]",,TREE
2017.834278697599,NETWORK_REQUEST,"[171,1]",29,"[4,254]","[0,254]",,TREE
2017.8343051995132,NETWORK_REPLY,"[0,254]",26,"[156,2]","[168,1]",,TREE
2017.8343243807392,NETWORK_REPLY,"[0,254]",17,"[0,3]","[170,1]",,TREE
2017.8343303380593,NETWORK_REQUEST,"[171,1]",28,"[0,3]","[0,254]",,TREE
2017.8343304791672,NETWORK_REPLY,"[0,254]",18,"[4,1]","[170,1]",,TREE
2017.8343444179545,NETWORK_REQUEST,"[171,1]",28,"[0,3]","[0,254]",,TREE
2017.8343702076102,NETWORK_REPLY,"[0,254]",15,"[163,1]","[168,1]",,TREE
2017.8343938622581,NETWORK_REQUEST,"[171,1]",18,"[0,254]","[0,254]",,DIRECT
2017.834394003366,NETWORK_REPLY,"[0,254]",28,"[4,2]","[170,1]",,TREE
2017.8344079421533,NETWORK_REQUEST,"[171,1]",18,"[0,254]","[0,254]",,DIRECT
2017.8344105388355,NETWORK_REPLY,"[0,254]",18,"[4,1]","[170,1]",,TREE
2017.8344240358642,NETWORK_REPLY,"[0,254]",5,"[168,1]","[168,1]",,DIRECT
2017.8344597237215,NETWORK_REPLY,"[0,254]",29,"[43,1]","[170,1]",,TREE
2017.8344740630343,NETWORK_REPLY,"[0,254]",28,"[4,2]","[170,1]",,TREE
2017.8344800203545,NETWORK_REPLY,"[0,254]",17,"[0,3]","[171,1]",,TREE
2017.8344941002497,NETWORK_REPLY,"[0,254]",17,"[0,3]","[171,1]",,TREE
2017.8345085898031,NETWORK_REPLY,"[0,254]",39,"[43,2]","[170,1]",,TREE
2017.8345397833898,NETWORK_REPLY,"[0,254]",29,"[43,1]","[170,1]",,TREE
2017.8345661784508,NETWORK_REPLY,"[0,254]",18,"[4,1]","[171,1]",,TREE
2017.834580258346,NETWORK_REPLY,"[0,254]",18,"[4,1]","[171,1]",,TREE
2017.8345886494715,NETWORK_REPLY,"[0,254]",39,"[43,2]","[170,1]",,TREE
2017.8345975888026,NETWORK_REPLY,"[0,254]",49,"[47,1]","[170,1]",,TREE
2017.8346297026496,NETWORK_REPLY,"[0,254]",28,"[4,2]","[171,1]",,TREE
2017.8346437825448,NETWORK_REPLY,"[0,254]",28,"[4,2]","[171,1]",,TREE
2017.834645584208,NETWORK_REPLY,"[0,254]",59,"[47,3]","[170,1]",,TREE
2017.834677648471,NETWORK_REPLY,"[0,254]",49,"[47,1]","[170,1]",,TREE
2017.8346921414784,NETWORK_REPLY,"[0,254]",69,"[58,254]","[170,1]",,TREE
2017.834695423005,NETWORK_REPLY,"[0,254]",29,"[43,1]","[171,1]",,TREE
2017.8347095029003,NETWORK_REPLY,"[0,254]",29,"[43,1]","[171,1]",,TREE
2017.8347256438763,NETWORK_REPLY,"[0,254]",59,"[47,3]","[170,1]",,TREE
2017.8347442890868,NETWORK_REPLY,"[0,254]",39,"[43,2]","[171,1]",,TREE
2017.834758368982,NETWORK_REPLY,"[0,254]",39,"[43,2]","[171,1]",,TREE
2017.83477174816,NETWORK_REPLY,"[0,254]",79,"[58,1]","[170,1]",,TREE
2017.8347722011467,NETWORK_REPLY,"[0,254]",69,"[58,254]","[170,1]",,TREE
2017.8348332880862,NETWORK_REPLY,"[0,254]",49,"[47,1]","[171,1]",,TREE
2017.8348473679814,NETWORK_REPLY,"[0,254]",49,"[47,1]","[171,1]",,TREE
2017.8348518078283,NETWORK_REPLY,"[0,254]",79,"[58,1]","[170,1]",,TREE
2017.8348521500088,NETWORK_REPLY,"[0,254]",89,"[96,254]","[170,1]",,TREE
2017.8348812834915,NETWORK_REPLY,"[0,254]",59,"[47,3]","[171,1]",,TREE
2017.8348953633867,NETWORK_REPLY,"[0,254]",59,"[47,3]","[171,1]",,TREE
2017.8349189848238,NETWORK_REPLY,"[0,254]",88,"[96,1]","[170,1]",,TREE
2017.834927840762,NETWORK_REPLY,"[0,254]",69,"[58,254]","[171,1]",,TREE
2017.8349322096772,NETWORK_REPLY,"[0,254]",89,"[96,254]","[170,1]",,TREE
2017.8349419206572,NETWORK_REPLY,"[0,254]",69,"[58,254]","[171,1]",,TREE
2017.8349968788284,NETWORK_REPLY,"[0,254]",77,"[149,1]","[170,1]",,TREE
2017.8349990444922,NETWORK_REPLY,"[0,254]",88,"[96,1]","[170,1]",,TREE
2017.8350074474436,NETWORK_REPLY,"[0,254]",79,"[58,1]","[171,1]",,TREE
2017.8350215273388,NETWORK_REPLY,"[0,254]",79,"[58,1]","[171,1]",,TREE
2017.8350769384967,NETWORK_REPLY,"[0,254]",77,"[149,1]","[170,1]",,TREE
2017.8350842126456,NETWORK_REPLY,"[0,254]",67,"[151,1]","[170,1]",,TREE
2017.8350878492924,NETWORK_REPLY,"[0,254]",89,"[96,254]","[171,1]",,TREE
2017.8351019291877,NETWORK_REPLY,"[0,254]",89,"[96,254]","[171,1]",,TREE
2017.8351546841075,NETWORK_REPLY,"[0,254]",88,"[96,1]","[171,1]",,TREE
2017.835163453162,NETWORK_REPLY,"[0,254]",66,"[154,3]","[170,1]",,TREE
2017.835164272314,NETWORK_REPLY,"[0,254]",67,"[151,1]","[170,1]",,TREE
2017.8351687640027,NETWORK_REPLY,"[0,254]",88,"[96,1]","[171,1]",,TREE
2017.835232578112,NETWORK_REPLY,"[0,254]",77,"[149,1]","[171,1]",,TREE
2017.8352344460316,NETWORK_REPLY,"[0,254]",55,"[157,2]","[170,1]",,TREE
2017.8352435128304,NETWORK_REPLY,"[0,254]",66,"[154,3]","[170,1]",,TREE
2017.8352466580072,NETWORK_REPLY,"[0,254]",77,"[149,1]","[171,1]",,TREE
2017.8353101970881,NETWORK_REPLY,"[0,254]",45,"[160,2]","[170,1]",,TREE
2017.8353145057,NETWORK_REPLY,"[0,254]",55,"[157,2]","[170,1]",,TREE
2017.8353199119292,NETWORK_REPLY,"[0,254]",67,"[151,1]","[171,1]",,TREE
2017.8353339918244,NETWORK_REPLY,"[0,254]",67,"[151,1]","[171,1]",,TREE
2017.8353902567565,NETWORK_REPLY,"[0,254]",45,"[160,2]","[170,1]",,TREE
2017.8353982701396,NETWORK_REPLY,"[0,254]",34,"[160,3]","[170,1]",,MESH
2017.8353991524457,NETWORK_REPLY,"[0,254]",66,"[154,3]","[171,1]",,TREE
2017.835413232341,NETWORK_REPLY,"[0,254]",66,"[154,3]","[171,1]",,TREE
2017.8354701453152,NETWORK_REPLY,"[0,254]",55,"[157,2]","[171,1]",,TREE
2017.8354766867246,NETWORK_REPLY,"[0,254]",24,"[170,1]","[170,1]",,DIRECT
2017.835478329808,NETWORK_REPLY,"[0,254]",34,"[160,3]","[170,1]",,MESH
2017.8354842252104,NETWORK_REPLY,"[0,254]",55,"[157,2]","[171,1]",,TREE
2017.8355458963717,NETWORK_REPLY,"[0,254]",45,"[160,2]","[171,1]",,TREE
2017.835556746393,NETWORK_REPLY,"[0,254]",24,"[170,1]","[170,1]",,DIRECT
2017.835559976267,NETWORK_REPLY,"[0,254]",45,"[160,2]","[171,1]",,TREE
2017.8356339694233,NETWORK_REPLY,"[0,254]",34,"[160,4]","[171,1]",,MESH
2017.8356480493185,NETWORK_REPLY,"[0,254]",34,"[160,4]","[171,1]",,MESH
2017.8357237296736,NETWORK_REPLY,"[0,254]",33,"[171,1]","[171,1]",,DIRECT
2017.8357378095689,NETWORK_REPLY,"[0,254]",33,"[171,1]","[171,1]",,DIRECT
2027.8330169983078,NETWORK_REQUEST,"[174,2]",12,"[174,254]","[0,254]",,TREE
2027.8330936865077,NETWORK_REQUEST,"[174,2]",23,"[170,254]","[0,254]",,TREE
2027.833165583062,NETWORK_REQUEST,"[174,2]",24,"[160,254]","[0,254]",,TREE
2027.833243999647,NETWORK_REQUEST,"[174,2]",34,"[157,2]","[0,254]",,TREE
2027.8332559329199,NETWORK_REQUEST,"[175,2]",22,"[175,254]","[0,254]",,TREE
2027.8333162987171,NETWORK_REQUEST,"[174,2]",12,"[174,254]","[0,254]",,TREE
2027.8333289547963,NETWORK_REQUEST,"[175,2]",32,"[171,254]","[0,254]",,TREE
2027.8333320726986,NETWORK_REQUEST,"[174,2]",45,"[157,254]","[0,254]",,TREE
2027.833392986917,NETWORK_REQUEST,"[174,2]",23,"[170,254]","[0,254]",,TREE
2027.8333972645073,NETWORK_REQUEST,"[175,2]",33,"[160,254]","[0,254]",,TREE
2027.8334078237551,NETWORK_REQUEST,"[174,2]",55,"[154,254]","[0,254]",,TREE
2027.8334648834714,NETWORK_REQUEST,"[174,2]",24,"[160,254]","[0,254]",,TREE
2027.8334788166246,NETWORK_REQUEST,"[174,2]",66,"[151,254]","[0,254]",,TREE
2027.8334870247577,NETWORK_REQUEST,"[175,2]",34,"[157,2]","[0,254]",,TREE
2027.8335433000564,NETWORK_REQUEST,"[174,2]",34,"[157,2]","[0,254]",,TREE
2027.833558057141,NETWORK_REQUEST,"[174,2]",67,"[149,254]","[0,254]",,TREE
2027.8335750978092,NETWORK_REQUEST,"[175,2]",45,"[157,254]","[0,254]",,TREE
2027.833631373108,NETWORK_REQUEST,"[174,2]",45,"[157,254]","[0,254]",,TREE
2027.8336453909583,NETWORK_REQUEST,"[174,2]",77,"[96,254]","[0,254]",,TREE
2027.8336508488658,NETWORK_REQUEST,"[175,2]",55,"[154,254]","[0,254]",,TREE
2027.8337071241644,NETWORK_REQUEST,"[174,2]",55,"[154,254]","[0,254]",,TREE
2027.8337218417353,NETWORK_REQUEST,"[175,2]",66,"[151,254]","[0,254]",,TREE
2027.8337232849628,NETWORK_REQUEST,"[174,2]",88,"[58,1]","[0,254]",,TREE
2027.833778117034,NETWORK_REQUEST,"[174,2]",66,"[151,254]","[0,254]",,TREE
2027.8337901197779,NETWORK_REQUEST,"[174,2]",89,"[58,254]","[0,254]",,TREE
2027.8338010822517,NETWORK_REQUEST,"[175,2]",67,"[149,254]","[0,254]",,TREE
2027.8338573575504,NETWORK_REQUEST,"[174,2]",67,"[149,254]","[0,254]",,TREE
2027.8338705216267,NETWORK_REQUEST,"[174,2]",79,"[47,3]","[0,254]",,TREE
2027.833888416069,NETWORK_REQUEST,"[175,2]",77,"[96,254]","[0,254]",,TREE
2027.8339446913676,NETWORK_REQUEST,"[174,2]",77,"[96,254]","[0,254]",,TREE
2027.8339501283083,NETWORK_REQUEST,"[174,2]",69,"[47,254]","[0,254]",,TREE
2027.8339663100735,NETWORK_REQUEST,"[175,2]",88,"[58,1]","[0,254]",,TREE
2027.8339966855788,NETWORK_REQUEST,"[174,2]",59,"[43,2]","[0,254]",,TREE
2027.8340225853722,NETWORK_REQUEST,"[174,2]",88,"[58,1]","[0,254]",,TREE
2027.8340331448885,NETWORK_REQUEST,"[175,2]",89,"[58,254]","[0,254]",,TREE
2027.834044680984,NETWORK_REQUEST,"[174,2]",49,"[43,254]","[0,254]",,TREE
2027.8340894201872,NETWORK_REQUEST,"[174,2]",89,"[58,254]","[0,254]",,TREE
2027.8341135467374,NETWORK_REQUEST,"[175,2]",79,"[47,3]","[0,254]",,TREE
2027.8341336799836,NETWORK_REQUEST,"[174,2]",39,"[4,2]","[0,254]",,TREE
2027.834169822036,NETWORK_REQUEST,"[174,2]",79,"[47,3]","[0,254]",,TREE
2027.8341825460652,NETWORK_REQUEST,"[174,2]",29,"[4,254]","[0,254]",,TREE
2027.834193153419,NETWORK_REQUEST,"[175,2]",69,"[47,254]","[0,254]",,TREE
2027.8342397106894,NETWORK_REQUEST,"[175,2]",59,"[43,2]","[0,254]",,TREE
2027.8342482664207,NETWORK_REQUEST,"[174,2]",28,"[0,3]","[0,254]",,TREE
2027.8342494287176,NETWORK_REQUEST,"[174,2]",69,"[47,254]","[0,254]",,TREE
2027.8342877060948,NETWORK_REQUEST,"[175,2]",49,"[43,254]","[0,254]",,TREE
2027.834295985988,NETWORK_REQUEST,"[174,2]",59,"[43,2]","[0,254]",,TREE
2027.8343117906195,NETWORK_REQUEST,"[174,2]",18,"[0,254]","[0,254]",,DIRECT
2027.8343439813934,NETWORK_REQUEST,"[174,2]",49,"[43,254]","[0,254]",,TREE
2027.8343767050942,NETWORK_REQUEST,"[175,2]",39,"[4,2]","[0,254]",,TREE
2027.8343979487158,NETWORK_REPLY,"[0,254]",17,"[0,3]","[174,2]",,TREE
2027.8344255711759,NETWORK_REQUEST,"[175,2]",29,"[4,254]","[0,254]",,TREE
2027.8344329803929,NETWORK_REQUEST,"[174,2]",39,"[4,2]","[0,254]",,TREE
2027.8344818464745,NETWORK_REQUEST,"[174,2]",29,"[4,254]","[0,254]",,TREE
2027.8344841068122,NETWORK_REPLY,"[0,254]",18,"[4,1]","[174,2]",,TREE
2027.8344912915313,NETWORK_REQUEST,"[175,2]",28,"[0,3]","[0,254]",,TREE
2027.83454756683,NETWORK_REQUEST,"[174,2]",28,"[0,3]","[0,254]",,TREE
2027.834547631011,NETWORK_REPLY,"[0,254]",28,"[4,2]","[174,2]",,TREE
2027.8345548157301,NETWORK_REQUEST,"[175,2]",18,"[0,254]","[0,254]",,DIRECT
2027.8346110910288,NETWORK_REQUEST,"[174,2]",18,"[0,254]","[0,254]",,DIRECT
2027.8346133513664,NETWORK_REPLY,"[0,254]",29,"[43,1]","[174,2]",,TREE
2027.8346409738265,NETWORK_REPLY,"[0,254]",17,"[0,3]","[175,2]",,TREE
2027.834662217448,NETWORK_REPLY,"[0,254]",39,"[43,2]","[174,2]",,TREE
2027.8346972491252,NETWORK_REPLY,"[0,254]",17,"[0,3]","[174,2]",,TREE
2027.8347271319228,NETWORK_REPLY,"[0,254]",18,"[4,1]","[175,2]",,TREE
2027.8347512164476,NETWORK_REPLY,"[0,254]",49,"[47,1]","[174,2]",,TREE
2027.8347834072215,NETWORK_REPLY,"[0,254]",18,"[4,1]","[174,2]",,TREE
2027.8347906561216,NETWORK_REPLY,"[0,254]",28,"[4,2]","[175,2]",,TREE
2027.834799211853,NETWORK_REPLY,"[0,254]",59,"[47,3]","[174,2]",,TREE
2027.8348457691234,NETWORK_REPLY,"[0,254]",69,"[58,254]","[174,2]",,TREE
2027.8348469314203,NETWORK_REPLY,"[0,254]",28,"[4,2]","[174,2]",,TREE
2027.834856376477,NETWORK_REPLY,"[0,254]",29,"[43,1]","[175,2]",,TREE
2027.8349052425588,NETWORK_REPLY,"[0,254]",39,"[43,2]","[175,2]",,TREE
2027.8349126517758,NETWORK_REPLY,"[0,254]",29,"[43,1]","[174,2]",,TREE
2027.834925375805,NETWORK_REPLY,"[0,254]",79,"[58,1]","[174,2]",,TREE
2027.8349615178574,NETWORK_REPLY,"[0,254]",39,"[43,2]","[174,2]",,TREE
2027.8349942415582,NETWORK_REPLY,"[0,254]",49,"[47,1]","[175,2]",,TREE
2027.8350057776538,NETWORK_REPLY,"[0,254]",89,"[96,254]","[174,2]",,TREE
2027.8350422369635,NETWORK_REPLY,"[0,254]",59,"[47,3]","[175,2]",,TREE
2027.8350505168569,NETWORK_REPLY,"[0,254]",49,"[47,1]","[174,2]",,TREE
2027.8350726124688,NETWORK_REPLY,"[0,254]",88,"[96,1]","[174,2]",,TREE
2027.835088794234,NETWORK_REPLY,"[0,254]",69,"[58,254]","[175,2]",,TREE
2027.8350985122622,NETWORK_REPLY,"[0,254]",59,"[47,3]","[174,2]",,TREE
2027.8351450695327,NETWORK_REPLY,"[0,254]",69,"[58,254]","[174,2]",,TREE
2027.8351505064734,NETWORK_REPLY,"[0,254]",77,"[149,1]","[174,2]",,TREE
2027.8351684009156,NETWORK_REPLY,"[0,254]",79,"[58,1]","[175,2]",,TREE
2027.8352246762142,NETWORK_REPLY,"[0,254]",79,"[58,1]","[174,2]",,TREE
2027.8352378402906,NETWORK_REPLY,"[0,254]",67,"[151,1]","[174,2]",,TREE
2027.8352488027645,NETWORK_REPLY,"[0,254]",89,"[96,254]","[175,2]",,TREE
2027.8353050780631,NETWORK_REPLY,"[0,254]",89,"[96,254]","[174,2]",,TREE
2027.8353156375795,NETWORK_REPLY,"[0,254]",88,"[96,1]","[175,2]",,TREE
2027.835317080807,NETWORK_REPLY,"[0,254]",66,"[154,3]","[174,2]",,TREE
2027.8353719128781,NETWORK_REPLY,"[0,254]",88,"[96,1]","[174,2]",,TREE
2027.8353880736765,NETWORK_REPLY,"[0,254]",55,"[157,2]","[174,2]",,TREE
2027.835393531584,NETWORK_REPLY,"[0,254]",77,"[149,1]","[175,2]",,TREE
2027.8354498068827,NETWORK_REPLY,"[0,254]",77,"[149,1]","[174,2]",,TREE
2027.835463824733,NETWORK_REPLY,"[0,254]",45,"[160,2]","[174,2]",,TREE
2027.8354808654012,NETWORK_REPLY,"[0,254]",67,"[151,1]","[175,2]",,TREE
2027.8355371407,NETWORK_REPLY,"[0,254]",67,"[151,1]","[174,2]",,TREE
2027.8355518977846,NETWORK_REPLY,"[0,254]",34,"[160,3]","[174,2]",,TREE
2027.8355601059177,NETWORK_REPLY,"[0,254]",66,"[154,3]","[175,2]",,TREE
2027.8356163812164,NETWORK_REPLY,"[0,254]",66,"[154,3]","[174,2]",,TREE
2027.8356303143696,NETWORK_REPLY,"[0,254]",24,"[170,1]","[174,2]",,MESH
2027.8356310987872,NETWORK_REPLY,"[0,254]",55,"[157,2]","[175,2]",,TREE
2027.8356873740859,NETWORK_REPLY,"[0,254]",55,"[157,2]","[174,2]",,TREE
2027.835702210924,NETWORK_REPLY,"[0,254]",23,"[174,2]","[174,2]",,DIRECT
2027.8357068498437,NETWORK_REPLY,"[0,254]",45,"[160,2]","[175,2]",,TREE
2027.8357631251424,NETWORK_REPLY,"[0,254]",45,"[160,2]","[174,2]",,TREE
2027.8357949228953,NETWORK_REPLY,"[0,254]",34,"[160,4]","[175,2]",,TREE
2027.835851198194,NETWORK_REPLY,"[0,254]",34,"[160,3]","[174,2]",,TREE
2027.8358846831457,NETWORK_REPLY,"[0,254]",33,"[171,1]","[175,2]",,MESH
2027.835929614779,NETWORK_REPLY,"[0,254]",24,"[170,1]","[174,2]",,MESH
2027.8359529928566,NETWORK_REPLY,"[0,254]",32,"[175,2]","[175,2]",,DIRECT
2027.8360015113333,NETWORK_REPLY,"[0,254]",23,"[174,2]","[174,2]",,DIRECT
2032.8339801193931,NETWORK_REQUEST,"[172,2]",40,"[172,254]","[0,254]",,TREE
2032.8340416599967,NETWORK_REQUEST,"[172,2]",41,"[171,3]","[0,254]",,TREE
2032.834101974168,NETWORK_REQUEST,"[172,2]",42,"[171,254]","[0,254]",,TREE
2032.8341851279934,NETWORK_REQUEST,"[172,2]",33,"[160,254]","[0,254]",,TREE
2032.8342748882437,NETWORK_REQUEST,"[172,2]",34,"[157,2]","[0,254]",,TREE
2032.8343629612953,NETWORK_REQUEST,"[172,2]",45,"[157,254]","[0,254]",,TREE
2032.8344387123518,NETWORK_REQUEST,"[172,2]",55,"[154,254]","[0,254]",,TREE
2032.8345097052213,NETWORK_REQUEST,"[172,2]",66,"[151,254]","[0,254]",,TREE
2032.8345889457378,NETWORK_REQUEST,"[172,2]",67,"[149,254]","[0,254]",,TREE
2032.834676279555,NETWORK_REQUEST,"[172,2]",77,"[96,254]","[0,254]",,TREE
2032.8347541735595,NETWORK_REQUEST,"[172,2]",88,"[58,1]","[0,254]",,TREE
2032.8348210083745,NETWORK_REQUEST,"[172,2]",89,"[58,254]","[0,254]",,TREE
2032.8349014102234,NETWORK_REQUEST,"[172,2]",79,"[47,3]","[0,254]",,TREE
2032.834981016905,NETWORK_REQUEST,"[172,2]",69,"[47,254]","[0,254]",,TREE
2032.8350275741755,NETWORK_REQUEST,"[172,2]",59,"[43,2]","[0,254]",,TREE
2032.8350755695808,NETWORK_REQUEST,"[172,2]",49,"[43,254]","[0,254]",,TREE
2032.8351645685802,NETWORK_REQUEST,"[172,2]",39,"[4,2]","[0,254]",,TREE
2032.835213434662,NETWORK_REQUEST,"[172,2]",29,"[4,254]","[0,254]",,TREE
2032.8352791550174,NETWORK_REQUEST,"[172,2]",28,"[0,3]","[0,254]",,TREE
2032.8353426792162,NETWORK_REQUEST,"[172,2]",18,"[0,254]","[0,254]",,DIRECT
2032.8354288373125,NETWORK_REPLY,"[0,254]",17,"[0,3]","[172,2]",,TREE
2032.8355149954089,NETWORK_REPLY,"[0,254]",18,"[4,1]","[172,2]",,TREE
2032.8355785196077,NETWORK_REPLY,"[0,254]",28,"[4,2]","[172,2]",,TREE
2032.8356442399631,NETWORK_REPLY,"[0,254]",29,"[43,1]","[172,2]",,TREE
2032.8356931060448,NETWORK_REPLY,"[0,254]",39,"[43,2]","[172,2]",,TREE
2032.8357821050442,NETWORK_REPLY,"[0,254]",49,"[47,1]","[172,2]",,TREE
2032.8358301004496,NETWORK_REPLY,"[0,254]",59,"[47,3]","[172,2]",,TREE
2032.83587665772,NETWORK_REPLY,"[0,254]",69,"[58,254]","[172,2]",,TREE
2032.8359562644016,NETWORK_REPLY,"[0,254]",79,"[58,1]","[172,2]",,TREE
2032.8360366662505,NETWORK_REPLY,"[0,254]",89,"[96,254]","[172,2]",,TREE
2032.8361035010655,NETWORK_REPLY,"[0,254]",88,"[96,1]","[172,2]",,TREE
2032.83618139507,NETWORK_REPLY,"[0,254]",77,"[149,1]","[172,2]",,TREE
2032.8362687288873,NETWORK_REPLY,"[0,254]",67,"[151,1]","[172,2]",,TREE
2032.8363479694037,NETWORK_REPLY,"[0,254]",66,"[154,3]","[172,2]",,TREE
2032.8364189622732,NETWORK_REPLY,"[0,254]",55,"[157,2]","[172,2]",,TREE
2032.8364947133298,NETWORK_REPLY,"[0,254]",45,"[160,2]","[172,2]",,TREE
2032.8365827863813,NETWORK_REPLY,"[0,254]",34,"[160,4]","[172,2]",,TREE
2032.8366725466317,NETWORK_REPLY,"[0,254]",33,"[171,3]","[172,2]",,TREE
2032.836755700457,NETWORK_REPLY,"[0,254]",42,"[172,1]","[172,2]",,MESH
2032.8368160146283,NETWORK_REPLY,"[0,254]",41,"[172,2]","[172,2]",,DIRECT
2037.833104636268,NETWORK_REQUEST,"[176,1]",3,"[176,254]","[0,254]",,TREE
2037.8331796197235,NETWORK_REQUEST,"[176,1]",12,"[174,254]","[0,254]",,TREE
2037.8332563079234,NETWORK_REQUEST,"[176,1]",23,"[170,254]","[0,254]",,TREE
2037.8332944226179,NETWORK_REQUEST,"[176,2]",11,"[176,254]","[0,254]",,TREE
2037.8333282044778,NETWORK_REQUEST,"[176,1]",24,"[160,254]","[0,254]",,TREE
2037.833360423722,NETWORK_REQUEST,"[176,2]",12,"[174,254]","[0,254]",,TREE
2037.8334066210627,NETWORK_REQUEST,"[176,1]",34,"[157,2]","[0,254]",,TREE
2037.833422919288,NETWORK_REQUEST,"[176,2]",11,"[176,254]","[0,254]",,TREE
2037.833437111922,NETWORK_REQUEST,"[176,2]",23,"[170,254]","[0,254]",,TREE
2037.8334889203923,NETWORK_REQUEST,"[176,2]",12,"[174,254]","[0,254]",,TREE
2037.8334946941143,NETWORK_REQUEST,"[176,1]",45,"[157,254]","[0,254]",,TREE
2037.8335090084763,NETWORK_REQUEST,"[176,2]",24,"[160,254]","[0,254]",,TREE
2037.8335656085922,NETWORK_REQUEST,"[176,2]",23,"[170,254]","[0,254]",,TREE
2037.8335704451708,NETWORK_REQUEST,"[176,1]",55,"[154,254]","[0,254]",,TREE
2037.8335874250613,NETWORK_REQUEST,"[176,2]",34,"[157,2]","[0,254]",,TREE
2037.8336375051465,NETWORK_REQUEST,"[176,2]",24,"[160,254]","[0,254]",,TREE
2037.8336414380403,NETWORK_REQUEST,"[176,1]",66,"[151,254]","[0,254]",,TREE
2037.8336754981128,NETWORK_REQUEST,"[176,2]",45,"[157,254]","[0,254]",,TREE
2037.8337159217315,NETWORK_REQUEST,"[176,2]",34,"[157,2]","[0,254]",,TREE
2037.8337206785568,NETWORK_REQUEST,"[176,1]",67,"[149,254]","[0,254]",,TREE
2037.8337512491694,NETWORK_REQUEST,"[176,2]",55,"[154,254]","[0,254]",,TREE
2037.833803994783,NETWORK_REQUEST,"[176,2]",45,"[157,254]","[0,254]",,TREE
2037.833808012374,NETWORK_REQUEST,"[176,1]",77,"[96,254]","[0,254]",,TREE
2037.8338222420389,NETWORK_REQUEST,"[176,2]",66,"[151,254]","[0,254]",,TREE
2037.8338797458396,NETWORK_REQUEST,"[176,2]",55,"[154,254]","[0,254]",,TREE
2037.8338859063786,NETWORK_REQUEST,"[176,1]",88,"[58,1]","[0,254]",,TREE
2037.8339014825553,NETWORK_REQUEST,"[176,2]",67,"[149,254]","[0,254]",,TREE
2037.833950738709,NETWORK_REQUEST,"[176,2]",66,"[151,254]","[0,254]",,TREE
2037.8339527411936,NETWORK_REQUEST,"[176,1]",89,"[58,254]","[0,254]",,TREE
2037.8339888163725,NETWORK_REQUEST,"[176,2]",77,"[96,254]","[0,254]",,TREE
2037.8340299792255,NETWORK_REQUEST,"[176,2]",67,"[149,254]","[0,254]",,TREE
2037.8340331430425,NETWORK_REQUEST,"[176,1]",79,"[47,3]","[0,254]",,TREE
2037.834066710377,NETWORK_REQUEST,"[176,2]",88,"[58,1]","[0,254]",,TREE
2037.834112749724,NETWORK_REQUEST,"[176,1]",69,"[47,254]","[0,254]",,TREE
2037.8341173130427,NETWORK_REQUEST,"[176,2]",77,"[96,254]","[0,254]",,TREE
2037.8341335451921,NETWORK_REQUEST,"[176,2]",89,"[58,254]","[0,254]",,TREE
2037.8341593069945,NETWORK_REQUEST,"[176,1]",59,"[43,2]","[0,254]",,TREE
2037.8341952070473,NETWORK_REQUEST,"[176,2]",88,"[58,1]","[0,254]",,TREE
2037.8342073023998,NETWORK_REQUEST,"[176,1]",49,"[43,254]","[0,254]",,TREE
2037.834213947041,NETWORK_REQUEST,"[176,2]",79,"[47,3]","[0,254]",,TREE
2037.8342620418623,NETWORK_REQUEST,"[176,2]",89,"[58,254]","[0,254]",,TREE
2037.8342935537225,NETWORK_REQUEST,"[176,2]",69,"[47,254]","[0,254]",,TREE
2037.8342963013993,NETWORK_REQUEST,"[176,1]",39,"[4,2]","[0,254]",,TREE
2037.834340110993,NETWORK_REQUEST,"[176,2]",59,"[43,2]","[0,254]",,TREE
2037.8343424437112,NETWORK_REQUEST,"[176,2]",79,"[47,3]","[0,254]",,TREE
2037.834345167481,NETWORK_REQUEST,"[176,1]",29,"[4,254]","[0,254]",,TREE
2037.8343881063984,NETWORK_REQUEST,"[176,2]",49,"[43,254]","[0,254]",,TREE
2037.8344108878364,NETWORK_REQUEST,"[176,1]",28,"[0,3]","[0,254]",,TREE
2037.8344220503927,NETWORK_REQUEST,"[176,2]",69,"[47,254]","[0,254]",,TREE
2037.8344686076632,NETWORK_REQUEST,"[176,2]",59,"[43,2]","[0,254]",,TREE
2037.8344744120352,NETWORK_REQUEST,"[176,1]",18,"[0,254]","[0,254]",,DIRECT
2037.8344771053978,NETWORK_REQUEST,"[176,2]",39,"[4,2]","[0,254]",,TREE
2037.8345166030686,NETWORK_REQUEST,"[176,2]",49,"[43,254]","[0,254]",,TREE
2037.8345259714795,NETWORK_REQUEST,"[176,2]",29,"[4,254]","[0,254]",,TREE
2037.8345605701315,NETWORK_REPLY,"[0,254]",17,"[0,3]","[176,1]",,TREE
2037.834591691835,NETWORK_REQUEST,"[176,2]",28,"[0,3]","[0,254]",,TREE
2037.834605602068,NETWORK_REQUEST,"[176,2]",39,"[4,2]","[0,254]",,TREE
2037.8346467282279,NETWORK_REPLY,"[0,254]",18,"[4,1]","[176,1]",,TREE
2037.8346544681497,NETWORK_REQUEST,"[176,2]",29,"[4,254]","[0,254]",,TREE
2037.8346552160338,NETWORK_REQUEST,"[176,2]",18,"[0,254]","[0,254]",,DIRECT
2037.8347102524267,NETWORK_REPLY,"[0,254]",28,"[4,2]","[176,1]",,TREE
2037.8347201885051,NETWORK_REQUEST,"[176,2]",28,"[0,3]","[0,254]",,TREE
2037.83474137413,NETWORK_REPLY,"[0,254]",17,"[0,3]","[176,2]",,TREE
2037.8347759727822,NETWORK_REPLY,"[0,254]",29,"[43,1]","[176,1]",,TREE
2037.834783712704,NETWORK_REQUEST,"[176,2]",18,"[0,254]","[0,254]",,DIRECT
2037.8348248388638,NETWORK_REPLY,"[0,254]",39,"[43,2]","[176,1]",,TREE
2037.8348275322264,NETWORK_REPLY,"[0,254]",18,"[4,1]","[176,2]",,TREE
2037.8348698708003,NETWORK_REPLY,"[0,254]",17,"[0,3]","[176,2]",,TREE
2037.8348910564252,NETWORK_REPLY,"[0,254]",28,"[4,2]","[176,2]",,TREE
2037.8349138378633,NETWORK_REPLY,"[0,254]",49,"[47,1]","[176,1]",,TREE
2037.8349560288966,NETWORK_REPLY,"[0,254]",18,"[4,1]","[176,2]",,TREE
2037.8349567767807,NETWORK_REPLY,"[0,254]",29,"[43,1]","[176,2]",,TREE
2037.8349618332686,NETWORK_REPLY,"[0,254]",59,"[47,3]","[176,1]",,TREE
2037.8350056428624,NETWORK_REPLY,"[0,254]",39,"[43,2]","[176,2]",,TREE
2037.835008390539,NETWORK_REPLY,"[0,254]",69,"[58,254]","[176,1]",,TREE
2037.8350195530954,NETWORK_REPLY,"[0,254]",28,"[4,2]","[176,2]",,TREE
2037.8350852734509,NETWORK_REPLY,"[0,254]",29,"[43,1]","[176,2]",,TREE
2037.8350879972206,NETWORK_REPLY,"[0,254]",79,"[58,1]","[176,1]",,TREE
2037.8350946418618,NETWORK_REPLY,"[0,254]",49,"[47,1]","[176,2]",,TREE
2037.8351341395326,NETWORK_REPLY,"[0,254]",39,"[43,2]","[176,2]",,TREE
2037.8351426372672,NETWORK_REPLY,"[0,254]",59,"[47,3]","[176,2]",,TREE
2037.8351683990695,NETWORK_REPLY,"[0,254]",89,"[96,254]","[176,1]",,TREE
2037.8351891945376,NETWORK_REPLY,"[0,254]",69,"[58,254]","[176,2]",,TREE
2037.835223138532,NETWORK_REPLY,"[0,254]",49,"[47,1]","[176,2]",,TREE
2037.8352352338845,NETWORK_REPLY,"[0,254]",88,"[96,1]","[176,1]",,TREE
2037.8352688012192,NETWORK_REPLY,"[0,254]",79,"[58,1]","[176,2]",,TREE
2037.8352711339373,NETWORK_REPLY,"[0,254]",59,"[47,3]","[176,2]",,TREE
2037.835313127889,NETWORK_REPLY,"[0,254]",77,"[149,1]","[176,1]",,TREE
2037.8353176912078,NETWORK_REPLY,"[0,254]",69,"[58,254]","[176,2]",,TREE
2037.835349203068,NETWORK_REPLY,"[0,254]",89,"[96,254]","[176,2]",,TREE
2037.8353972978894,NETWORK_REPLY,"[0,254]",79,"[58,1]","[176,2]",,TREE
2037.8354004617063,NETWORK_REPLY,"[0,254]",67,"[151,1]","[176,1]",,TREE
2037.835416037883,NETWORK_REPLY,"[0,254]",88,"[96,1]","[176,2]",,TREE
2037.8354776997382,NETWORK_REPLY,"[0,254]",89,"[96,254]","[176,2]",,TREE
2037.8354797022228,NETWORK_REPLY,"[0,254]",66,"[154,3]","[176,1]",,TREE
2037.8354939318876,NETWORK_REPLY,"[0,254]",77,"[149,1]","[176,2]",,TREE
2037.8355445345533,NETWORK_REPLY,"[0,254]",88,"[96,1]","[176,2]",,TREE
2037.8355506950923,NETWORK_REPLY,"[0,254]",55,"[157,2]","[176,1]",,TREE
2037.8355812657048,NETWORK_REPLY,"[0,254]",67,"[151,1]","[176,2]",,TREE
2037.8356224285578,NETWORK_REPLY,"[0,254]",77,"[149,1]","[176,2]",,TREE
2037.8356264461488,NETWORK_REPLY,"[0,254]",45,"[160,2]","[176,1]",,TREE
2037.8356605062213,NETWORK_REPLY,"[0,254]",66,"[154,3]","[176,2]",,TREE
2037.835709762375,NETWORK_REPLY,"[0,254]",67,"[151,1]","[176,2]",,TREE
2037.8357145192003,NETWORK_REPLY,"[0,254]",34,"[160,3]","[176,1]",,TREE
2037.8357314990908,NETWORK_REPLY,"[0,254]",55,"[157,2]","[176,2]",,TREE
2037.8357890028915,NETWORK_REPLY,"[0,254]",66,"[154,3]","[176,2]",,TREE
2037.8357929357853,NETWORK_REPLY,"[0,254]",24,"[170,1]","[176,1]",,TREE
2037.8358072501474,NETWORK_REPLY,"[0,254]",45,"[160,2]","[176,2]",,TREE
2037.835859995761,NETWORK_REPLY,"[0,254]",55,"[157,2]","[176,2]",,TREE
2037.8358648323397,NETWORK_REPLY,"[0,254]",23,"[174,1]","[176,1]",,MESH
2037.8358953231989,NETWORK_REPLY,"[0,254]",34,"[160,3]","[176,2]",,TREE
2037.8359178925057,NETWORK_REPLY,"[0,254]",13,"[176,1]","[176,1]",,DIRECT
2037.8359357468175,NETWORK_REPLY,"[0,254]",45,"[160,2]","[176,2]",,TREE
2037.8359737397839,NETWORK_REPLY,"[0,254]",24,"[170,1]","[176,2]",,TREE
2037.836023819869,NETWORK_REPLY,"[0,254]",34,"[160,3]","[176,2]",,TREE
2037.8360456363382,NETWORK_REPLY,"[0,254]",23,"[174,2]","[176,2]",,MESH
2037.836102236454,NETWORK_REPLY,"[0,254]",24,"[170,1]","[176,2]",,TREE
2037.836122324538,NETWORK_REPLY,"[0,254]",12,"[176,2]","[176,2]",,DIRECT
2037.8361741330084,NETWORK_REPLY,"[0,254]",23,"[174,2]","[176,2]",,MESH
2037.8362508212083,NETWORK_REPLY,"[0,254]",12,"[176,2]","[176,2]",,DIRECT
2047.8334468727373,NETWORK_REQUEST,"[180,2]",10,"[180,254]","[0,254]",,TREE
2047.8334999372805,NETWORK_REQUEST,"[179,1]",2,"[179,254]","[0,254]",,TREE
2047.833533183575,NETWORK_REQUEST,"[180,2]",11,"[176,254]","[0,254]",,TREE
2047.8335812479884,NETWORK_REQUEST,"[179,1]",3,"[176,254]","[0,254]",,TREE
2047.833599184679,NETWORK_REQUEST,"[180,2]",12,"[174,254]","[0,254]",,TREE
2047.833656231444,NETWORK_REQUEST,"[179,1]",12,"[174,254]","[0,254]",,TREE
2047.833675872879,NETWORK_REQUEST,"[180,2]",23,"[170,254]","[0,254]",,TREE
2047.8337329196438,NETWORK_REQUEST,"[179,1]",23,"[170,254]","[0,254]",,TREE
2047.8337477694333,NETWORK_REQUEST,"[180,2]",24,"[160,254]","[0,254]",,TREE
2047.8338048161982,NETWORK_REQUEST,"[179,1]",24,"[160,254]","[0,254]",,TREE
2047.8338261860183,NETWORK_REQUEST,"[180,2]",34,"[157,2]","[0,254]",,TREE
2047.8338832327831,NETWORK_REQUEST,"[179,1]",34,"[157,2]","[0,254]",,TREE
2047.8339142590698,NETWORK_REQUEST,"[180,2]",45,"[157,254]","[0,254]",,TREE
2047.8339713058347,NETWORK_REQUEST,"[179,1]",45,"[157,254]","[0,254]",,TREE
2047.8339900101264,NETWORK_REQUEST,"[180,2]",55,"[154,254]","[0,254]",,TREE
2047.8340470568912,NETWORK_REQUEST,"[179,1]",55,"[154,254]","[0,254]",,TREE
2047.834061002996,NETWORK_REQUEST,"[180,2]",66,"[151,254]","[0,254]",,TREE
2047.8341180497607,NETWORK_REQUEST,"[179,1]",66,"[151,254]","[0,254]",,TREE
2047.8341402435124,NETWORK_REQUEST,"[180,2]",67,"[149,254]","[0,254]",,TREE
2047.8341972902772,NETWORK_REQUEST,"[179,1]",67,"[149,254]","[0,254]",,TREE
2047.8342275773296,NETWORK_REQUEST,"[180,2]",77,"[96,254]","[0,254]",,TREE
2047.8342846240944,NETWORK_REQUEST,"[179,1]",77,"[96,254]","[0,254]",,TREE
2047.8343054713341,NETWORK_REQUEST,"[180,2]",88,"[58,1]","[0,254]",,TREE
2047.834362518099,NETWORK_REQUEST,"[179,1]",88,"[58,1]","[0,254]",,TREE
2047.8343723061491,NETWORK_REQUEST,"[180,2]",89,"[58,254]","[0,254]",,TREE
2047.834429352914,NETWORK_REQUEST,"[179,1]",89,"[58,254]","[0,254]",,TREE
2047.834452707998,NETWORK_REQUEST,"[180,2]",79,"[47,3]","[0,254]",,TREE
2047.8345097547628,NETWORK_REQUEST,"[179,1]",79,"[47,3]","[0,254]",,TREE
2047.8345323146796,NETWORK_REQUEST,"[180,2]",69,"[47,254]","[0,254]",,TREE
2047.83457887195,NETWORK_REQUEST,"[180,2]",59,"[43,2]","[0,254]",,TREE
2047.8345893614444,NETWORK_REQUEST,"[179,1]",69,"[47,254]","[0,254]",,TREE
2047.8346268673554,NETWORK_REQUEST,"[180,2]",49,"[43,254]","[0,254]",,TREE
2047.8346359187149,NETWORK_REQUEST,"[179,1]",59,"[43,2]","[0,254]",,TREE
2047.8346839141202,NETWORK_REQUEST,"[179,1]",49,"[43,254]","[0,254]",,TREE
2047.8347158663548,NETWORK_REQUEST,"[180,2]",39,"[4,2]","[0,254]",,TREE
2047.8347647324365,NETWORK_REQUEST,"[180,2]",29,"[4,254]","[0,254]",,TREE
2047.8347729131197,NETWORK_REQUEST,"[179,1]",39,"[4,2]","[0,254]",,TREE
2047.8348217792013,NETWORK_REQUEST,"[179,1]",29,"[4,254]","[0,254]",,TREE
2047.834830452792,NETWORK_REQUEST,"[180,2]",28,"[0,3]","[0,254]",,TREE
2047.8348874995568,NETWORK_REQUEST,"[179,1]",28,"[0,3]","[0,254]",,TREE
2047.8348939769908,NETWORK_REQUEST,"[180,2]",18,"[0,254]","[0,254]",,DIRECT
2047.8349510237556,NETWORK_REQUEST,"[179,1]",18,"[0,254]","[0,254]",,DIRECT
2047.834980135087,NETWORK_REPLY,"[0,254]",17,"[0,3]","[180,2]",,TREE
2047.835037181852,NETWORK_REPLY,"[0,254]",17,"[0,3]","[179,1]",,TREE
2047.8350662931834,NETWORK_REPLY,"[0,254]",18,"[4,1]","[180,2]",,TREE
2047.8351233399483,NETWORK_REPLY,"[0,254]",18,"[4,1]","[179,1]",,TREE
2047.8351298173823,NETWORK_REPLY,"[0,254]",28,"[4,2]","[180,2]",,TREE
2047.835186864147,NETWORK_REPLY,"[0,254]",28,"[4,2]","[179,1]",,TREE
2047.8351955377377,NETWORK_REPLY,"[0,254]",29,"[43,1]","[180,2]",,TREE
2047.8352444038194,NETWORK_REPLY,"[0,254]",39,"[43,2]","[180,2]",,TREE
2047.8352525845025,NETWORK_REPLY,"[0,254]",29,"[43,1]","[179,1]",,TREE
2047.8353014505842,NETWORK_REPLY,"[0,254]",39,"[43,2]","[179,1]",,TREE
2047.8353334028188,NETWORK_REPLY,"[0,254]",49,"[47,1]","[180,2]",,TREE
2047.8353813982242,NETWORK_REPLY,"[0,254]",59,"[47,3]","[180,2]",,TREE
2047.8353904495837,NETWORK_REPLY,"[0,254]",49,"[47,1]","[179,1]",,TREE
2047.8354279554947,NETWORK_REPLY,"[0,254]",69,"[58,254]","[180,2]",,TREE
2047.835438444989,NETWORK_REPLY,"[0,254]",59,"[47,3]","[179,1]",,TREE
2047.8354850022595,NETWORK_REPLY,"[0,254]",69,"[58,254]","[179,1]",,TREE
2047.8355075621762,NETWORK_REPLY,"[0,254]",79,"[58,1]","[180,2]",,TREE
2047.835564608941,NETWORK_REPLY,"[0,254]",79,"[58,1]","[179,1]",,TREE
2047.835587964025,NETWORK_REPLY,"[0,254]",89,"[96,254]","[180,2]",,TREE
2047.83564501079,NETWORK_REPLY,"[0,254]",89,"[96,254]","[179,1]",,TREE
2047.83565479884,NETWORK_REPLY,"[0,254]",88,"[96,1]","[180,2]",,TREE
2047.835711845605,NETWORK_REPLY,"[0,254]",88,"[96,1]","[179,1]",,TREE
2047.8357326928447,NETWORK_REPLY,"[0,254]",77,"[149,1]","[180,2]",,TREE
2047.8357897396095,NETWORK_REPLY,"[0,254]",77,"[149,1]","[179,1]",,TREE
2047.8358200266618,NETWORK_REPLY,"[0,254]",67,"[151,1]","[180,2]",,TREE
2047.8358770734267,NETWORK_REPLY,"[0,254]",67,"[151,1]","[179,1]",,TREE
2047.8358992671783,NETWORK_REPLY,"[0,254]",66,"[154,3]","[180,2]",,TREE
2047.8359563139431,NETWORK_REPLY,"[0,254]",66,"[154,3]","[179,1]",,TREE
2047.8359702600478,NETWORK_REPLY,"[0,254]",55,"[157,2]","[180,2]",,TREE
2047.8360273068126,NETWORK_REPLY,"[0,254]",55,"[157,2]","[179,1]",,TREE
2047.8360460111044,NETWORK_REPLY,"[0,254]",45,"[160,2]","[180,2]",,TREE
2047.8361030578692,NETWORK_REPLY,"[0,254]",45,"[160,2]","[179,1]",,TREE
2047.836134084156,NETWORK_REPLY,"[0,254]",34,"[160,3]","[180,2]",,TREE
2047.8361911309207,NETWORK_REPLY,"[0,254]",34,"[160,3]","[179,1]",,TREE
2047.8362125007409,NETWORK_REPLY,"[0,254]",24,"[170,1]","[180,2]",,TREE
2047.8362695475057,NETWORK_REPLY,"[0,254]",24,"[170,1]","[179,1]",,TREE
2047.8362843972952,NETWORK_REPLY,"[0,254]",23,"[174,2]","[180,2]",,TREE
2047.83634144406,NETWORK_REPLY,"[0,254]",23,"[174,2]","[179,1]",,TREE
2047.8363610854951,NETWORK_REPLY,"[0,254]",12,"[176,2]","[180,2]",,MESH
2047.83641813226,NETWORK_REPLY,"[0,254]",12,"[176,1]","[179,1]",,MESH
2047.8364270865993,NETWORK_REPLY,"[0,254]",11,"[180,2]","[180,2]",,DIRECT
2047.8364931157155,NETWORK_REPLY,"[0,254]",3,"[179,1]","[179,1]",,DIRECT
2052.8338923139654,NETWORK_REQUEST,"[166,3]",81,"[166,254]","[0,254]",,TREE
2052.8339405827487,NETWORK_REQUEST,"[166,3]",82,"[161,254]","[0,254]",,TREE
2052.8339930875027,NETWORK_REQUEST,"[166,3]",83,"[158,254]","[0,254]",,TREE
2052.8340783307203,NETWORK_REQUEST,"[166,3]",74,"[155,254]","[0,254]",,TREE
2052.8341651672818,NETWORK_REQUEST,"[166,3]",85,"[152,254]","[0,254]",,TREE
2052.8342372748966,NETWORK_REQUEST,"[166,3]",86,"[148,254]","[0,254]",,TREE
2052.8343189033126,NETWORK_REQUEST,"[166,3]",96,"[93,1]","[0,254]",,TREE
2052.8343941892717,NETWORK_REQUEST,"[166,3]",97,"[93,254]","[0,254]",,TREE
2052.8344736504246,NETWORK_REQUEST,"[166,3]",98,"[58,1]","[0,254]",,TREE
2052.8345521261513,NETWORK_REQUEST,"[166,3]",89,"[58,254]","[0,254]",,TREE
2052.834632528,NETWORK_REQUEST,"[166,3]",79,"[47,3]","[0,254]",,TREE
2052.834712134681,NETWORK_REQUEST,"[166,3]",69,"[47,254]","[0,254]",,TREE
2052.8347586919513,NETWORK_REQUEST,"[166,3]",59,"[43,2]","[0,254]",,TREE
2052.8348066873564,NETWORK_REQUEST,"[166,3]",49,"[43,254]","[0,254]",,TREE
2052.8348956863556,NETWORK_REQUEST,"[166,3]",39,"[4,2]","[0,254]",,TREE
2052.834944552437,NETWORK_REQUEST,"[166,3]",29,"[4,254]","[0,254]",,TREE
2052.8350102727923,NETWORK_REQUEST,"[166,3]",28,"[0,3]","[0,254]",,TREE
2052.835073796991,NETWORK_REQUEST,"[166,3]",18,"[0,254]","[0,254]",,DIRECT
2052.835159955087,NETWORK_REPLY,"[0,254]",17,"[0,3]","[166,3]",,TREE
2052.835246113183,NETWORK_REPLY,"[0,254]",18,"[4,1]","[166,3]",,TREE
2052.8353096373817,NETWORK_REPLY,"[0,254]",28,"[4,2]","[166,3]",,TREE
2052.835375357737,NETWORK_REPLY,"[0,254]",29,"[43,1]","[166,3]",,TREE
2052.8354242238183,NETWORK_REPLY,"[0,254]",39,"[43,2]","[166,3]",,TREE
2052.8355132228176,NETWORK_REPLY,"[0,254]",49,"[47,1]","[166,3]",,TREE
2052.8355612182227,NETWORK_REPLY,"[0,254]",59,"[47,3]","[166,3]",,TREE
2052.835607775493,NETWORK_REPLY,"[0,254]",69,"[58,254]","[166,3]",,TREE
2052.835687382174,NETWORK_REPLY,"[0,254]",79,"[58,1]","[166,3]",,TREE
2052.8357677840227,NETWORK_REPLY,"[0,254]",89,"[93,254]","[166,3]",,TREE
2052.8358462597494,NETWORK_REPLY,"[0,254]",98,"[93,1]","[166,3]",,TREE
2052.835925720902,NETWORK_REPLY,"[0,254]",97,"[148,1]","[166,3]",,TREE
2052.8360010068614,NETWORK_REPLY,"[0,254]",96,"[148,2]","[166,3]",,TREE
2052.8360826352773,NETWORK_REPLY,"[0,254]",86,"[152,1]","[166,3]",,TREE
2052.836154742892,NETWORK_REPLY,"[0,254]",85,"[155,2]","[166,3]",,TREE
2052.8362415794536,NETWORK_REPLY,"[0,254]",74,"[158,1]","[166,3]",,TREE
2052.8363268226713,NETWORK_REPLY,"[0,254]",83,"[161,1]","[166,3]",,TREE
2052.836379327425,NETWORK_REPLY,"[0,254]",82,"[166,3]","[166,3]",,DIRECT
2062.833825523693,NETWORK_REQUEST,"[167,1]",61,"[167,254]","[0,254]",,TREE
2062.8339076765724,NETWORK_REQUEST,"[167,1]",62,"[162,254]","[0,254]",,TREE
2062.8339578553655,NETWORK_REQUEST,"[167,1]",73,"[158,254]","[0,254]",,TREE
2062.834036787974,NETWORK_REQUEST,"[167,1]",74,"[155,254]","[0,254]",,TREE
2062.834040828898,NETWORK_REQUEST,"[167,1]",61,"[167,254]","[0,254]",,TREE
2062.8341229817775,NETWORK_REQUEST,"[167,1]",62,"[162,254]","[0,254]",,TREE
2062.8341236245356,NETWORK_REQUEST,"[167,1]",85,"[152,254]","[0,254]",,TREE
2062.8341731605706,NETWORK_REQUEST,"[167,1]",73,"[158,254]","[0,254]",,TREE
2062.8341957321504,NETWORK_REQUEST,"[167,1]",86,"[148,254]","[0,254]",,TREE
2062.834252093179,NETWORK_REQUEST,"[167,1]",74,"[155,254]","[0,254]",,TREE
2062.8342773605664,NETWORK_REQUEST,"[167,1]",96,"[93,1]","[0,254]",,TREE
2062.8343389297406,NETWORK_REQUEST,"[167,1]",85,"[152,254]","[0,254]",,TREE
2062.8343526465255,NETWORK_REQUEST,"[167,1]",97,"[93,254]","[0,254]",,TREE
2062.8344110373555,NETWORK_REQUEST,"[167,1]",86,"[148,254]","[0,254]",,TREE
2062.8344321076784,NETWORK_REQUEST,"[167,1]",98,"[58,1]","[0,254]",,TREE
2062.8344926657714,NETWORK_REQUEST,"[167,1]",96,"[93,1]","[0,254]",,TREE
2062.834510583405,NETWORK_REQUEST,"[167,1]",89,"[58,254]","[0,254]",,TREE
2062.8345679517306,NETWORK_REQUEST,"[167,1]",97,"[93,254]","[0,254]",,TREE
2062.8345909852537,NETWORK_REQUEST,"[167,1]",79,"[47,3]","[0,254]",,TREE
2062.8346474128834,NETWORK_REQUEST,"[167,1]",98,"[58,1]","[0,254]",,TREE
2062.834670591935,NETWORK_REQUEST,"[167,1]",69,"[47,254]","[0,254]",,TREE
2062.834717149205,NETWORK_REQUEST,"[167,1]",59,"[43,2]","[0,254]",,TREE
2062.83472588861,NETWORK_REQUEST,"[167,1]",89,"[58,254]","[0,254]",,TREE
2062.83476514461,NETWORK_REQUEST,"[167,1]",49,"[43,254]","[0,254]",,TREE
2062.834806290459,NETWORK_REQUEST,"[167,1]",79,"[47,3]","[0,254]",,TREE
2062.8348541436094,NETWORK_REQUEST,"[167,1]",39,"[4,2]","[0,254]",,TREE
2062.83488589714,NETWORK_REQUEST,"[167,1]",69,"[47,254]","[0,254]",,TREE
2062.8349030096906,NETWORK_REQUEST,"[167,1]",29,"[4,254]","[0,254]",,TREE
2062.83493245441,NETWORK_REQUEST,"[167,1]",59,"[43,2]","[0,254]",,TREE
2062.834968730046,NETWORK_REQUEST,"[167,1]",28,"[0,3]","[0,254]",,TREE
2062.8349804498152,NETWORK_REQUEST,"[167,1]",49,"[43,254]","[0,254]",,TREE
2062.8350322542447,NETWORK_REQUEST,"[167,1]",18,"[0,254]","[0,254]",,DIRECT
2062.8350694488145,NETWORK_REQUEST,"[167,1]",39,"[4,2]","[0,254]",,TREE
2062.8351183148957,NETWORK_REQUEST,"[167,1]",29,"[4,254]","[0,254]",,TREE
2062.8351184123408,NETWORK_REPLY,"[0,254]",17,"[0,3]","[167,1]",,TREE
2062.835184035251,NETWORK_REQUEST,"[167,1]",28,"[0,3]","[0,254]",,TREE
2062.835204570437,NETWORK_REPLY,"[0,254]",18,"[4,1]","[167,1]",,TREE
2062.8352475594497,NETWORK_REQUEST,"[167,1]",18,"[0,254]","[0,254]",,DIRECT
2062.8352680946355,NETWORK_REPLY,"[0,254]",28,"[4,2]","[167,1]",,TREE
2062.835333717546,NETWORK_REPLY,"[0,254]",17,"[0,3]","[167,1]",,TREE
2062.835333814991,NETWORK_REPLY,"[0,254]",29,"[43,1]","[167,1]",,TREE
2062.835382681072,NETWORK_REPLY,"[0,254]",39,"[43,2]","[167,1]",,TREE
2062.835419875642,NETWORK_REPLY,"[0,254]",18,"[4,1]","[167,1]",,TREE
2062.8354716800714,NETWORK_REPLY,"[0,254]",49,"[47,1]","[167,1]",,TREE
2062.8354833998405,NETWORK_REPLY,"[0,254]",28,"[4,2]","[167,1]",,TREE
2062.8355196754765,NETWORK_REPLY,"[0,254]",59,"[47,3]","[167,1]",,TREE
2062.835549120196,NETWORK_REPLY,"[0,254]",29,"[43,1]","[167,1]",,TREE
2062.8355662327467,NETWORK_REPLY,"[0,254]",69,"[58,254]","[167,1]",,TREE
2062.835597986277,NETWORK_REPLY,"[0,254]",39,"[43,2]","[167,1]",,TREE
2062.835645839428,NETWORK_REPLY,"[0,254]",79,"[58,1]","[167,1]",,TREE
2062.8356869852764,NETWORK_REPLY,"[0,254]",49,"[47,1]","[167,1]",,TREE
2062.8357262412765,NETWORK_REPLY,"[0,254]",89,"[93,254]","[167,1]",,TREE
2062.8357349806815,NETWORK_REPLY,"[0,254]",59,"[47,3]","[167,1]",,TREE
2062.835781537952,NETWORK_REPLY,"[0,254]",69,"[58,254]","[167,1]",,TREE
2062.835804717003,NETWORK_REPLY,"[0,254]",98,"[93,1]","[167,1]",,TREE
2062.835861144633,NETWORK_REPLY,"[0,254]",79,"[58,1]","[167,1]",,TREE
2062.835884178156,NETWORK_REPLY,"[0,254]",97,"[148,1]","[167,1]",,TREE
2062.8359415464815,NETWORK_REPLY,"[0,254]",89,"[93,254]","[167,1]",,TREE
2062.835959464115,NETWORK_REPLY,"[0,254]",96,"[148,2]","[167,1]",,TREE
2062.8360200222082,NETWORK_REPLY,"[0,254]",98,"[93,1]","[167,1]",,TREE
2062.836041092531,NETWORK_REPLY,"[0,254]",86,"[152,1]","[167,1]",,TREE
2062.836099483361,NETWORK_REPLY,"[0,254]",97,"[148,1]","[167,1]",,TREE
2062.836113200146,NETWORK_REPLY,"[0,254]",85,"[155,2]","[167,1]",,TREE
2062.83617476932,NETWORK_REPLY,"[0,254]",96,"[148,2]","[167,1]",,TREE
2062.8362000367074,NETWORK_REPLY,"[0,254]",74,"[158,2]","[167,1]",,TREE
2062.836256397736,NETWORK_REPLY,"[0,254]",86,"[152,1]","[167,1]",,TREE
2062.836278969316,NETWORK_REPLY,"[0,254]",73,"[162,2]","[167,1]",,TREE
2062.836328505351,NETWORK_REPLY,"[0,254]",85,"[155,2]","[167,1]",,TREE
2062.836329148109,NETWORK_REPLY,"[0,254]",62,"[167,1]","[167,1]",,DIRECT
2062.8364153419125,NETWORK_REPLY,"[0,254]",74,"[158,2]","[167,1]",,TREE
2062.836494274521,NETWORK_REPLY,"[0,254]",73,"[162,2]","[167,1]",,TREE
2062.836544453314,NETWORK_REPLY,"[0,254]",62,"[167,1]","[167,1]",,DIRECT
2072.8339661750174,NETWORK_REQUEST,"[184,2]",70,"[184,254]","[0,254]",,TREE
2072.834040828898,NETWORK_REQUEST,"[184,2]",61,"[167,254]","[0,254]",,TREE
2072.8341229817775,NETWORK_REQUEST,"[184,2]",62,"[162,254]","[0,254]",,TREE
2072.8341731605706,NETWORK_REQUEST,"[184,2]",73,"[158,254]","[0,254]",,TREE
2072.834252093179,NETWORK_REQUEST,"[184,2]",74,"[155,254]","[0,254]",,TREE
2072.8343389297406,NETWORK_REQUEST,"[184,2]",85,"[152,254]","[0,254]",,TREE
2072.8344110373555,NETWORK_REQUEST,"[184,2]",86,"[148,254]","[0,254]",,TREE
2072.8344926657714,NETWORK_REQUEST,"[184,2]",96,"[93,1]","[0,254]",,TREE
2072.8345679517306,NETWORK_REQUEST,"[184,2]",97,"[93,254]","[0,254]",,TREE
2072.8346474128834,NETWORK_REQUEST,"[184,2]",98,"[58,1]","[0,254]",,TREE
2072.83472588861,NETWORK_REQUEST,"[184,2]",89,"[58,254]","[0,254]",,TREE
2072.834806290459,NETWORK_REQUEST,"[184,2]",79,"[47,3]","[0,254]",,TREE
2072.83488589714,NETWORK_REQUEST,"[184,2]",69,"[47,254]","[0,254]",,TREE
2072.83493245441,NETWORK_REQUEST,"[184,2]",59,"[43,2]","[0,254]",,TREE
2072.8349804498152,NETWORK_REQUEST,"[184,2]",49,"[43,254]","[0,254]",,TREE
2072.8350694488145,NETWORK_REQUEST,"[184,2]",39,"[4,2]","[0,254]",,TREE
2072.8351183148957,NETWORK_REQUEST,"[184,2]",29,"[4,254]","[0,254]",,TREE
2072.835184035251,NETWORK_REQUEST,"[184,2]",28,"[0,3]","[0,254]",,TREE
2072.8352475594497,NETWORK_REQUEST,"[184,2]",18,"[0,254]","[0,254]",,DIRECT
2072.835333717546,NETWORK_REPLY,"[0,254]",17,"[0,3]","[184,2]",,TREE
2072.835419875642,NETWORK_REPLY,"[0,254]",18,"[4,1]","[184,2]",,TREE
2072.8354833998405,NETWORK_REPLY,"[0,254]",28,"[4,2]","[184,2]",,TREE
2072.835549120196,NETWORK_REPLY,"[0,254]",29,"[43,1]","[184,2]",,TREE
2072.835597986277,NETWORK_REPLY,"[0,254]",39,"[43,2]","[184,2]",,TREE
2072.8356869852764,NETWORK_REPLY,"[0,254]",49,"[47,1]","[184,2]",,TREE
2072.8357349806815,NETWORK_REPLY,"[0,254]",59,"[47,3]","[184,2]",,TREE
2072.835781537952,NETWORK_REPLY,"[0,254]",69,"[58,254]","[184,2]",,TREE
2072.835861144633,NETWORK_REPLY,"[0,254]",79,"[58,1]","[184,2]",,TREE
2072.8359415464815,NETWORK_REPLY,"[0,254]",89,"[93,254]","[184,2]",,TREE
2072.8360200222082,NETWORK_REPLY,"[0,254]",98,"[93,1]","[184,2]",,TREE
2072.836099483361,NETWORK_REPLY,"[0,254]",97,"[148,1]","[184,2]",,TREE
2072.83617476932,NETWORK_REPLY,"[0,254]",96,"[148,2]","[184,2]",,TREE
2072.836256397736,NETWORK_REPLY,"[0,254]",86,"[152,1]","[184,2]",,TREE
2072.836328505351,NETWORK_REPLY,"[0,254]",85,"[155,2]","[184,2]",,TREE
2072.8364153419125,NETWORK_REPLY,"[0,254]",74,"[158,2]","[184,2]",,TREE
2072.836494274521,NETWORK_REPLY,"[0,254]",73,"[162,2]","[184,2]",,TREE
2072.836544453314,NETWORK_REPLY,"[0,254]",62,"[167,1]","[184,2]",,MESH
2072.8366266061935,NETWORK_REPLY,"[0,254]",61,"[184,2]","[184,2]",,DIRECT
2097.8358725268104,NETWORK_REQUEST,"[162,3]",63,"[162,254]","[0,254]",,TREE
2097.8358777057747,NETWORK_REQUEST,"[162,3]",63,"[162,254]","[0,254]",,TREE
2097.8359387511673,NETWORK_REQUEST,"[162,3]",73,"[158,254]","[0,254]",,TREE
2097.8359439301316,NETWORK_REQUEST,"[162,3]",73,"[158,254]","[0,254]",,TREE
2097.836017683776,NETWORK_REQUEST,"[162,3]",74,"[155,254]","[0,254]",,TREE
2097.8360228627403,NETWORK_REQUEST,"[162,3]",74,"[155,254]","[0,254]",,TREE
2097.836043232218,NETWORK_REQUEST,"[173,1]",14,"[173,254]","[0,254]",,TREE
2097.8361045203374,NETWORK_REQUEST,"[162,3]",85,"[152,254]","[0,254]",,TREE
2097.836108704372,NETWORK_REQUEST,"[173,1]",4,"[168,254]","[0,254]",,TREE
2097.8361096993017,NETWORK_REQUEST,"[162,3]",85,"[152,254]","[0,254]",,TREE
2097.8361231215636,NETWORK_REQUEST,"[167,2]",52,"[167,254]","[0,254]",,TREE
2097.8361700787636,NETWORK_REQUEST,"[173,1]",5,"[163,254]","[0,254]",,TREE
2097.8361713738745,NETWORK_REQUEST,"[167,2]",52,"[167,254]","[0,254]",,TREE
2097.836176627952,NETWORK_REQUEST,"[162,3]",86,"[148,254]","[0,254]",,TREE
2097.8361818069166,NETWORK_REQUEST,"[162,3]",86,"[148,254]","[0,254]",,TREE
2097.83621131772,NETWORK_REQUEST,"[167,2]",62,"[162,254]","[0,254]",,TREE
2097.8362239070175,NETWORK_REQUEST,"[173,1]",15,"[156,254]","[0,254]",,TREE
2097.836258256368,NETWORK_REQUEST,"[162,3]",96,"[93,1]","[0,254]",,TREE
2097.836259570031,NETWORK_REQUEST,"[167,2]",62,"[162,254]","[0,254]",,TREE
2097.836261496513,NETWORK_REQUEST,"[167,2]",73,"[158,254]","[0,254]",,TREE
2097.8362634353325,NETWORK_REQUEST,"[162,3]",96,"[93,1]","[0,254]",,TREE
2097.836288915114,NETWORK_REQUEST,"[173,1]",26,"[150,1]","[0,254]",,TREE
2097.836309748824,NETWORK_REQUEST,"[167,2]",73,"[158,254]","[0,254]",,TREE
2097.836311569247,NETWORK_REQUEST,"[167,2]",52,"[167,254]","[0,254]",,TREE
2097.8363335423273,NETWORK_REQUEST,"[162,3]",97,"[93,254]","[0,254]",,TREE
2097.8363387212917,NETWORK_REQUEST,"[162,3]",97,"[93,254]","[0,254]",,TREE
2097.8363404291217,NETWORK_REQUEST,"[167,2]",74,"[155,254]","[0,254]",,TREE
2097.8363784911066,NETWORK_REQUEST,"[173,1]",36,"[150,254]","[0,254]",,TREE
2097.8363886814327,NETWORK_REQUEST,"[167,2]",74,"[155,254]","[0,254]",,TREE
2097.8363997654033,NETWORK_REQUEST,"[167,2]",62,"[162,254]","[0,254]",,TREE
2097.83641300348,NETWORK_REQUEST,"[162,3]",98,"[58,1]","[0,254]",,TREE
2097.8364181824445,NETWORK_REQUEST,"[162,3]",98,"[58,1]","[0,254]",,TREE
2097.836427265683,NETWORK_REQUEST,"[167,2]",85,"[152,254]","[0,254]",,TREE
2097.8364461184033,NETWORK_REQUEST,"[173,1]",37,"[43,3]","[0,254]",,TREE
2097.8364499441964,NETWORK_REQUEST,"[167,2]",73,"[158,254]","[0,254]",,TREE
2097.836475517994,NETWORK_REQUEST,"[167,2]",85,"[152,254]","[0,254]",,TREE
2097.836491479207,NETWORK_REQUEST,"[162,3]",89,"[58,254]","[0,254]",,TREE
2097.836496658171,NETWORK_REQUEST,"[162,3]",89,"[58,254]","[0,254]",,TREE
2097.836499373298,NETWORK_REQUEST,"[167,2]",86,"[148,254]","[0,254]",,TREE
2097.836528876805,NETWORK_REQUEST,"[167,2]",74,"[155,254]","[0,254]",,TREE
2097.836533706017,NETWORK_REQUEST,"[173,1]",48,"[43,254]","[0,254]",,TREE
2097.836547625609,NETWORK_REQUEST,"[167,2]",86,"[148,254]","[0,254]",,TREE
2097.8365718810555,NETWORK_REQUEST,"[162,3]",79,"[47,3]","[0,254]",,TREE
2097.83657706002,NETWORK_REQUEST,"[162,3]",79,"[47,3]","[0,254]",,TREE
2097.836581001714,NETWORK_REQUEST,"[167,2]",96,"[93,1]","[0,254]",,TREE
2097.8366157133664,NETWORK_REQUEST,"[167,2]",85,"[152,254]","[0,254]",,TREE
2097.83662134507,NETWORK_REQUEST,"[173,1]",39,"[4,2]","[0,254]",,TREE
2097.836629254025,NETWORK_REQUEST,"[167,2]",96,"[93,1]","[0,254]",,TREE
2097.8366514877366,NETWORK_REQUEST,"[162,3]",69,"[47,254]","[0,254]",,TREE
2097.836656287673,NETWORK_REQUEST,"[167,2]",97,"[93,254]","[0,254]",,TREE
2097.836656666701,NETWORK_REQUEST,"[162,3]",69,"[47,254]","[0,254]",,TREE
2097.836670211151,NETWORK_REQUEST,"[173,1]",29,"[4,254]","[0,254]",,TREE
2097.8366878209813,NETWORK_REQUEST,"[167,2]",86,"[148,254]","[0,254]",,TREE
2097.836698045007,NETWORK_REQUEST,"[162,3]",59,"[43,2]","[0,254]",,TREE
2097.836703223971,NETWORK_REQUEST,"[162,3]",59,"[43,2]","[0,254]",,TREE
2097.836704539984,NETWORK_REQUEST,"[167,2]",97,"[93,254]","[0,254]",,TREE
2097.836735748826,NETWORK_REQUEST,"[167,2]",98,"[58,1]","[0,254]",,TREE
2097.8367359315066,NETWORK_REQUEST,"[173,1]",28,"[0,3]","[0,254]",,TREE
2097.836746040412,NETWORK_REQUEST,"[162,3]",49,"[43,254]","[0,254]",,TREE
2097.8367512193763,NETWORK_REQUEST,"[162,3]",49,"[43,254]","[0,254]",,TREE
2097.8367694493973,NETWORK_REQUEST,"[167,2]",96,"[93,1]","[0,254]",,TREE
2097.836784001137,NETWORK_REQUEST,"[167,2]",98,"[58,1]","[0,254]",,TREE
2097.836799455705,NETWORK_REQUEST,"[173,1]",18,"[0,254]","[0,254]",,DIRECT
2097.8368142245527,NETWORK_REQUEST,"[167,2]",89,"[58,254]","[0,254]",,TREE
2097.836835039411,NETWORK_REQUEST,"[162,3]",39,"[4,2]","[0,254]",,TREE
2097.8368402183755,NETWORK_REQUEST,"[162,3]",39,"[4,2]","[0,254]",,TREE
2097.8368447353564,NETWORK_REQUEST,"[167,2]",97,"[93,254]","[0,254]",,TREE
2097.8368624768636,NETWORK_REQUEST,"[167,2]",89,"[58,254]","[0,254]",,TREE
2097.8368839054924,NETWORK_REQUEST,"[162,3]",29,"[4,254]","[0,254]",,TREE
2097.8368856138013,NETWORK_REPLY,"[0,254]",17,"[0,3]","[173,1]",,TREE
2097.8368890844567,NETWORK_REQUEST,"[162,3]",29,"[4,254]","[0,254]",,TREE
2097.8368946264013,NETWORK_REQUEST,"[167,2]",79,"[47,3]","[0,254]",,TREE
2097.8369241965092,NETWORK_REQUEST,"[167,2]",98,"[58,1]","[0,254]",,TREE
2097.8369428787123,NETWORK_REQUEST,"[167,2]",79,"[47,3]","[0,254]",,TREE
2097.836949625848,NETWORK_REQUEST,"[162,3]",28,"[0,3]","[0,254]",,TREE
2097.836954804812,NETWORK_REQUEST,"[162,3]",28,"[0,3]","[0,254]",,TREE
2097.8369717718974,NETWORK_REPLY,"[0,254]",18,"[4,1]","[173,1]",,TREE
2097.8369742330824,NETWORK_REQUEST,"[167,2]",69,"[47,254]","[0,254]",,TREE
2097.837002672236,NETWORK_REQUEST,"[167,2]",89,"[58,254]","[0,254]",,TREE
2097.8370131500465,NETWORK_REQUEST,"[162,3]",18,"[0,254]","[0,254]",,DIRECT
2097.837018329011,NETWORK_REQUEST,"[162,3]",18,"[0,254]","[0,254]",,DIRECT
2097.8370207903527,NETWORK_REQUEST,"[167,2]",59,"[43,2]","[0,254]",,TREE
2097.8370224853934,NETWORK_REQUEST,"[167,2]",69,"[47,254]","[0,254]",,TREE
2097.837035296096,NETWORK_REPLY,"[0,254]",28,"[4,2]","[173,1]",,TREE
2097.8370687857578,NETWORK_REQUEST,"[167,2]",49,"[43,254]","[0,254]",,TREE
2097.8370690426636,NETWORK_REQUEST,"[167,2]",59,"[43,2]","[0,254]",,TREE
2097.8370830740846,NETWORK_REQUEST,"[167,2]",79,"[47,3]","[0,254]",,TREE
2097.8370993081426,NETWORK_REPLY,"[0,254]",17,"[0,3]","[162,3]",,TREE
2097.8371010164515,NETWORK_REPLY,"[0,254]",29,"[43,1]","[173,1]",,TREE
2097.837104487107,NETWORK_REPLY,"[0,254]",17,"[0,3]","[162,3]",,TREE
2097.8371170380688,NETWORK_REQUEST,"[167,2]",49,"[43,254]","[0,254]",,TREE
2097.8371498825327,NETWORK_REPLY,"[0,254]",39,"[43,3]","[173,1]",,TREE
2097.837157784757,NETWORK_REQUEST,"[167,2]",39,"[4,2]","[0,254]",,TREE
2097.8371626807657,NETWORK_REQUEST,"[167,2]",69,"[47,254]","[0,254]",,TREE
2097.8371854662387,NETWORK_REPLY,"[0,254]",18,"[4,1]","[162,3]",,TREE
2097.837190645203,NETWORK_REPLY,"[0,254]",18,"[4,1]","[162,3]",,TREE
2097.837206037068,NETWORK_REQUEST,"[167,2]",39,"[4,2]","[0,254]",,TREE
2097.837206650838,NETWORK_REQUEST,"[167,2]",29,"[4,254]","[0,254]",,TREE
2097.837209238036,NETWORK_REQUEST,"[167,2]",59,"[43,2]","[0,254]",,TREE
2097.837237521586,NETWORK_REPLY,"[0,254]",48,"[150,254]","[173,1]",,TREE
2097.8372489904373,NETWORK_REPLY,"[0,254]",28,"[4,2]","[162,3]",,TREE
2097.8372541694016,NETWORK_REPLY,"[0,254]",28,"[4,2]","[162,3]",,TREE
2097.837254903149,NETWORK_REQUEST,"[167,2]",29,"[4,254]","[0,254]",,TREE
2097.837257233441,NETWORK_REQUEST,"[167,2]",49,"[43,254]","[0,254]",,TREE
2097.8372723711936,NETWORK_REQUEST,"[167,2]",28,"[0,3]","[0,254]",,TREE
2097.8373147107927,NETWORK_REPLY,"[0,254]",29,"[43,1]","[162,3]",,TREE
2097.837319889757,NETWORK_REPLY,"[0,254]",29,"[43,1]","[162,3]",,TREE
2097.8373206235046,NETWORK_REQUEST,"[167,2]",28,"[0,3]","[0,254]",,TREE
2097.8373251091994,NETWORK_REPLY,"[0,254]",37,"[150,1]","[173,1]",,TREE
2097.8373358953922,NETWORK_REQUEST,"[167,2]",18,"[0,254]","[0,254]",,DIRECT
2097.8373462324403,NETWORK_REQUEST,"[167,2]",39,"[4,2]","[0,254]",,TREE
2097.837363576874,NETWORK_REPLY,"[0,254]",39,"[43,2]","[162,3]",,TREE
2097.8373687558383,NETWORK_REPLY,"[0,254]",39,"[43,2]","[162,3]",,TREE
2097.8373841477032,NETWORK_REQUEST,"[167,2]",18,"[0,254]","[0,254]",,DIRECT
2097.837392736496,NETWORK_REPLY,"[0,254]",36,"[156,1]","[173,1]",,TREE
2097.8373950985215,NETWORK_REQUEST,"[167,2]",29,"[4,254]","[0,254]",,TREE
2097.8374220534884,NETWORK_REPLY,"[0,254]",17,"[0,3]","[167,2]",,TREE
2097.837452575873,NETWORK_REPLY,"[0,254]",49,"[47,1]","[162,3]",,TREE
2097.8374577548375,NETWORK_REPLY,"[0,254]",49,"[47,1]","[162,3]",,TREE
2097.837460818877,NETWORK_REQUEST,"[167,2]",28,"[0,3]","[0,254]",,TREE
2097.8374703057993,NETWORK_REPLY,"[0,254]",17,"[0,3]","[167,2]",,TREE
2097.8374823124886,NETWORK_REPLY,"[0,254]",26,"[156,2]","[173,1]",,TREE
2097.8375005712783,NETWORK_REPLY,"[0,254]",59,"[47,3]","[162,3]",,TREE
2097.8375057502426,NETWORK_REPLY,"[0,254]",59,"[47,3]","[162,3]",,TREE
2097.8375082115845,NETWORK_REPLY,"[0,254]",18,"[4,1]","[167,2]",,TREE
2097.8375243430755,NETWORK_REQUEST,"[167,2]",18,"[0,254]","[0,254]",,DIRECT
2097.8375471285485,NETWORK_REPLY,"[0,254]",69,"[58,254]","[162,3]",,TREE
2097.837547320585,NETWORK_REPLY,"[0,254]",15,"[163,1]","[173,1]",,TREE
2097.837552307513,NETWORK_REPLY,"[0,254]",69,"[58,254]","[162,3]",,TREE
2097.8375564638955,NETWORK_REPLY,"[0,254]",18,"[4,1]","[167,2]",,TREE
2097.837571735783,NETWORK_REPLY,"[0,254]",28,"[4,2]","[167,2]",,TREE
2097.837601148839,NETWORK_REPLY,"[0,254]",5,"[168,1]","[173,1]",,TREE
2097.8376105011716,NETWORK_REPLY,"[0,254]",17,"[0,3]","[167,2]",,TREE
2097.837619988094,NETWORK_REPLY,"[0,254]",28,"[4,2]","[167,2]",,TREE
2097.8376267352296,NETWORK_REPLY,"[0,254]",79,"[58,1]","[162,3]",,TREE
2097.837631914194,NETWORK_REPLY,"[0,254]",79,"[58,1]","[162,3]",,TREE
2097.8376374561385,NETWORK_REPLY,"[0,254]",29,"[43,1]","[167,2]",,TREE
2097.837662523231,NETWORK_REPLY,"[0,254]",4,"[173,1]","[173,1]",,DIRECT
2097.8376857084495,NETWORK_REPLY,"[0,254]",29,"[43,1]","[167,2]",,TREE
2097.8376863222197,NETWORK_REPLY,"[0,254]",39,"[43,2]","[167,2]",,TREE
2097.8376966592677,NETWORK_REPLY,"[0,254]",18,"[4,1]","[167,2]",,TREE
2097.8377071370783,NETWORK_REPLY,"[0,254]",89,"[93,254]","[162,3]",,TREE
2097.8377123160426,NETWORK_REPLY,"[0,254]",89,"[93,254]","[162,3]",,TREE
2097.8377345745307,NETWORK_REPLY,"[0,254]",39,"[43,2]","[167,2]",,TREE
2097.8377601834663,NETWORK_REPLY,"[0,254]",28,"[4,2]","[167,2]",,TREE
2097.837775321219,NETWORK_REPLY,"[0,254]",49,"[47,1]","[167,2]",,TREE
2097.837785612805,NETWORK_REPLY,"[0,254]",98,"[93,1]","[162,3]",,TREE
2097.8377907917693,NETWORK_REPLY,"[0,254]",98,"[93,1]","[162,3]",,TREE
2097.837823316624,NETWORK_REPLY,"[0,254]",59,"[47,3]","[167,2]",,TREE
2097.83782357353,NETWORK_REPLY,"[0,254]",49,"[47,1]","[167,2]",,TREE
2097.837825903822,NETWORK_REPLY,"[0,254]",29,"[43,1]","[167,2]",,TREE
2097.837865073958,NETWORK_REPLY,"[0,254]",97,"[148,1]","[162,3]",,TREE
2097.8378698738943,NETWORK_REPLY,"[0,254]",69,"[58,254]","[167,2]",,TREE
2097.837870252922,NETWORK_REPLY,"[0,254]",97,"[148,1]","[162,3]",,TREE
2097.837871568935,NETWORK_REPLY,"[0,254]",59,"[47,3]","[167,2]",,TREE
2097.837874769903,NETWORK_REPLY,"[0,254]",39,"[43,2]","[167,2]",,TREE
2097.8379181262053,NETWORK_REPLY,"[0,254]",69,"[58,254]","[167,2]",,TREE
2097.837940359917,NETWORK_REPLY,"[0,254]",96,"[148,2]","[162,3]",,TREE
2097.8379455388813,NETWORK_REPLY,"[0,254]",96,"[148,2]","[162,3]",,TREE
2097.8379494805754,NETWORK_REPLY,"[0,254]",79,"[58,1]","[167,2]",,TREE
2097.8379637689022,NETWORK_REPLY,"[0,254]",49,"[47,1]","[167,2]",,TREE
2097.8379977328864,NETWORK_REPLY,"[0,254]",79,"[58,1]","[167,2]",,TREE
2097.8380117643073,NETWORK_REPLY,"[0,254]",59,"[47,3]","[167,2]",,TREE
2097.838021988333,NETWORK_REPLY,"[0,254]",86,"[152,1]","[162,3]",,TREE
2097.8380271672972,NETWORK_REPLY,"[0,254]",86,"[152,1]","[162,3]",,TREE
2097.838029882424,NETWORK_REPLY,"[0,254]",89,"[93,254]","[167,2]",,TREE
2097.8380583215776,NETWORK_REPLY,"[0,254]",69,"[58,254]","[167,2]",,TREE
2097.838078134735,NETWORK_REPLY,"[0,254]",89,"[93,254]","[167,2]",,TREE
2097.838094095948,NETWORK_REPLY,"[0,254]",85,"[155,2]","[162,3]",,TREE
2097.838099274912,NETWORK_REPLY,"[0,254]",85,"[155,2]","[162,3]",,TREE
2097.8381083581507,NETWORK_REPLY,"[0,254]",98,"[93,1]","[167,2]",,TREE
2097.8381379282587,NETWORK_REPLY,"[0,254]",79,"[58,1]","[167,2]",,TREE
2097.8381566104617,NETWORK_REPLY,"[0,254]",98,"[93,1]","[167,2]",,TREE
2097.838180932509,NETWORK_REPLY,"[0,254]",74,"[158,2]","[162,3]",,TREE
2097.8381861114735,NETWORK_REPLY,"[0,254]",74,"[158,2]","[162,3]",,TREE
2097.8381878193036,NETWORK_REPLY,"[0,254]",97,"[148,1]","[167,2]",,TREE
2097.8382183301073,NETWORK_REPLY,"[0,254]",89,"[93,254]","[167,2]",,TREE
2097.8382360716146,NETWORK_REPLY,"[0,254]",97,"[148,1]","[167,2]",,TREE
2097.838259865118,NETWORK_REPLY,"[0,254]",73,"[162,3]","[162,3]",,DIRECT
2097.8382631052627,NETWORK_REPLY,"[0,254]",96,"[148,2]","[167,2]",,TREE
2097.838265044082,NETWORK_REPLY,"[0,254]",73,"[162,3]","[162,3]",,DIRECT
2097.838296805834,NETWORK_REPLY,"[0,254]",98,"[93,1]","[167,2]",,TREE
2097.8383113575737,NETWORK_REPLY,"[0,254]",96,"[148,2]","[167,2]",,TREE
2097.8383447336787,NETWORK_REPLY,"[0,254]",86,"[152,1]","[167,2]",,TREE
2097.838376266987,NETWORK_REPLY,"[0,254]",97,"[148,1]","[167,2]",,TREE
2097.8383929859897,NETWORK_REPLY,"[0,254]",86,"[152,1]","[167,2]",,TREE
2097.8384168412936,NETWORK_REPLY,"[0,254]",85,"[155,2]","[167,2]",,TREE
2097.838451552946,NETWORK_REPLY,"[0,254]",96,"[148,2]","[167,2]",,TREE
2097.8384650936046,NETWORK_REPLY,"[0,254]",85,"[155,2]","[167,2]",,TREE
2097.838503677855,NETWORK_REPLY,"[0,254]",74,"[158,2]","[167,2]",,TREE
2097.838533181362,NETWORK_REPLY,"[0,254]",86,"[152,1]","[167,2]",,TREE
2097.838551930166,NETWORK_REPLY,"[0,254]",74,"[158,2]","[167,2]",,TREE
2097.8385826104636,NETWORK_REPLY,"[0,254]",73,"[162,2]","[167,2]",,TREE
2097.838605288977,NETWORK_REPLY,"[0,254]",85,"[155,2]","[167,2]",,TREE
2097.8386308627746,NETWORK_REPLY,"[0,254]",73,"[162,2]","[167,2]",,TREE
2097.8386327892567,NETWORK_REPLY,"[0,254]",62,"[167,2]","[167,2]",,DIRECT
2097.8386810415677,NETWORK_REPLY,"[0,254]",62,"[167,2]","[167,2]",,DIRECT
2097.8386921255383,NETWORK_REPLY,"[0,254]",74,"[158,2]","[167,2]",,TREE
2097.838771058147,NETWORK_REPLY,"[0,254]",73,"[162,2]","[167,2]",,TREE
2097.83882123694,NETWORK_REPLY,"[0,254]",62,"[167,2]","[167,2]",,DIRECT
2107.83588197751,NETWORK_REQUEST,"[158,3]",64,"[158,254]","[0,254]",,TREE
2107.835952676909,NETWORK_REQUEST,"[158,3]",74,"[155,254]","[0,254]",,TREE
2107.8360395134705,NETWORK_REQUEST,"[158,3]",85,"[152,254]","[0,254]",,TREE
2107.8360934081543,NETWORK_REQUEST,"[188,2]",42,"[188,254]","[0,254]",,TREE
2107.8361116210854,NETWORK_REQUEST,"[158,3]",86,"[148,254]","[0,254]",,TREE
2107.8361559897567,NETWORK_REQUEST,"[188,2]",42,"[188,254]","[0,254]",,TREE
2107.8361713738745,NETWORK_REQUEST,"[188,2]",52,"[167,254]","[0,254]",,TREE
2107.8361932495013,NETWORK_REQUEST,"[158,3]",96,"[93,1]","[0,254]",,TREE
2107.8361996328954,NETWORK_REQUEST,"[188,2]",42,"[188,254]","[0,254]",,TREE
2107.8362140364966,NETWORK_REQUEST,"[188,2]",42,"[188,254]","[0,254]",,TREE
2107.836233955477,NETWORK_REQUEST,"[188,2]",52,"[167,254]","[0,254]",,TREE
2107.836259570031,NETWORK_REQUEST,"[188,2]",62,"[162,254]","[0,254]",,TREE
2107.8362685354605,NETWORK_REQUEST,"[158,3]",97,"[93,254]","[0,254]",,TREE
2107.8362775986157,NETWORK_REQUEST,"[188,2]",52,"[167,254]","[0,254]",,TREE
2107.836292002217,NETWORK_REQUEST,"[188,2]",52,"[167,254]","[0,254]",,TREE
2107.836309748824,NETWORK_REQUEST,"[188,2]",73,"[158,254]","[0,254]",,TREE
2107.8363103280585,NETWORK_REQUEST,"[188,3]",51,"[188,254]","[0,254]",,TREE
2107.8363221516333,NETWORK_REQUEST,"[188,2]",62,"[162,254]","[0,254]",,TREE
2107.8363479966133,NETWORK_REQUEST,"[158,3]",98,"[58,1]","[0,254]",,TREE
2107.836365794772,NETWORK_REQUEST,"[188,2]",62,"[162,254]","[0,254]",,TREE
2107.8363723304265,NETWORK_REQUEST,"[188,2]",73,"[158,254]","[0,254]",,TREE
2107.8363801983733,NETWORK_REQUEST,"[188,2]",62,"[162,254]","[0,254]",,TREE
2107.8363886814327,NETWORK_REQUEST,"[188,2]",74,"[155,254]","[0,254]",,TREE
2107.836397583375,NETWORK_REQUEST,"[188,3]",52,"[167,254]","[0,254]",,TREE
2107.836415973565,NETWORK_REQUEST,"[188,2]",73,"[158,254]","[0,254]",,TREE
2107.83642647234,NETWORK_REQUEST,"[158,3]",89,"[58,254]","[0,254]",,TREE
2107.8364303771664,NETWORK_REQUEST,"[188,2]",73,"[158,254]","[0,254]",,TREE
2107.836451263035,NETWORK_REQUEST,"[188,2]",74,"[155,254]","[0,254]",,TREE
2107.836475517994,NETWORK_REQUEST,"[188,2]",85,"[152,254]","[0,254]",,TREE
2107.8364857795314,NETWORK_REQUEST,"[188,3]",62,"[162,254]","[0,254]",,TREE
2107.836494906174,NETWORK_REQUEST,"[188,2]",74,"[155,254]","[0,254]",,TREE
2107.8365068741887,NETWORK_REQUEST,"[158,3]",79,"[47,3]","[0,254]",,TREE
2107.836509309775,NETWORK_REQUEST,"[188,2]",74,"[155,254]","[0,254]",,TREE
2107.8365359583245,NETWORK_REQUEST,"[188,3]",73,"[158,254]","[0,254]",,TREE
2107.8365380995965,NETWORK_REQUEST,"[188,2]",85,"[152,254]","[0,254]",,TREE
2107.836547625609,NETWORK_REQUEST,"[188,2]",86,"[148,254]","[0,254]",,TREE
2107.8365817427352,NETWORK_REQUEST,"[188,2]",85,"[152,254]","[0,254]",,TREE
2107.8365864808698,NETWORK_REQUEST,"[158,3]",69,"[47,254]","[0,254]",,TREE
2107.8365961463364,NETWORK_REQUEST,"[188,2]",85,"[152,254]","[0,254]",,TREE
2107.8366102072114,NETWORK_REQUEST,"[188,2]",86,"[148,254]","[0,254]",,TREE
2107.836614890933,NETWORK_REQUEST,"[188,3]",74,"[155,254]","[0,254]",,TREE
2107.836629254025,NETWORK_REQUEST,"[188,2]",96,"[93,1]","[0,254]",,TREE
2107.83663303814,NETWORK_REQUEST,"[158,3]",59,"[43,2]","[0,254]",,TREE
2107.83665385035,NETWORK_REQUEST,"[188,2]",86,"[148,254]","[0,254]",,TREE
2107.8366682539513,NETWORK_REQUEST,"[188,2]",86,"[148,254]","[0,254]",,TREE
2107.836681033545,NETWORK_REQUEST,"[158,3]",49,"[43,254]","[0,254]",,TREE
2107.8366918356273,NETWORK_REQUEST,"[188,2]",96,"[93,1]","[0,254]",,TREE
2107.8367017274945,NETWORK_REQUEST,"[188,3]",85,"[152,254]","[0,254]",,TREE
2107.836704539984,NETWORK_REQUEST,"[188,2]",97,"[93,254]","[0,254]",,TREE
2107.836735478766,NETWORK_REQUEST,"[188,2]",96,"[93,1]","[0,254]",,TREE
2107.8367498823673,NETWORK_REQUEST,"[188,2]",96,"[93,1]","[0,254]",,TREE
2107.8367671215865,NETWORK_REQUEST,"[188,2]",97,"[93,254]","[0,254]",,TREE
2107.8367700325443,NETWORK_REQUEST,"[158,3]",39,"[4,2]","[0,254]",,TREE
2107.8367738351094,NETWORK_REQUEST,"[188,3]",86,"[148,254]","[0,254]",,TREE
2107.836784001137,NETWORK_REQUEST,"[188,2]",98,"[58,1]","[0,254]",,TREE
2107.836810764725,NETWORK_REQUEST,"[188,2]",97,"[93,254]","[0,254]",,TREE
2107.8368188986256,NETWORK_REQUEST,"[158,3]",29,"[4,254]","[0,254]",,TREE
2107.8368251683264,NETWORK_REQUEST,"[188,2]",97,"[93,254]","[0,254]",,TREE
2107.8368465827393,NETWORK_REQUEST,"[188,2]",98,"[58,1]","[0,254]",,TREE
2107.8368554635254,NETWORK_REQUEST,"[188,3]",96,"[93,1]","[0,254]",,TREE
2107.8368624768636,NETWORK_REQUEST,"[188,2]",89,"[58,254]","[0,254]",,TREE
2107.836884618981,NETWORK_REQUEST,"[158,3]",28,"[0,3]","[0,254]",,TREE
2107.836890225878,NETWORK_REQUEST,"[188,2]",98,"[58,1]","[0,254]",,TREE
2107.8369046294792,NETWORK_REQUEST,"[188,2]",98,"[58,1]","[0,254]",,TREE
2107.836925058466,NETWORK_REQUEST,"[188,2]",89,"[58,254]","[0,254]",,TREE
2107.8369307494845,NETWORK_REQUEST,"[188,3]",97,"[93,254]","[0,254]",,TREE
2107.8369428787123,NETWORK_REQUEST,"[188,2]",79,"[47,3]","[0,254]",,TREE
2107.8369481431796,NETWORK_REQUEST,"[158,3]",18,"[0,254]","[0,254]",,DIRECT
2107.8369687016047,NETWORK_REQUEST,"[188,2]",89,"[58,254]","[0,254]",,TREE
2107.836983105206,NETWORK_REQUEST,"[188,2]",89,"[58,254]","[0,254]",,TREE
2107.8370054603147,NETWORK_REQUEST,"[188,2]",79,"[47,3]","[0,254]",,TREE
2107.8370102106373,NETWORK_REQUEST,"[188,3]",98,"[58,1]","[0,254]",,TREE
2107.8370224853934,NETWORK_REQUEST,"[188,2]",69,"[47,254]","[0,254]",,TREE
2107.8370343012757,NETWORK_REPLY,"[0,254]",17,"[0,3]","[158,3]",,TREE
2107.8370491034534,NETWORK_REQUEST,"[188,2]",79,"[47,3]","[0,254]",,TREE
2107.8370635070546,NETWORK_REQUEST,"[188,2]",79,"[47,3]","[0,254]",,TREE
2107.8370690426636,NETWORK_REQUEST,"[188,2]",59,"[43,2]","[0,254]",,TREE
2107.8370850669958,NETWORK_REQUEST,"[188,2]",69,"[47,254]","[0,254]",,TREE
2107.837088686364,NETWORK_REQUEST,"[188,3]",89,"[58,254]","[0,254]",,TREE
2107.8371170380688,NETWORK_REQUEST,"[188,2]",49,"[43,254]","[0,254]",,TREE
2107.837120459372,NETWORK_REPLY,"[0,254]",18,"[4,1]","[158,3]",,TREE
2107.8371287101345,NETWORK_REQUEST,"[188,2]",69,"[47,254]","[0,254]",,TREE
2107.837131624266,NETWORK_REQUEST,"[188,2]",59,"[43,2]","[0,254]",,TREE
2107.8371431137357,NETWORK_REQUEST,"[188,2]",69,"[47,254]","[0,254]",,TREE
2107.8371690882127,NETWORK_REQUEST,"[188,3]",79,"[47,3]","[0,254]",,TREE
2107.8371752674047,NETWORK_REQUEST,"[188,2]",59,"[43,2]","[0,254]",,TREE
2107.837179619671,NETWORK_REQUEST,"[188,2]",49,"[43,254]","[0,254]",,TREE
2107.8371839835704,NETWORK_REPLY,"[0,254]",28,"[4,2]","[158,3]",,TREE
2107.837189671006,NETWORK_REQUEST,"[188,2]",59,"[43,2]","[0,254]",,TREE
2107.837206037068,NETWORK_REQUEST,"[188,2]",39,"[4,2]","[0,254]",,TREE
2107.83722326281,NETWORK_REQUEST,"[188,2]",49,"[43,254]","[0,254]",,TREE
2107.837237666411,NETWORK_REQUEST,"[188,2]",49,"[43,254]","[0,254]",,TREE
2107.837248694894,NETWORK_REQUEST,"[188,3]",69,"[47,254]","[0,254]",,TREE
2107.837249703926,NETWORK_REPLY,"[0,254]",29,"[43,1]","[158,3]",,TREE
2107.837254903149,NETWORK_REQUEST,"[188,2]",29,"[4,254]","[0,254]",,TREE
2107.8372686186704,NETWORK_REQUEST,"[188,2]",39,"[4,2]","[0,254]",,TREE
2107.837295252164,NETWORK_REQUEST,"[188,3]",59,"[43,2]","[0,254]",,TREE
2107.837298570007,NETWORK_REPLY,"[0,254]",39,"[43,2]","[158,3]",,TREE
2107.837312261809,NETWORK_REQUEST,"[188,2]",39,"[4,2]","[0,254]",,TREE
2107.8373174847516,NETWORK_REQUEST,"[188,2]",29,"[4,254]","[0,254]",,TREE
2107.8373206235046,NETWORK_REQUEST,"[188,2]",28,"[0,3]","[0,254]",,TREE
2107.8373266654103,NETWORK_REQUEST,"[188,2]",39,"[4,2]","[0,254]",,TREE
2107.837343247569,NETWORK_REQUEST,"[188,3]",49,"[43,254]","[0,254]",,TREE
2107.8373611278903,NETWORK_REQUEST,"[188,2]",29,"[4,254]","[0,254]",,TREE
2107.8373755314915,NETWORK_REQUEST,"[188,2]",29,"[4,254]","[0,254]",,TREE
2107.837383205107,NETWORK_REQUEST,"[188,2]",28,"[0,3]","[0,254]",,TREE
2107.8373841477032,NETWORK_REQUEST,"[188,2]",18,"[0,254]","[0,254]",,DIRECT
2107.8373875690063,NETWORK_REPLY,"[0,254]",49,"[47,1]","[158,3]",,TREE
2107.8374268482457,NETWORK_REQUEST,"[188,2]",28,"[0,3]","[0,254]",,TREE
2107.8374322465684,NETWORK_REQUEST,"[188,3]",39,"[4,2]","[0,254]",,TREE
2107.8374355644114,NETWORK_REPLY,"[0,254]",59,"[47,3]","[158,3]",,TREE
2107.837441251847,NETWORK_REQUEST,"[188,2]",28,"[0,3]","[0,254]",,TREE
2107.8374467293056,NETWORK_REQUEST,"[188,2]",18,"[0,254]","[0,254]",,DIRECT
2107.8374703057993,NETWORK_REPLY,"[0,254]",17,"[0,3]","[188,2]",,TREE
2107.8374811126496,NETWORK_REQUEST,"[188,3]",29,"[4,254]","[0,254]",,TREE
2107.8374821216817,NETWORK_REPLY,"[0,254]",69,"[58,254]","[158,3]",,TREE
2107.8374903724443,NETWORK_REQUEST,"[188,2]",18,"[0,254]","[0,254]",,DIRECT
2107.8375047760455,NETWORK_REQUEST,"[188,2]",18,"[0,254]","[0,254]",,DIRECT
2107.8375328874017,NETWORK_REPLY,"[0,254]",17,"[0,3]","[188,2]",,TREE
2107.837546833005,NETWORK_REQUEST,"[188,3]",28,"[0,3]","[0,254]",,TREE
2107.8375564638955,NETWORK_REPLY,"[0,254]",18,"[4,1]","[188,2]",,TREE
2107.8375617283627,NETWORK_REPLY,"[0,254]",79,"[58,1]","[158,3]",,TREE
2107.8375765305404,NETWORK_REPLY,"[0,254]",17,"[0,3]","[188,2]",,TREE
2107.8375909341416,NETWORK_REPLY,"[0,254]",17,"[0,3]","[188,2]",,TREE
2107.8376103572036,NETWORK_REQUEST,"[188,3]",18,"[0,254]","[0,254]",,DIRECT
2107.837619045498,NETWORK_REPLY,"[0,254]",18,"[4,1]","[188,2]",,TREE
2107.837619988094,NETWORK_REPLY,"[0,254]",28,"[4,2]","[188,2]",,TREE
2107.8376421302114,NETWORK_REPLY,"[0,254]",89,"[93,254]","[158,3]",,TREE
2107.8376626886366,NETWORK_REPLY,"[0,254]",18,"[4,1]","[188,2]",,TREE
2107.8376770922378,NETWORK_REPLY,"[0,254]",18,"[4,1]","[188,2]",,TREE
2107.8376825696964,NETWORK_REPLY,"[0,254]",28,"[4,2]","[188,2]",,TREE
2107.8376857084495,NETWORK_REPLY,"[0,254]",29,"[43,1]","[188,2]",,TREE
2107.8376965152997,NETWORK_REPLY,"[0,254]",17,"[0,3]","[188,3]",,TREE
2107.837720605938,NETWORK_REPLY,"[0,254]",98,"[93,1]","[158,3]",,TREE
2107.837726212835,NETWORK_REPLY,"[0,254]",28,"[4,2]","[188,2]",,TREE
2107.8377345745307,NETWORK_REPLY,"[0,254]",39,"[43,2]","[188,2]",,TREE
2107.8377406164363,NETWORK_REPLY,"[0,254]",28,"[4,2]","[188,2]",,TREE
2107.837748290052,NETWORK_REPLY,"[0,254]",29,"[43,1]","[188,2]",,TREE
2107.837782673396,NETWORK_REPLY,"[0,254]",18,"[4,1]","[188,3]",,TREE
2107.8377919331906,NETWORK_REPLY,"[0,254]",29,"[43,1]","[188,2]",,TREE
2107.837797156133,NETWORK_REPLY,"[0,254]",39,"[43,2]","[188,2]",,TREE
2107.837800067091,NETWORK_REPLY,"[0,254]",97,"[148,1]","[158,3]",,TREE
2107.837806336792,NETWORK_REPLY,"[0,254]",29,"[43,1]","[188,2]",,TREE
2107.83782357353,NETWORK_REPLY,"[0,254]",49,"[47,1]","[188,2]",,TREE
2107.837840799272,NETWORK_REPLY,"[0,254]",39,"[43,2]","[188,2]",,TREE
2107.8378461975944,NETWORK_REPLY,"[0,254]",28,"[4,2]","[188,3]",,TREE
2107.837855202873,NETWORK_REPLY,"[0,254]",39,"[43,2]","[188,2]",,TREE
2107.837871568935,NETWORK_REPLY,"[0,254]",59,"[47,3]","[188,2]",,TREE
2107.83787535305,NETWORK_REPLY,"[0,254]",96,"[148,2]","[158,3]",,TREE
2107.8378861551323,NETWORK_REPLY,"[0,254]",49,"[47,1]","[188,2]",,TREE
2107.83791191795,NETWORK_REPLY,"[0,254]",29,"[43,1]","[188,3]",,TREE
2107.8379181262053,NETWORK_REPLY,"[0,254]",69,"[58,254]","[188,2]",,TREE
2107.837929798271,NETWORK_REPLY,"[0,254]",49,"[47,1]","[188,2]",,TREE
2107.8379341505374,NETWORK_REPLY,"[0,254]",59,"[47,3]","[188,2]",,TREE
2107.8379442018722,NETWORK_REPLY,"[0,254]",49,"[47,1]","[188,2]",,TREE
2107.837956981466,NETWORK_REPLY,"[0,254]",86,"[152,1]","[158,3]",,TREE
2107.837960784031,NETWORK_REPLY,"[0,254]",39,"[43,2]","[188,3]",,TREE
2107.837977793676,NETWORK_REPLY,"[0,254]",59,"[47,3]","[188,2]",,TREE
2107.8379807078077,NETWORK_REPLY,"[0,254]",69,"[58,254]","[188,2]",,TREE
2107.8379921972773,NETWORK_REPLY,"[0,254]",59,"[47,3]","[188,2]",,TREE
2107.8379977328864,NETWORK_REPLY,"[0,254]",79,"[58,1]","[188,2]",,TREE
2107.8380243509464,NETWORK_REPLY,"[0,254]",69,"[58,254]","[188,2]",,TREE
2107.838029089081,NETWORK_REPLY,"[0,254]",85,"[155,2]","[158,3]",,TREE
2107.8380387545476,NETWORK_REPLY,"[0,254]",69,"[58,254]","[188,2]",,TREE
2107.8380497830303,NETWORK_REPLY,"[0,254]",49,"[47,1]","[188,3]",,TREE
2107.8380603144888,NETWORK_REPLY,"[0,254]",79,"[58,1]","[188,2]",,TREE
2107.838078134735,NETWORK_REPLY,"[0,254]",89,"[93,254]","[188,2]",,TREE
2107.8380977784354,NETWORK_REPLY,"[0,254]",59,"[47,3]","[188,3]",,TREE
2107.8381039576275,NETWORK_REPLY,"[0,254]",79,"[58,1]","[188,2]",,TREE
2107.8381159256423,NETWORK_REPLY,"[0,254]",74,"[158,3]","[158,3]",,DIRECT
2107.8381183612287,NETWORK_REPLY,"[0,254]",79,"[58,1]","[188,2]",,TREE
2107.8381407163374,NETWORK_REPLY,"[0,254]",89,"[93,254]","[188,2]",,TREE
2107.8381443357057,NETWORK_REPLY,"[0,254]",69,"[58,254]","[188,3]",,TREE
2107.8381566104617,NETWORK_REPLY,"[0,254]",98,"[93,1]","[188,2]",,TREE
2107.838184359476,NETWORK_REPLY,"[0,254]",89,"[93,254]","[188,2]",,TREE
2107.8381987630773,NETWORK_REPLY,"[0,254]",89,"[93,254]","[188,2]",,TREE
2107.838219192064,NETWORK_REPLY,"[0,254]",98,"[93,1]","[188,2]",,TREE
2107.838223942387,NETWORK_REPLY,"[0,254]",79,"[58,1]","[188,3]",,TREE
2107.8382360716146,NETWORK_REPLY,"[0,254]",97,"[148,1]","[188,2]",,TREE
2107.838262835203,NETWORK_REPLY,"[0,254]",98,"[93,1]","[188,2]",,TREE
2107.838277238804,NETWORK_REPLY,"[0,254]",98,"[93,1]","[188,2]",,TREE
2107.838298653217,NETWORK_REPLY,"[0,254]",97,"[148,1]","[188,2]",,TREE
2107.8383043442354,NETWORK_REPLY,"[0,254]",89,"[93,254]","[188,3]",,TREE
2107.8383113575737,NETWORK_REPLY,"[0,254]",96,"[148,2]","[188,2]",,TREE
2107.8383422963557,NETWORK_REPLY,"[0,254]",97,"[148,1]","[188,2]",,TREE
2107.838356699957,NETWORK_REPLY,"[0,254]",97,"[148,1]","[188,2]",,TREE
2107.838373939176,NETWORK_REPLY,"[0,254]",96,"[148,2]","[188,2]",,TREE
2107.838382819962,NETWORK_REPLY,"[0,254]",98,"[93,1]","[188,3]",,TREE
2107.8383929859897,NETWORK_REPLY,"[0,254]",86,"[152,1]","[188,2]",,TREE
2107.838417582315,NETWORK_REPLY,"[0,254]",96,"[148,2]","[188,2]",,TREE
2107.838431985916,NETWORK_REPLY,"[0,254]",96,"[148,2]","[188,2]",,TREE
2107.838455567592,NETWORK_REPLY,"[0,254]",86,"[152,1]","[188,2]",,TREE
2107.838462281115,NETWORK_REPLY,"[0,254]",97,"[148,1]","[188,3]",,TREE
2107.8384650936046,NETWORK_REPLY,"[0,254]",85,"[155,2]","[188,2]",,TREE
2107.838499210731,NETWORK_REPLY,"[0,254]",86,"[152,1]","[188,2]",,TREE
2107.838513614332,NETWORK_REPLY,"[0,254]",86,"[152,1]","[188,2]",,TREE
2107.838527675207,NETWORK_REPLY,"[0,254]",85,"[155,2]","[188,2]",,TREE
2107.838537567074,NETWORK_REPLY,"[0,254]",96,"[148,2]","[188,3]",,TREE
2107.838551930166,NETWORK_REPLY,"[0,254]",74,"[158,2]","[188,2]",,TREE
2107.8385713183457,NETWORK_REPLY,"[0,254]",85,"[155,2]","[188,2]",,TREE
2107.838585721947,NETWORK_REPLY,"[0,254]",85,"[155,2]","[188,2]",,TREE
2107.8386145117684,NETWORK_REPLY,"[0,254]",74,"[158,2]","[188,2]",,TREE
2107.83861919549,NETWORK_REPLY,"[0,254]",86,"[152,1]","[188,3]",,TREE
2107.8386308627746,NETWORK_REPLY,"[0,254]",73,"[162,2]","[188,2]",,TREE
2107.838658154907,NETWORK_REPLY,"[0,254]",74,"[158,2]","[188,2]",,TREE
2107.8386725585083,NETWORK_REPLY,"[0,254]",74,"[158,2]","[188,2]",,TREE
2107.8386810415677,NETWORK_REPLY,"[0,254]",62,"[167,2]","[188,2]",,TREE
2107.838691303105,NETWORK_REPLY,"[0,254]",85,"[155,2]","[188,3]",,TREE
2107.838693444377,NETWORK_REPLY,"[0,254]",73,"[162,2]","[188,2]",,TREE
2107.8387370875157,NETWORK_REPLY,"[0,254]",73,"[162,2]","[188,2]",,TREE
2107.83874362317,NETWORK_REPLY,"[0,254]",62,"[167,2]","[188,2]",,TREE
2107.838751491117,NETWORK_REPLY,"[0,254]",73,"[162,2]","[188,2]",,TREE
2107.838769237724,NETWORK_REPLY,"[0,254]",52,"[188,2]","[188,2]",,DIRECT
2107.8387781396664,NETWORK_REPLY,"[0,254]",74,"[158,2]","[188,3]",,TREE
2107.838787266309,NETWORK_REPLY,"[0,254]",62,"[167,2]","[188,2]",,TREE
2107.83880166991,NETWORK_REPLY,"[0,254]",62,"[167,2]","[188,2]",,TREE
2107.8388318193265,NETWORK_REPLY,"[0,254]",52,"[188,2]","[188,2]",,DIRECT
2107.838857072275,NETWORK_REPLY,"[0,254]",73,"[162,2]","[188,3]",,TREE
2107.8388754624652,NETWORK_REPLY,"[0,254]",52,"[188,2]","[188,2]",,DIRECT
2107.8388898660664,NETWORK_REPLY,"[0,254]",52,"[188,2]","[188,2]",,DIRECT
2107.838907251068,NETWORK_REPLY,"[0,254]",62,"[167,2]","[188,3]",,TREE
2107.8389954472245,NETWORK_REPLY,"[0,254]",52,"[188,3]","[188,3]",,DIRECT
2117.8360102543293,NETWORK_REQUEST,"[190,1]",33,"[190,254]","[0,254]",,TREE
2117.8360622486734,NETWORK_REQUEST,"[189,1]",54,"[189,254]","[0,254]",,TREE
2117.8360934081543,NETWORK_REQUEST,"[190,1]",42,"[188,254]","[0,254]",,TREE
2117.836123867384,NETWORK_REQUEST,"[173,2]",13,"[173,254]","[0,254]",,TREE
2117.8361419987973,NETWORK_REQUEST,"[189,1]",64,"[158,254]","[0,254]",,TREE
2117.8361713738745,NETWORK_REQUEST,"[190,1]",52,"[167,254]","[0,254]",,TREE
2117.836210218998,NETWORK_REQUEST,"[173,2]",4,"[168,254]","[0,254]",,TREE
2117.8362126981965,NETWORK_REQUEST,"[189,1]",74,"[155,254]","[0,254]",,TREE
2117.8362224788734,NETWORK_REQUEST,"[173,3]",3,"[173,254]","[0,254]",,TREE
2117.8362246077922,NETWORK_REQUEST,"[190,2]",32,"[190,254]","[0,254]",,TREE
2117.836259570031,NETWORK_REQUEST,"[190,1]",62,"[162,254]","[0,254]",,TREE
2117.83627159339,NETWORK_REQUEST,"[173,2]",5,"[163,254]","[0,254]",,TREE
2117.836284007973,NETWORK_REQUEST,"[190,3]",31,"[190,254]","[0,254]",,TREE
2117.836299534758,NETWORK_REQUEST,"[189,1]",85,"[152,254]","[0,254]",,TREE
2117.836302033509,NETWORK_REQUEST,"[190,2]",42,"[188,254]","[0,254]",,TREE
2117.8363037879435,NETWORK_REQUEST,"[173,3]",4,"[168,254]","[0,254]",,TREE
2117.836309748824,NETWORK_REQUEST,"[190,1]",73,"[158,254]","[0,254]",,TREE
2117.8363118353404,NETWORK_REQUEST,"[190,3]",31,"[190,254]","[0,254]",,TREE
2117.836325421644,NETWORK_REQUEST,"[173,2]",15,"[156,254]","[0,254]",,TREE
2117.8363390949,NETWORK_REQUEST,"[190,3]",42,"[188,254]","[0,254]",,TREE
2117.8363651623354,NETWORK_REQUEST,"[173,3]",5,"[163,254]","[0,254]",,TREE
2117.836366922267,NETWORK_REQUEST,"[190,3]",42,"[188,254]","[0,254]",,TREE
2117.836371642373,NETWORK_REQUEST,"[189,1]",86,"[148,254]","[0,254]",,TREE
2117.8363799992294,NETWORK_REQUEST,"[190,2]",52,"[167,254]","[0,254]",,TREE
2117.8363851002887,NETWORK_REQUEST,"[173,3]",3,"[173,254]","[0,254]",,TREE
2117.8363886814327,NETWORK_REQUEST,"[190,1]",74,"[155,254]","[0,254]",,TREE
2117.8363904297403,NETWORK_REQUEST,"[173,2]",26,"[150,1]","[0,254]",,TREE
2117.83641706062,NETWORK_REQUEST,"[190,3]",52,"[167,254]","[0,254]",,TREE
2117.836418990589,NETWORK_REQUEST,"[173,3]",15,"[156,254]","[0,254]",,TREE
2117.8364448879875,NETWORK_REQUEST,"[190,3]",52,"[167,254]","[0,254]",,TREE
2117.8364532707888,NETWORK_REQUEST,"[189,1]",96,"[93,1]","[0,254]",,TREE
2117.8364664093588,NETWORK_REQUEST,"[173,3]",4,"[168,254]","[0,254]",,TREE
2117.836468195386,NETWORK_REQUEST,"[190,2]",62,"[162,254]","[0,254]",,TREE
2117.836475517994,NETWORK_REQUEST,"[190,1]",85,"[152,254]","[0,254]",,TREE
2117.836480005733,NETWORK_REQUEST,"[173,2]",36,"[150,254]","[0,254]",,TREE
2117.8364839986857,NETWORK_REQUEST,"[173,3]",26,"[150,1]","[0,254]",,TREE
2117.8365052567765,NETWORK_REQUEST,"[190,3]",62,"[162,254]","[0,254]",,TREE
2117.836518374179,NETWORK_REQUEST,"[190,2]",73,"[158,254]","[0,254]",,TREE
2117.8365277837506,NETWORK_REQUEST,"[173,3]",5,"[163,254]","[0,254]",,TREE
2117.836528556748,NETWORK_REQUEST,"[189,1]",97,"[93,254]","[0,254]",,TREE
2117.836533084144,NETWORK_REQUEST,"[190,3]",62,"[162,254]","[0,254]",,TREE
2117.836547625609,NETWORK_REQUEST,"[190,1]",86,"[148,254]","[0,254]",,TREE
2117.8365476330296,NETWORK_REQUEST,"[173,2]",37,"[43,3]","[0,254]",,TREE
2117.8365554355696,NETWORK_REQUEST,"[190,3]",73,"[158,254]","[0,254]",,TREE
2117.8365735746784,NETWORK_REQUEST,"[173,3]",36,"[150,254]","[0,254]",,TREE
2117.8365816120045,NETWORK_REQUEST,"[173,3]",15,"[156,254]","[0,254]",,TREE
2117.836583262937,NETWORK_REQUEST,"[190,3]",73,"[158,254]","[0,254]",,TREE
2117.8365973067876,NETWORK_REQUEST,"[190,2]",74,"[155,254]","[0,254]",,TREE
2117.8366080179007,NETWORK_REQUEST,"[189,1]",98,"[58,1]","[0,254]",,TREE
2117.836629254025,NETWORK_REQUEST,"[190,1]",96,"[93,1]","[0,254]",,TREE
2117.8366343681782,NETWORK_REQUEST,"[190,3]",74,"[155,254]","[0,254]",,TREE
2117.836635220643,NETWORK_REQUEST,"[173,2]",48,"[43,254]","[0,254]",,TREE
2117.836641201975,NETWORK_REQUEST,"[173,3]",37,"[43,3]","[0,254]",,TREE
2117.836646620101,NETWORK_REQUEST,"[173,3]",26,"[150,1]","[0,254]",,TREE
2117.8366621955456,NETWORK_REQUEST,"[190,3]",74,"[155,254]","[0,254]",,TREE
2117.836684143349,NETWORK_REQUEST,"[190,2]",85,"[152,254]","[0,254]",,TREE
2117.8366864936274,NETWORK_REQUEST,"[189,1]",89,"[58,254]","[0,254]",,TREE
2117.836704539984,NETWORK_REQUEST,"[190,1]",97,"[93,254]","[0,254]",,TREE
2117.8367212047397,NETWORK_REQUEST,"[190,3]",85,"[152,254]","[0,254]",,TREE
2117.8367228596962,NETWORK_REQUEST,"[173,2]",39,"[4,2]","[0,254]",,TREE
2117.8367287895885,NETWORK_REQUEST,"[173,3]",48,"[43,254]","[0,254]",,TREE
2117.8367361960936,NETWORK_REQUEST,"[173,3]",36,"[150,254]","[0,254]",,TREE
2117.836749032107,NETWORK_REQUEST,"[190,3]",85,"[152,254]","[0,254]",,TREE
2117.836756250964,NETWORK_REQUEST,"[190,2]",86,"[148,254]","[0,254]",,TREE
2117.836766895476,NETWORK_REQUEST,"[189,1]",79,"[47,3]","[0,254]",,TREE
2117.8367717257775,NETWORK_REQUEST,"[173,2]",29,"[4,254]","[0,254]",,TREE
2117.836784001137,NETWORK_REQUEST,"[190,1]",98,"[58,1]","[0,254]",,TREE
2117.8367933123545,NETWORK_REQUEST,"[190,3]",86,"[148,254]","[0,254]",,TREE
2117.8368038233903,NETWORK_REQUEST,"[173,3]",37,"[43,3]","[0,254]",,TREE
2117.8368164286417,NETWORK_REQUEST,"[173,3]",39,"[4,2]","[0,254]",,TREE
2117.836821139722,NETWORK_REQUEST,"[190,3]",86,"[148,254]","[0,254]",,TREE
2117.836837446133,NETWORK_REQUEST,"[173,2]",28,"[0,3]","[0,254]",,TREE
2117.83683787938,NETWORK_REQUEST,"[190,2]",96,"[93,1]","[0,254]",,TREE
2117.836846502157,NETWORK_REQUEST,"[189,1]",69,"[47,254]","[0,254]",,TREE
2117.8368624768636,NETWORK_REQUEST,"[190,1]",89,"[58,254]","[0,254]",,TREE
2117.836865294723,NETWORK_REQUEST,"[173,3]",29,"[4,254]","[0,254]",,TREE
2117.8368749407705,NETWORK_REQUEST,"[190,3]",96,"[93,1]","[0,254]",,TREE
2117.8368914110038,NETWORK_REQUEST,"[173,3]",48,"[43,254]","[0,254]",,TREE
2117.8368930594274,NETWORK_REQUEST,"[189,1]",59,"[43,2]","[0,254]",,TREE
2117.8369009703315,NETWORK_REQUEST,"[173,2]",18,"[0,254]","[0,254]",,DIRECT
2117.836902768138,NETWORK_REQUEST,"[190,3]",96,"[93,1]","[0,254]",,TREE
2117.836913165339,NETWORK_REQUEST,"[190,2]",97,"[93,254]","[0,254]",,TREE
2117.8369310150783,NETWORK_REQUEST,"[173,3]",28,"[0,3]","[0,254]",,TREE
2117.8369410548326,NETWORK_REQUEST,"[189,1]",49,"[43,254]","[0,254]",,TREE
2117.8369428787123,NETWORK_REQUEST,"[190,1]",79,"[47,3]","[0,254]",,TREE
2117.8369502267296,NETWORK_REQUEST,"[190,3]",97,"[93,254]","[0,254]",,TREE
2117.836978054097,NETWORK_REQUEST,"[190,3]",97,"[93,254]","[0,254]",,TREE
2117.836979050057,NETWORK_REQUEST,"[173,3]",39,"[4,2]","[0,254]",,TREE
2117.8369871284276,NETWORK_REPLY,"[0,254]",17,"[0,3]","[173,2]",,TREE
2117.836992626492,NETWORK_REQUEST,"[190,2]",98,"[58,1]","[0,254]",,TREE
2117.836994539277,NETWORK_REQUEST,"[173,3]",18,"[0,254]","[0,254]",,DIRECT
2117.8370224853934,NETWORK_REQUEST,"[190,1]",69,"[47,254]","[0,254]",,TREE
2117.837027916138,NETWORK_REQUEST,"[173,3]",29,"[4,254]","[0,254]",,TREE
2117.8370296878825,NETWORK_REQUEST,"[190,3]",98,"[58,1]","[0,254]",,TREE
2117.8370300538318,NETWORK_REQUEST,"[189,1]",39,"[4,2]","[0,254]",,TREE
2117.83705751525,NETWORK_REQUEST,"[190,3]",98,"[58,1]","[0,254]",,TREE
2117.8370690426636,NETWORK_REQUEST,"[190,1]",59,"[43,2]","[0,254]",,TREE
2117.8370711022185,NETWORK_REQUEST,"[190,2]",89,"[58,254]","[0,254]",,TREE
2117.8370732865237,NETWORK_REPLY,"[0,254]",18,"[4,1]","[173,2]",,TREE
2117.837078919913,NETWORK_REQUEST,"[189,1]",29,"[4,254]","[0,254]",,TREE
2117.837080697373,NETWORK_REPLY,"[0,254]",17,"[0,3]","[173,3]",,TREE
2117.8370936364936,NETWORK_REQUEST,"[173,3]",28,"[0,3]","[0,254]",,TREE
2117.837108163609,NETWORK_REQUEST,"[190,3]",89,"[58,254]","[0,254]",,TREE
2117.8371170380688,NETWORK_REQUEST,"[190,1]",49,"[43,254]","[0,254]",,TREE
2117.8371359909765,NETWORK_REQUEST,"[190,3]",89,"[58,254]","[0,254]",,TREE
2117.8371368107223,NETWORK_REPLY,"[0,254]",28,"[4,2]","[173,2]",,TREE
2117.8371446402684,NETWORK_REQUEST,"[189,1]",28,"[0,3]","[0,254]",,TREE
2117.837151504067,NETWORK_REQUEST,"[190,2]",79,"[47,3]","[0,254]",,TREE
2117.837157160692,NETWORK_REQUEST,"[173,3]",18,"[0,254]","[0,254]",,DIRECT
2117.837166855469,NETWORK_REPLY,"[0,254]",18,"[4,1]","[173,3]",,TREE
2117.837188565458,NETWORK_REQUEST,"[190,3]",79,"[47,3]","[0,254]",,TREE
2117.8372025310778,NETWORK_REPLY,"[0,254]",29,"[43,1]","[173,2]",,TREE
2117.837206037068,NETWORK_REQUEST,"[190,1]",39,"[4,2]","[0,254]",,TREE
2117.837208164467,NETWORK_REQUEST,"[189,1]",18,"[0,254]","[0,254]",,DIRECT
2117.837216392825,NETWORK_REQUEST,"[190,3]",79,"[47,3]","[0,254]",,TREE
2117.8372303796677,NETWORK_REPLY,"[0,254]",28,"[4,2]","[173,3]",,TREE
2117.8372311107482,NETWORK_REQUEST,"[190,2]",69,"[47,254]","[0,254]",,TREE
2117.8372433187883,NETWORK_REPLY,"[0,254]",17,"[0,3]","[173,3]",,TREE
2117.837251397159,NETWORK_REPLY,"[0,254]",39,"[43,3]","[173,2]",,TREE
2117.837254903149,NETWORK_REQUEST,"[190,1]",29,"[4,254]","[0,254]",,TREE
2117.837268172139,NETWORK_REQUEST,"[190,3]",69,"[47,254]","[0,254]",,TREE
2117.8372776680185,NETWORK_REQUEST,"[190,2]",59,"[43,2]","[0,254]",,TREE
2117.837294322563,NETWORK_REPLY,"[0,254]",17,"[0,3]","[189,1]",,TREE
2117.8372959995063,NETWORK_REQUEST,"[190,3]",69,"[47,254]","[0,254]",,TREE
2117.837296100023,NETWORK_REPLY,"[0,254]",29,"[43,1]","[173,3]",,TREE
2117.837314729409,NETWORK_REQUEST,"[190,3]",59,"[43,2]","[0,254]",,TREE
2117.8373206235046,NETWORK_REQUEST,"[190,1]",28,"[0,3]","[0,254]",,TREE
2117.8373256634236,NETWORK_REQUEST,"[190,2]",49,"[43,254]","[0,254]",,TREE
2117.8373294768844,NETWORK_REPLY,"[0,254]",18,"[4,1]","[173,3]",,TREE
2117.837339036212,NETWORK_REPLY,"[0,254]",48,"[150,254]","[173,2]",,TREE
2117.8373425567765,NETWORK_REQUEST,"[190,3]",59,"[43,2]","[0,254]",,TREE
2117.8373449661044,NETWORK_REPLY,"[0,254]",39,"[43,3]","[173,3]",,TREE
2117.8373627248143,NETWORK_REQUEST,"[190,3]",49,"[43,254]","[0,254]",,TREE
2117.8373804806592,NETWORK_REPLY,"[0,254]",18,"[4,1]","[189,1]",,TREE
2117.8373841477032,NETWORK_REQUEST,"[190,1]",18,"[0,254]","[0,254]",,DIRECT
2117.8373905521817,NETWORK_REQUEST,"[190,3]",49,"[43,254]","[0,254]",,TREE
2117.837393001083,NETWORK_REPLY,"[0,254]",28,"[4,2]","[173,3]",,TREE
2117.837414662423,NETWORK_REQUEST,"[190,2]",39,"[4,2]","[0,254]",,TREE
2117.8374266238256,NETWORK_REPLY,"[0,254]",37,"[150,1]","[173,2]",,TREE
2117.8374326051576,NETWORK_REPLY,"[0,254]",48,"[150,254]","[173,3]",,TREE
2117.837444004858,NETWORK_REPLY,"[0,254]",28,"[4,2]","[189,1]",,TREE
2117.8374517238135,NETWORK_REQUEST,"[190,3]",39,"[4,2]","[0,254]",,TREE
2117.8374587214385,NETWORK_REPLY,"[0,254]",29,"[43,1]","[173,3]",,TREE
2117.837463528504,NETWORK_REQUEST,"[190,2]",29,"[4,254]","[0,254]",,TREE
2117.8374703057993,NETWORK_REPLY,"[0,254]",17,"[0,3]","[190,1]",,TREE
2117.837479551181,NETWORK_REQUEST,"[190,3]",39,"[4,2]","[0,254]",,TREE
2117.8374942511223,NETWORK_REPLY,"[0,254]",36,"[156,1]","[173,2]",,TREE
2117.8375005898947,NETWORK_REQUEST,"[190,3]",29,"[4,254]","[0,254]",,TREE
2117.8375075875197,NETWORK_REPLY,"[0,254]",39,"[43,3]","[173,3]",,TREE
2117.8375097252133,NETWORK_REPLY,"[0,254]",29,"[43,1]","[189,1]",,TREE
2117.837520192771,NETWORK_REPLY,"[0,254]",37,"[150,1]","[173,3]",,TREE
2117.837528417262,NETWORK_REQUEST,"[190,3]",29,"[4,254]","[0,254]",,TREE
2117.8375292488595,NETWORK_REQUEST,"[190,2]",28,"[0,3]","[0,254]",,TREE
2117.8375564638955,NETWORK_REPLY,"[0,254]",18,"[4,1]","[190,1]",,TREE
2117.8375585912945,NETWORK_REPLY,"[0,254]",39,"[43,2]","[189,1]",,TREE
2117.83756631025,NETWORK_REQUEST,"[190,3]",28,"[0,3]","[0,254]",,TREE
2117.837583827115,NETWORK_REPLY,"[0,254]",26,"[156,2]","[173,2]",,TREE
2117.8375878200677,NETWORK_REPLY,"[0,254]",36,"[156,1]","[173,3]",,TREE
2117.837592773058,NETWORK_REQUEST,"[190,2]",18,"[0,254]","[0,254]",,DIRECT
2117.8375941376175,NETWORK_REQUEST,"[190,3]",28,"[0,3]","[0,254]",,TREE
2117.837595226573,NETWORK_REPLY,"[0,254]",48,"[150,254]","[173,3]",,TREE
2117.837619988094,NETWORK_REPLY,"[0,254]",28,"[4,2]","[190,1]",,TREE
2117.8376298344488,NETWORK_REQUEST,"[190,3]",18,"[0,254]","[0,254]",,DIRECT
2117.8376475902937,NETWORK_REPLY,"[0,254]",49,"[47,1]","[189,1]",,TREE
2117.8376488352114,NETWORK_REPLY,"[0,254]",15,"[163,1]","[173,2]",,TREE
2117.837657661816,NETWORK_REQUEST,"[190,3]",18,"[0,254]","[0,254]",,DIRECT
2117.8376773960604,NETWORK_REPLY,"[0,254]",26,"[156,2]","[173,3]",,TREE
2117.837678931154,NETWORK_REPLY,"[0,254]",17,"[0,3]","[190,2]",,TREE
2117.8376828141863,NETWORK_REPLY,"[0,254]",37,"[150,1]","[173,3]",,TREE
2117.8376857084495,NETWORK_REPLY,"[0,254]",29,"[43,1]","[190,1]",,TREE
2117.837695585699,NETWORK_REPLY,"[0,254]",59,"[47,3]","[189,1]",,TREE
2117.8377026634653,NETWORK_REPLY,"[0,254]",5,"[168,1]","[173,2]",,TREE
2117.837715992545,NETWORK_REPLY,"[0,254]",17,"[0,3]","[190,3]",,TREE
2117.8377345745307,NETWORK_REPLY,"[0,254]",39,"[43,2]","[190,1]",,TREE
2117.837742142969,NETWORK_REPLY,"[0,254]",69,"[58,254]","[189,1]",,TREE
2117.837742404157,NETWORK_REPLY,"[0,254]",15,"[163,1]","[173,3]",,TREE
2117.8377438199122,NETWORK_REPLY,"[0,254]",17,"[0,3]","[190,3]",,TREE
2117.837750441483,NETWORK_REPLY,"[0,254]",36,"[156,1]","[173,3]",,TREE
2117.837764037857,NETWORK_REPLY,"[0,254]",4,"[173,2]","[173,2]",,DIRECT
2117.8377650892503,NETWORK_REPLY,"[0,254]",18,"[4,1]","[190,2]",,TREE
2117.8377962324107,NETWORK_REPLY,"[0,254]",5,"[168,1]","[173,3]",,TREE
2117.837802150641,NETWORK_REPLY,"[0,254]",18,"[4,1]","[190,3]",,TREE
2117.83782174965,NETWORK_REPLY,"[0,254]",79,"[58,1]","[189,1]",,TREE
2117.83782357353,NETWORK_REPLY,"[0,254]",49,"[47,1]","[190,1]",,TREE
2117.837828613449,NETWORK_REPLY,"[0,254]",28,"[4,2]","[190,2]",,TREE
2117.8378299780084,NETWORK_REPLY,"[0,254]",18,"[4,1]","[190,3]",,TREE
2117.8378400174756,NETWORK_REPLY,"[0,254]",26,"[156,2]","[173,3]",,TREE
2117.8378576068026,NETWORK_REPLY,"[0,254]",4,"[173,3]","[173,3]",,DIRECT
2117.8378656748396,NETWORK_REPLY,"[0,254]",28,"[4,2]","[190,3]",,TREE
2117.837871568935,NETWORK_REPLY,"[0,254]",59,"[47,3]","[190,1]",,TREE
2117.837893502207,NETWORK_REPLY,"[0,254]",28,"[4,2]","[190,3]",,TREE
2117.8378943338043,NETWORK_REPLY,"[0,254]",29,"[43,1]","[190,2]",,TREE
2117.837902151499,NETWORK_REPLY,"[0,254]",89,"[93,254]","[189,1]",,TREE
2117.837905025572,NETWORK_REPLY,"[0,254]",15,"[163,1]","[173,3]",,TREE
2117.8379181262053,NETWORK_REPLY,"[0,254]",69,"[58,254]","[190,1]",,TREE
2117.837931395195,NETWORK_REPLY,"[0,254]",29,"[43,1]","[190,3]",,TREE
2117.8379431998856,NETWORK_REPLY,"[0,254]",39,"[43,2]","[190,2]",,TREE
2117.837958853826,NETWORK_REPLY,"[0,254]",5,"[168,1]","[173,3]",,TREE
2117.8379592225624,NETWORK_REPLY,"[0,254]",29,"[43,1]","[190,3]",,TREE
2117.8379802612762,NETWORK_REPLY,"[0,254]",39,"[43,2]","[190,3]",,TREE
2117.8379806272255,NETWORK_REPLY,"[0,254]",98,"[93,1]","[189,1]",,TREE
2117.8379977328864,NETWORK_REPLY,"[0,254]",79,"[58,1]","[190,1]",,TREE
2117.8380080886436,NETWORK_REPLY,"[0,254]",39,"[43,2]","[190,3]",,TREE
2117.838020228218,NETWORK_REPLY,"[0,254]",4,"[173,3]","[173,3]",,DIRECT
2117.838032198885,NETWORK_REPLY,"[0,254]",49,"[47,1]","[190,2]",,TREE
2117.8380600883784,NETWORK_REPLY,"[0,254]",97,"[148,1]","[189,1]",,TREE
2117.8380692602755,NETWORK_REPLY,"[0,254]",49,"[47,1]","[190,3]",,TREE
2117.838078134735,NETWORK_REPLY,"[0,254]",89,"[93,254]","[190,1]",,TREE
2117.83808019429,NETWORK_REPLY,"[0,254]",59,"[47,3]","[190,2]",,TREE
2117.838097087643,NETWORK_REPLY,"[0,254]",49,"[47,1]","[190,3]",,TREE
2117.8381172556806,NETWORK_REPLY,"[0,254]",59,"[47,3]","[190,3]",,TREE
2117.83812675156,NETWORK_REPLY,"[0,254]",69,"[58,254]","[190,2]",,TREE
2117.8381353743375,NETWORK_REPLY,"[0,254]",96,"[148,2]","[189,1]",,TREE
2117.838145083048,NETWORK_REPLY,"[0,254]",59,"[47,3]","[190,3]",,TREE
2117.8381566104617,NETWORK_REPLY,"[0,254]",98,"[93,1]","[190,1]",,TREE
2117.838163812951,NETWORK_REPLY,"[0,254]",69,"[58,254]","[190,3]",,TREE
2117.838191640318,NETWORK_REPLY,"[0,254]",69,"[58,254]","[190,3]",,TREE
2117.838206358241,NETWORK_REPLY,"[0,254]",79,"[58,1]","[190,2]",,TREE
2117.8382170027535,NETWORK_REPLY,"[0,254]",86,"[152,1]","[189,1]",,TREE
2117.8382360716146,NETWORK_REPLY,"[0,254]",97,"[148,1]","[190,1]",,TREE
2117.838243419632,NETWORK_REPLY,"[0,254]",79,"[58,1]","[190,3]",,TREE
2117.8382712469993,NETWORK_REPLY,"[0,254]",79,"[58,1]","[190,3]",,TREE
2117.83828676009,NETWORK_REPLY,"[0,254]",89,"[93,254]","[190,2]",,TREE
2117.8382891103684,NETWORK_REPLY,"[0,254]",85,"[155,2]","[189,1]",,TREE
2117.8383113575737,NETWORK_REPLY,"[0,254]",96,"[148,2]","[190,1]",,TREE
2117.8383238214806,NETWORK_REPLY,"[0,254]",89,"[93,254]","[190,3]",,TREE
2117.838351648848,NETWORK_REPLY,"[0,254]",89,"[93,254]","[190,3]",,TREE
2117.8383652358166,NETWORK_REPLY,"[0,254]",98,"[93,1]","[190,2]",,TREE
2117.83837594693,NETWORK_REPLY,"[0,254]",74,"[158,3]","[189,1]",,TREE
2117.8383929859897,NETWORK_REPLY,"[0,254]",86,"[152,1]","[190,1]",,TREE
2117.8384022972073,NETWORK_REPLY,"[0,254]",98,"[93,1]","[190,3]",,TREE
2117.8384301245746,NETWORK_REPLY,"[0,254]",98,"[93,1]","[190,3]",,TREE
2117.8384446969694,NETWORK_REPLY,"[0,254]",97,"[148,1]","[190,2]",,TREE
2117.838446646329,NETWORK_REPLY,"[0,254]",64,"[189,1]","[189,1]",,DIRECT
2117.8384650936046,NETWORK_REPLY,"[0,254]",85,"[155,2]","[190,1]",,TREE
2117.83848175836,NETWORK_REPLY,"[0,254]",97,"[148,1]","[190,3]",,TREE
2117.8385095857275,NETWORK_REPLY,"[0,254]",97,"[148,1]","[190,3]",,TREE
2117.8385199829286,NETWORK_REPLY,"[0,254]",96,"[148,2]","[190,2]",,TREE
2117.838551930166,NETWORK_REPLY,"[0,254]",74,"[158,2]","[190,1]",,TREE
2117.8385570443193,NETWORK_REPLY,"[0,254]",96,"[148,2]","[190,3]",,TREE
2117.8385848716866,NETWORK_REPLY,"[0,254]",96,"[148,2]","[190,3]",,TREE
2117.8386016113445,NETWORK_REPLY,"[0,254]",86,"[152,1]","[190,2]",,TREE
2117.8386308627746,NETWORK_REPLY,"[0,254]",73,"[162,2]","[190,1]",,TREE
2117.838638672735,NETWORK_REPLY,"[0,254]",86,"[152,1]","[190,3]",,TREE
2117.8386665001026,NETWORK_REPLY,"[0,254]",86,"[152,1]","[190,3]",,TREE
2117.8386737189594,NETWORK_REPLY,"[0,254]",85,"[155,2]","[190,2]",,TREE
2117.8386810415677,NETWORK_REPLY,"[0,254]",62,"[167,2]","[190,1]",,TREE
2117.83871078035,NETWORK_REPLY,"[0,254]",85,"[155,2]","[190,3]",,TREE
2117.8387386077175,NETWORK_REPLY,"[0,254]",85,"[155,2]","[190,3]",,TREE
2117.838760555521,NETWORK_REPLY,"[0,254]",74,"[158,2]","[190,2]",,TREE
2117.838769237724,NETWORK_REPLY,"[0,254]",52,"[188,2]","[190,1]",,TREE
2117.8387976169115,NETWORK_REPLY,"[0,254]",74,"[158,2]","[190,3]",,TREE
2117.838825444279,NETWORK_REPLY,"[0,254]",74,"[158,2]","[190,3]",,TREE
2117.8388394881295,NETWORK_REPLY,"[0,254]",73,"[162,2]","[190,2]",,TREE
2117.8388472034444,NETWORK_REPLY,"[0,254]",42,"[190,1]","[190,1]",,DIRECT
2117.83887654952,NETWORK_REPLY,"[0,254]",73,"[162,2]","[190,3]",,TREE
2117.8388896669226,NETWORK_REPLY,"[0,254]",62,"[167,2]","[190,2]",,TREE
2117.8389043768875,NETWORK_REPLY,"[0,254]",73,"[162,2]","[190,3]",,TREE
2117.8389267283133,NETWORK_REPLY,"[0,254]",62,"[167,2]","[190,3]",,TREE
2117.8389545556806,NETWORK_REPLY,"[0,254]",62,"[167,2]","[190,3]",,TREE
2117.838977863079,NETWORK_REPLY,"[0,254]",52,"[188,2]","[190,2]",,TREE
2117.8390149244697,NETWORK_REPLY,"[0,254]",52,"[188,2]","[190,3]",,TREE
2117.839042751837,NETWORK_REPLY,"[0,254]",52,"[188,2]","[190,3]",,TREE
2117.8390558287992,NETWORK_REPLY,"[0,254]",42,"[190,2]","[190,2]",,DIRECT
2117.83909289019,NETWORK_REPLY,"[0,254]",42,"[190,3]","[190,3]",,DIRECT
2117.8391207175573,NETWORK_REPLY,"[0,254]",42,"[190,3]","[190,3]",,DIRECT
2127.8358735383895,NETWORK_REQUEST,"[194,1]",44,"[194,254]","[0,254]",,TREE
2127.835964249744,NETWORK_REQUEST,"[194,1]",54,"[189,254]","[0,254]",,TREE
2127.836043999868,NETWORK_REQUEST,"[194,1]",64,"[158,254]","[0,254]",,TREE
2127.836114699267,NETWORK_REQUEST,"[194,1]",74,"[155,254]","[0,254]",,TREE
2127.8362015358284,NETWORK_REQUEST,"[194,1]",85,"[152,254]","[0,254]",,TREE
2127.8362736434433,NETWORK_REQUEST,"[194,1]",86,"[148,254]","[0,254]",,TREE
2127.8362794976265,NETWORK_REQUEST,"[193,1]",12,"[193,254]","[0,254]",,TREE
2127.836354481082,NETWORK_REQUEST,"[193,1]",3,"[173,254]","[0,254]",,TREE
2127.8363552718592,NETWORK_REQUEST,"[194,1]",96,"[93,1]","[0,254]",,TREE
2127.8363892342772,NETWORK_REQUEST,"[193,2]",2,"[193,254]","[0,254]",,TREE
2127.8364305578184,NETWORK_REQUEST,"[194,1]",97,"[93,254]","[0,254]",,TREE
2127.836435790152,NETWORK_REQUEST,"[193,1]",4,"[168,254]","[0,254]",,TREE
2127.836470544985,NETWORK_REQUEST,"[193,2]",3,"[173,254]","[0,254]",,TREE
2127.8364971645437,NETWORK_REQUEST,"[193,1]",5,"[163,254]","[0,254]",,TREE
2127.8365100189712,NETWORK_REQUEST,"[194,1]",98,"[58,1]","[0,254]",,TREE
2127.836551854055,NETWORK_REQUEST,"[193,2]",4,"[168,254]","[0,254]",,TREE
2127.836588494698,NETWORK_REQUEST,"[194,1]",89,"[58,254]","[0,254]",,TREE
2127.836613228447,NETWORK_REQUEST,"[193,2]",5,"[163,254]","[0,254]",,TREE
2127.8366688965466,NETWORK_REQUEST,"[194,1]",79,"[47,3]","[0,254]",,TREE
2127.8367485032277,NETWORK_REQUEST,"[194,1]",69,"[47,254]","[0,254]",,TREE
2127.836795060498,NETWORK_REQUEST,"[194,1]",59,"[43,2]","[0,254]",,TREE
2127.836843055903,NETWORK_REQUEST,"[194,1]",49,"[43,254]","[0,254]",,TREE
2127.8369320549023,NETWORK_REQUEST,"[194,1]",39,"[4,2]","[0,254]",,TREE
2127.8369809209835,NETWORK_REQUEST,"[194,1]",29,"[4,254]","[0,254]",,TREE
2127.837046641339,NETWORK_REQUEST,"[194,1]",28,"[0,3]","[0,254]",,TREE
2127.8371101655375,NETWORK_REQUEST,"[194,1]",18,"[0,254]","[0,254]",,DIRECT
2127.8371963236336,NETWORK_REPLY,"[0,254]",17,"[0,3]","[194,1]",,TREE
2127.8372824817297,NETWORK_REPLY,"[0,254]",18,"[4,1]","[194,1]",,TREE
2127.8373460059283,NETWORK_REPLY,"[0,254]",28,"[4,2]","[194,1]",,TREE
2127.837411726284,NETWORK_REPLY,"[0,254]",29,"[43,1]","[194,1]",,TREE
2127.837460592365,NETWORK_REPLY,"[0,254]",39,"[43,2]","[194,1]",,TREE
2127.837549591364,NETWORK_REPLY,"[0,254]",49,"[47,1]","[194,1]",,TREE
2127.8375975867693,NETWORK_REPLY,"[0,254]",59,"[47,3]","[194,1]",,TREE
2127.8376441440396,NETWORK_REPLY,"[0,254]",69,"[58,254]","[194,1]",,TREE
2127.8377237507207,NETWORK_REPLY,"[0,254]",79,"[58,1]","[194,1]",,TREE
2127.8378041525693,NETWORK_REPLY,"[0,254]",89,"[93,254]","[194,1]",,TREE
2127.837882628296,NETWORK_REPLY,"[0,254]",98,"[93,1]","[194,1]",,TREE
2127.837962089449,NETWORK_REPLY,"[0,254]",97,"[148,1]","[194,1]",,TREE
2127.838037375408,NETWORK_REPLY,"[0,254]",96,"[148,2]","[194,1]",,TREE
2127.838119003824,NETWORK_REPLY,"[0,254]",86,"[152,1]","[194,1]",,TREE
2127.838191111439,NETWORK_REPLY,"[0,254]",85,"[155,2]","[194,1]",,TREE
2127.8382779480003,NETWORK_REPLY,"[0,254]",74,"[158,3]","[194,1]",,TREE
2127.8383486473995,NETWORK_REPLY,"[0,254]",64,"[189,1]","[194,1]",,TREE
2127.8384283975233,NETWORK_REPLY,"[0,254]",54,"[194,1]","[194,1]",,DIRECT
2137.8362794976265,NETWORK_REQUEST,"[193,1]",12,"[193,254]","[0,254]",,TREE
2137.836354481082,NETWORK_REQUEST,"[193,1]",3,"[173,254]","[0,254]",,TREE
2137.8363892342772,NETWORK_REQUEST,"[193,2]",2,"[193,254]","[0,254]",,TREE
2137.836435790152,NETWORK_REQUEST,"[193,1]",4,"[168,254]","[0,254]",,TREE
2137.836470544985,NETWORK_REQUEST,"[193,2]",3,"[173,254]","[0,254]",,TREE
2137.8364971645437,NETWORK_REQUEST,"[193,1]",5,"[163,254]","[0,254]",,TREE
2137.836551854055,NETWORK_REQUEST,"[193,2]",4,"[168,254]","[0,254]",,TREE
2137.836613228447,NETWORK_REQUEST,"[193,2]",5,"[163,254]","[0,254]",,TREE
2147.8362794976265,NETWORK_REQUEST,"[193,1]",12,"[193,254]","[0,254]",,TREE
2147.836354481082,NETWORK_REQUEST,"[193,1]",3,"[173,254]","[0,254]",,TREE
2147.8363892342772,NETWORK_REQUEST,"[193,2]",2,"[193,254]","[0,254]",,TREE
2147.836435790152,NETWORK_REQUEST,"[193,1]",4,"[168,254]","[0,254]",,TREE
2147.836470544985,NETWORK_REQUEST,"[193,2]",3,"[173,254]","[0,254]",,TREE
2147.8364971645437,NETWORK_REQUEST,"[193,1]",5,"[163,254]","[0,254]",,TREE
2147.836551854055,NETWORK_REQUEST,"[193,2]",4,"[168,254]","[0,254]",,TREE
2147.836613228447,NETWORK_REQUEST,"[193,2]",5,"[163,254]","[0,254]",,TREE
2157.8362794976265,NETWORK_REQUEST,"[193,1]",12,"[193,254]","[0,254]",,TREE
2157.836354481082,NETWORK_REQUEST,"[193,1]",3,"[173,254]","[0,254]",,TREE
2157.8363892342772,NETWORK_REQUEST,"[193,2]",2,"[193,254]","[0,254]",,TREE
2157.836435790152,NETWORK_REQUEST,"[193,1]",4,"[168,254]","[0,254]",,TREE
2157.836470544985,NETWORK_REQUEST,"[193,2]",3,"[173,254]","[0,254]",,TREE
2157.8364971645437,NETWORK_REQUEST,"[193,1]",5,"[163,254]","[0,254]",,TREE
2157.836551854055,NETWORK_REQUEST,"[193,2]",4,"[168,254]","[0,254]",,TREE
2157.836613228447,NETWORK_REQUEST,"[193,2]",5,"[163,254]","[0,254]",,TREE
2167.836259099242,NETWORK_REQUEST,"[196,1]",22,"[196,254]","[0,254]",,TREE
2167.836332121118,NETWORK_REQUEST,"[196,1]",32,"[190,254]","[0,254]",,TREE
2167.836409546835,NETWORK_REQUEST,"[196,1]",42,"[188,254]","[0,254]",,TREE
2167.8364875125553,NETWORK_REQUEST,"[196,1]",52,"[167,254]","[0,254]",,TREE
2167.8365757087117,NETWORK_REQUEST,"[196,1]",62,"[162,254]","[0,254]",,TREE
2167.836625887505,NETWORK_REQUEST,"[196,1]",73,"[158,254]","[0,254]",,TREE
2167.8367048201135,NETWORK_REQUEST,"[196,1]",74,"[155,254]","[0,254]",,TREE
2167.836791656675,NETWORK_REQUEST,"[196,1]",85,"[152,254]","[0,254]",,TREE
2167.83686376429,NETWORK_REQUEST,"[196,1]",86,"[148,254]","[0,254]",,TREE
2167.8369453927057,NETWORK_REQUEST,"[196,1]",96,"[93,1]","[0,254]",,TREE
2167.837020678665,NETWORK_REQUEST,"[196,1]",97,"[93,254]","[0,254]",,TREE
2167.8371001398177,NETWORK_REQUEST,"[196,1]",98,"[58,1]","[0,254]",,TREE
2167.8371786155444,NETWORK_REQUEST,"[196,1]",89,"[58,254]","[0,254]",,TREE
2167.837259017393,NETWORK_REQUEST,"[196,1]",79,"[47,3]","[0,254]",,TREE
2167.837338624074,NETWORK_REQUEST,"[196,1]",69,"[47,254]","[0,254]",,TREE
2167.8373851813444,NETWORK_REQUEST,"[196,1]",59,"[43,2]","[0,254]",,TREE
2167.8374331767495,NETWORK_REQUEST,"[196,1]",49,"[43,254]","[0,254]",,TREE
2167.8375221757487,NETWORK_REQUEST,"[196,1]",39,"[4,2]","[0,254]",,TREE
2167.83757104183,NETWORK_REQUEST,"[196,1]",29,"[4,254]","[0,254]",,TREE
2167.8376367621854,NETWORK_REQUEST,"[196,1]",28,"[0,3]","[0,254]",,TREE
2167.837700286384,NETWORK_REQUEST,"[196,1]",18,"[0,254]","[0,254]",,DIRECT
2167.83778644448,NETWORK_REPLY,"[0,254]",17,"[0,3]","[196,1]",,TREE
2167.837872602576,NETWORK_REPLY,"[0,254]",18,"[4,1]","[196,1]",,TREE
2167.837936126775,NETWORK_REPLY,"[0,254]",28,"[4,2]","[196,1]",,TREE
2167.8380018471303,NETWORK_REPLY,"[0,254]",29,"[43,1]","[196,1]",,TREE
2167.8380507132115,NETWORK_REPLY,"[0,254]",39,"[43,2]","[196,1]",,TREE
2167.8381397122107,NETWORK_REPLY,"[0,254]",49,"[47,1]","[196,1]",,TREE
2167.838187707616,NETWORK_REPLY,"[0,254]",59,"[47,3]","[196,1]",,TREE
2167.838234264886,NETWORK_REPLY,"[0,254]",69,"[58,254]","[196,1]",,TREE
2167.838313871567,NETWORK_REPLY,"[0,254]",79,"[58,1]","[196,1]",,TREE
2167.838394273416,NETWORK_REPLY,"[0,254]",89,"[93,254]","[196,1]",,TREE
2167.8384727491425,NETWORK_REPLY,"[0,254]",98,"[93,1]","[196,1]",,TREE
2167.8385522102953,NETWORK_REPLY,"[0,254]",97,"[148,1]","[196,1]",,TREE
2167.8386274962545,NETWORK_REPLY,"[0,254]",96,"[148,2]","[196,1]",,TREE
2167.8387091246705,NETWORK_REPLY,"[0,254]",86,"[152,1]","[196,1]",,TREE
2167.8387812322853,NETWORK_REPLY,"[0,254]",85,"[155,2]","[196,1]",,TREE
2167.8388680688468,NETWORK_REPLY,"[0,254]",74,"[158,2]","[196,1]",,TREE
2167.8389470014554,NETWORK_REPLY,"[0,254]",73,"[162,2]","[196,1]",,TREE
2167.8389971802485,NETWORK_REPLY,"[0,254]",62,"[167,2]","[196,1]",,TREE
2167.839085376405,NETWORK_REPLY,"[0,254]",52,"[188,2]","[196,1]",,TREE
2167.839163342125,NETWORK_REPLY,"[0,254]",42,"[190,2]","[196,1]",,TREE
2167.839240767842,NETWORK_REPLY,"[0,254]",32,"[196,1]","[196,1]",,DIRECT
2172.83454267624,NETWORK_REQUEST,"[195,1]",34,"[195,254]","[0,254]",,TREE
2172.8346324364898,NETWORK_REQUEST,"[195,1]",33,"[190,254]","[0,254]",,TREE
2172.8347155903148,NETWORK_REQUEST,"[195,1]",42,"[188,254]","[0,254]",,TREE
2172.834793556035,NETWORK_REQUEST,"[195,1]",52,"[167,254]","[0,254]",,TREE
2172.8348817521914,NETWORK_REQUEST,"[195,1]",62,"[162,254]","[0,254]",,TREE
2172.8349319309846,NETWORK_REQUEST,"[195,1]",73,"[158,254]","[0,254]",,TREE
2172.835010863593,NETWORK_REQUEST,"[195,1]",74,"[155,254]","[0,254]",,TREE
2172.8350977001546,NETWORK_REQUEST,"[195,1]",85,"[152,254]","[0,254]",,TREE
2172.8351698077695,NETWORK_REQUEST,"[195,1]",86,"[148,254]","[0,254]",,TREE
2172.8352514361854,NETWORK_REQUEST,"[195,1]",96,"[93,1]","[0,254]",,TREE
2172.8353267221446,NETWORK_REQUEST,"[195,1]",97,"[93,254]","[0,254]",,TREE
2172.8354061832974,NETWORK_REQUEST,"[195,1]",98,"[58,1]","[0,254]",,TREE
2172.835484659024,NETWORK_REQUEST,"[195,1]",89,"[58,254]","[0,254]",,TREE
2172.835565060873,NETWORK_REQUEST,"[195,1]",79,"[47,3]","[0,254]",,TREE
2172.835644667554,NETWORK_REQUEST,"[195,1]",69,"[47,254]","[0,254]",,TREE
2172.835691224824,NETWORK_REQUEST,"[195,1]",59,"[43,2]","[0,254]",,TREE
2172.8357392202292,NETWORK_REQUEST,"[195,1]",49,"[43,254]","[0,254]",,TREE
2172.8358282192285,NETWORK_REQUEST,"[195,1]",39,"[4,2]","[0,254]",,TREE
2172.8358770853097,NETWORK_REQUEST,"[195,1]",29,"[4,254]","[0,254]",,TREE
2172.835942805665,NETWORK_REQUEST,"[195,1]",28,"[0,3]","[0,254]",,TREE
2172.8360063298637,NETWORK_REQUEST,"[195,1]",18,"[0,254]","[0,254]",,DIRECT
2172.83609248796,NETWORK_REPLY,"[0,254]",17,"[0,3]","[195,1]",,TREE
2172.836178646056,NETWORK_REPLY,"[0,254]",18,"[4,1]","[195,1]",,TREE
2172.8362421702545,NETWORK_REPLY,"[0,254]",28,"[4,2]","[195,1]",,TREE
2172.83630789061,NETWORK_REPLY,"[0,254]",29,"[43,1]","[195,1]",,TREE
2172.836356756691,NETWORK_REPLY,"[0,254]",39,"[43,2]","[195,1]",,TREE
2172.8364457556904,NETWORK_REPLY,"[0,254]",49,"[47,1]","[195,1]",,TREE
2172.8364937510955,NETWORK_REPLY,"[0,254]",59,"[47,3]","[195,1]",,TREE
2172.836540308366,NETWORK_REPLY,"[0,254]",69,"[58,254]","[195,1]",,TREE
2172.836619915047,NETWORK_REPLY,"[0,254]",79,"[58,1]","[195,1]",,TREE
2172.8367003168955,NETWORK_REPLY,"[0,254]",89,"[93,254]","[195,1]",,TREE
2172.836778792622,NETWORK_REPLY,"[0,254]",98,"[93,1]","[195,1]",,TREE
2172.836858253775,NETWORK_REPLY,"[0,254]",97,"[148,1]","[195,1]",,TREE
2172.836933539734,NETWORK_REPLY,"[0,254]",96,"[148,2]","[195,1]",,TREE
2172.83701516815,NETWORK_REPLY,"[0,254]",86,"[152,1]","[195,1]",,TREE
2172.837087275765,NETWORK_REPLY,"[0,254]",85,"[155,2]","[195,1]",,TREE
2172.8371741123265,NETWORK_REPLY,"[0,254]",74,"[158,2]","[195,1]",,TREE
2172.837253044935,NETWORK_REPLY,"[0,254]",73,"[162,2]","[195,1]",,TREE
2172.837303223728,NETWORK_REPLY,"[0,254]",62,"[167,2]","[195,1]",,TREE
2172.8373914198846,NETWORK_REPLY,"[0,254]",52,"[188,2]","[195,1]",,TREE
2172.837469385605,NETWORK_REPLY,"[0,254]",42,"[190,1]","[195,1]",,TREE
2172.83755253943,NETWORK_REPLY,"[0,254]",33,"[195,1]","[195,1]",,DIRECT
2177.8363677835055,NETWORK_REQUEST,"[199,1]",11,"[199,254]","[0,254]",,TREE
2177.8363861181974,NETWORK_REQUEST,"[199,1]",11,"[199,254]","[0,254]",,TREE
2177.836413386225,NETWORK_REQUEST,"[199,1]",22,"[196,254]","[0,254]",,TREE
2177.836431720917,NETWORK_REQUEST,"[199,1]",22,"[196,254]","[0,254]",,TREE
2177.8364864081013,NETWORK_REQUEST,"[199,1]",32,"[190,254]","[0,254]",,TREE
2177.8365047427933,NETWORK_REQUEST,"[199,1]",32,"[190,254]","[0,254]",,TREE
2177.836563833818,NETWORK_REQUEST,"[199,1]",42,"[188,254]","[0,254]",,TREE
2177.83658216851,NETWORK_REQUEST,"[199,1]",42,"[188,254]","[0,254]",,TREE
2177.8366417995385,NETWORK_REQUEST,"[199,1]",52,"[167,254]","[0,254]",,TREE
2177.8366601342304,NETWORK_REQUEST,"[199,1]",52,"[167,254]","[0,254]",,TREE
2177.836729995695,NETWORK_REQUEST,"[199,1]",62,"[162,254]","[0,254]",,TREE
2177.836748330387,NETWORK_REQUEST,"[199,1]",62,"[162,254]","[0,254]",,TREE
2177.836780174488,NETWORK_REQUEST,"[199,1]",73,"[158,254]","[0,254]",,TREE
2177.83679850918,NETWORK_REQUEST,"[199,1]",73,"[158,254]","[0,254]",,TREE
2177.8368591070966,NETWORK_REQUEST,"[199,1]",74,"[155,254]","[0,254]",,TREE
2177.8368774417886,NETWORK_REQUEST,"[199,1]",74,"[155,254]","[0,254]",,TREE
2177.836945943658,NETWORK_REQUEST,"[199,1]",85,"[152,254]","[0,254]",,TREE
2177.83696427835,NETWORK_REQUEST,"[199,1]",85,"[152,254]","[0,254]",,TREE
2177.837018051273,NETWORK_REQUEST,"[199,1]",86,"[148,254]","[0,254]",,TREE
2177.837036385965,NETWORK_REQUEST,"[199,1]",86,"[148,254]","[0,254]",,TREE
2177.837099679689,NETWORK_REQUEST,"[199,1]",96,"[93,1]","[0,254]",,TREE
2177.837118014381,NETWORK_REQUEST,"[199,1]",96,"[93,1]","[0,254]",,TREE
2177.837174965648,NETWORK_REQUEST,"[199,1]",97,"[93,254]","[0,254]",,TREE
2177.83719330034,NETWORK_REQUEST,"[199,1]",97,"[93,254]","[0,254]",,TREE
2177.837254426801,NETWORK_REQUEST,"[199,1]",98,"[58,1]","[0,254]",,TREE
2177.837272761493,NETWORK_REQUEST,"[199,1]",98,"[58,1]","[0,254]",,TREE
2177.8373329025276,NETWORK_REQUEST,"[199,1]",89,"[58,254]","[0,254]",,TREE
2177.8373512372195,NETWORK_REQUEST,"[199,1]",89,"[58,254]","[0,254]",,TREE
2177.8374133043762,NETWORK_REQUEST,"[199,1]",79,"[47,3]","[0,254]",,TREE
2177.837431639068,NETWORK_REQUEST,"[199,1]",79,"[47,3]","[0,254]",,TREE
2177.8374929110573,NETWORK_REQUEST,"[199,1]",69,"[47,254]","[0,254]",,TREE
2177.8375112457493,NETWORK_REQUEST,"[199,1]",69,"[47,254]","[0,254]",,TREE
2177.8375394683276,NETWORK_REQUEST,"[199,1]",59,"[43,2]","[0,254]",,TREE
2177.8375578030195,NETWORK_REQUEST,"[199,1]",59,"[43,2]","[0,254]",,TREE
2177.8375874637327,NETWORK_REQUEST,"[199,1]",49,"[43,254]","[0,254]",,TREE
2177.8376057984246,NETWORK_REQUEST,"[199,1]",49,"[43,254]","[0,254]",,TREE
2177.837676462732,NETWORK_REQUEST,"[199,1]",39,"[4,2]","[0,254]",,TREE
2177.837694797424,NETWORK_REQUEST,"[199,1]",39,"[4,2]","[0,254]",,TREE
2177.837725328813,NETWORK_REQUEST,"[199,1]",29,"[4,254]","[0,254]",,TREE
2177.837743663505,NETWORK_REQUEST,"[199,1]",29,"[4,254]","[0,254]",,TREE
2177.8377910491686,NETWORK_REQUEST,"[199,1]",28,"[0,3]","[0,254]",,TREE
2177.8378093838605,NETWORK_REQUEST,"[199,1]",28,"[0,3]","[0,254]",,TREE
2177.837854573367,NETWORK_REQUEST,"[199,1]",18,"[0,254]","[0,254]",,DIRECT
2177.837872908059,NETWORK_REQUEST,"[199,1]",18,"[0,254]","[0,254]",,DIRECT
2177.8379407314633,NETWORK_REPLY,"[0,254]",17,"[0,3]","[199,1]",,TREE
2177.8379590661552,NETWORK_REPLY,"[0,254]",17,"[0,3]","[199,1]",,TREE
2177.8380268895594,NETWORK_REPLY,"[0,254]",18,"[4,1]","[199,1]",,TREE
2177.8380452242513,NETWORK_REPLY,"[0,254]",18,"[4,1]","[199,1]",,TREE
2177.838090413758,NETWORK_REPLY,"[0,254]",28,"[4,2]","[199,1]",,TREE
2177.83810874845,NETWORK_REPLY,"[0,254]",28,"[4,2]","[199,1]",,TREE
2177.8381561341134,NETWORK_REPLY,"[0,254]",29,"[43,1]","[199,1]",,TREE
2177.8381744688054,NETWORK_REPLY,"[0,254]",29,"[43,1]","[199,1]",,TREE
2177.8382050001946,NETWORK_REPLY,"[0,254]",39,"[43,2]","[199,1]",,TREE
2177.8382233348866,NETWORK_REPLY,"[0,254]",39,"[43,2]","[199,1]",,TREE
2177.838293999194,NETWORK_REPLY,"[0,254]",49,"[47,1]","[199,1]",,TREE
2177.838312333886,NETWORK_REPLY,"[0,254]",49,"[47,1]","[199,1]",,TREE
2177.838341994599,NETWORK_REPLY,"[0,254]",59,"[47,3]","[199,1]",,TREE
2177.838360329291,NETWORK_REPLY,"[0,254]",59,"[47,3]","[199,1]",,TREE
2177.8383885518692,NETWORK_REPLY,"[0,254]",69,"[58,254]","[199,1]",,TREE
2177.838406886561,NETWORK_REPLY,"[0,254]",69,"[58,254]","[199,1]",,TREE
2177.8384681585503,NETWORK_REPLY,"[0,254]",79,"[58,1]","[199,1]",,TREE
2177.8384864932423,NETWORK_REPLY,"[0,254]",79,"[58,1]","[199,1]",,TREE
2177.838548560399,NETWORK_REPLY,"[0,254]",89,"[93,254]","[199,1]",,TREE
2177.838566895091,NETWORK_REPLY,"[0,254]",89,"[93,254]","[199,1]",,TREE
2177.8386270361257,NETWORK_REPLY,"[0,254]",98,"[93,1]","[199,1]",,TREE
2177.8386453708176,NETWORK_REPLY,"[0,254]",98,"[93,1]","[199,1]",,TREE
2177.8387064972785,NETWORK_REPLY,"[0,254]",97,"[148,1]","[199,1]",,TREE
2177.8387248319705,NETWORK_REPLY,"[0,254]",97,"[148,1]","[199,1]",,TREE
2177.8387817832377,NETWORK_REPLY,"[0,254]",96,"[148,2]","[199,1]",,TREE
2177.8388001179296,NETWORK_REPLY,"[0,254]",96,"[148,2]","[199,1]",,TREE
2177.8388634116536,NETWORK_REPLY,"[0,254]",86,"[152,1]","[199,1]",,TREE
2177.8388817463456,NETWORK_REPLY,"[0,254]",86,"[152,1]","[199,1]",,TREE
2177.8389355192685,NETWORK_REPLY,"[0,254]",85,"[155,2]","[199,1]",,TREE
2177.8389538539604,NETWORK_REPLY,"[0,254]",85,"[155,2]","[199,1]",,TREE
2177.83902235583,NETWORK_REPLY,"[0,254]",74,"[158,2]","[199,1]",,TREE
2177.839040690522,NETWORK_REPLY,"[0,254]",74,"[158,2]","[199,1]",,TREE
2177.8391012884385,NETWORK_REPLY,"[0,254]",73,"[162,2]","[199,1]",,TREE
2177.8391196231305,NETWORK_REPLY,"[0,254]",73,"[162,2]","[199,1]",,TREE
2177.8391514672317,NETWORK_REPLY,"[0,254]",62,"[167,2]","[199,1]",,TREE
2177.8391698019236,NETWORK_REPLY,"[0,254]",62,"[167,2]","[199,1]",,TREE
2177.839239663388,NETWORK_REPLY,"[0,254]",52,"[188,2]","[199,1]",,TREE
2177.83925799808,NETWORK_REPLY,"[0,254]",52,"[188,2]","[199,1]",,TREE
2177.8393176291083,NETWORK_REPLY,"[0,254]",42,"[190,2]","[199,1]",,TREE
2177.8393359638003,NETWORK_REPLY,"[0,254]",42,"[190,2]","[199,1]",,TREE
2177.839395054825,NETWORK_REPLY,"[0,254]",32,"[196,1]","[199,1]",,TREE
2177.839413389517,NETWORK_REPLY,"[0,254]",32,"[196,1]","[199,1]",,TREE
2177.8394680767015,NETWORK_REPLY,"[0,254]",22,"[199,1]","[199,1]",,DIRECT
2177.8394864113934,NETWORK_REPLY,"[0,254]",22,"[199,1]","[199,1]",,DIRECT
2182.8344938777273,NETWORK_REQUEST,"[196,2]",23,"[196,254]","[0,254]",,TREE
2182.8345073771957,NETWORK_REQUEST,"[196,2]",23,"[196,254]","[0,254]",,TREE
2182.834510758473,NETWORK_REQUEST,"[199,2]",12,"[199,254]","[0,254]",,TREE
2182.8345530834913,NETWORK_REQUEST,"[199,2]",22,"[196,254]","[0,254]",,TREE
2182.8345763568623,NETWORK_REQUEST,"[196,2]",32,"[190,254]","[0,254]",,TREE
2182.8345898563307,NETWORK_REQUEST,"[196,2]",32,"[190,254]","[0,254]",,TREE
2182.8346261053675,NETWORK_REQUEST,"[199,2]",32,"[190,254]","[0,254]",,TREE
2182.834653782579,NETWORK_REQUEST,"[196,2]",42,"[188,254]","[0,254]",,TREE
2182.8346672820476,NETWORK_REQUEST,"[196,2]",42,"[188,254]","[0,254]",,TREE
2182.8347035310844,NETWORK_REQUEST,"[199,2]",42,"[188,254]","[0,254]",,TREE
2182.8347317482994,NETWORK_REQUEST,"[196,2]",52,"[167,254]","[0,254]",,TREE
2182.834745247768,NETWORK_REQUEST,"[196,2]",52,"[167,254]","[0,254]",,TREE
2182.8347814968047,NETWORK_REQUEST,"[199,2]",52,"[167,254]","[0,254]",,TREE
2182.834819944456,NETWORK_REQUEST,"[196,2]",62,"[162,254]","[0,254]",,TREE
2182.8348334439243,NETWORK_REQUEST,"[196,2]",62,"[162,254]","[0,254]",,TREE
2182.834869692961,NETWORK_REQUEST,"[199,2]",62,"[162,254]","[0,254]",,TREE
2182.834870123249,NETWORK_REQUEST,"[196,2]",73,"[158,254]","[0,254]",,TREE
2182.8348836227174,NETWORK_REQUEST,"[196,2]",73,"[158,254]","[0,254]",,TREE
2182.834919871754,NETWORK_REQUEST,"[199,2]",73,"[158,254]","[0,254]",,TREE
2182.8349490558576,NETWORK_REQUEST,"[196,2]",74,"[155,254]","[0,254]",,TREE
2182.834962555326,NETWORK_REQUEST,"[196,2]",74,"[155,254]","[0,254]",,TREE
2182.834998804363,NETWORK_REQUEST,"[199,2]",74,"[155,254]","[0,254]",,TREE
2182.835035892419,NETWORK_REQUEST,"[196,2]",85,"[152,254]","[0,254]",,TREE
2182.8350493918874,NETWORK_REQUEST,"[196,2]",85,"[152,254]","[0,254]",,TREE
2182.8350856409243,NETWORK_REQUEST,"[199,2]",85,"[152,254]","[0,254]",,TREE
2182.835108000034,NETWORK_REQUEST,"[196,2]",86,"[148,254]","[0,254]",,TREE
2182.8351214995023,NETWORK_REQUEST,"[196,2]",86,"[148,254]","[0,254]",,TREE
2182.835157748539,NETWORK_REQUEST,"[199,2]",86,"[148,254]","[0,254]",,TREE
2182.83518962845,NETWORK_REQUEST,"[196,2]",96,"[93,1]","[0,254]",,TREE
2182.8352031279182,NETWORK_REQUEST,"[196,2]",96,"[93,1]","[0,254]",,TREE
2182.835239376955,NETWORK_REQUEST,"[199,2]",96,"[93,1]","[0,254]",,TREE
2182.835264914409,NETWORK_REQUEST,"[196,2]",97,"[93,254]","[0,254]",,TREE
2182.8352784138774,NETWORK_REQUEST,"[196,2]",97,"[93,254]","[0,254]",,TREE
2182.8353146629142,NETWORK_REQUEST,"[199,2]",97,"[93,254]","[0,254]",,TREE
2182.835344375562,NETWORK_REQUEST,"[196,2]",98,"[58,1]","[0,254]",,TREE
2182.8353578750302,NETWORK_REQUEST,"[196,2]",98,"[58,1]","[0,254]",,TREE
2182.835394124067,NETWORK_REQUEST,"[199,2]",98,"[58,1]","[0,254]",,TREE
2182.8354228512885,NETWORK_REQUEST,"[196,2]",89,"[58,254]","[0,254]",,TREE
2182.835436350757,NETWORK_REQUEST,"[196,2]",89,"[58,254]","[0,254]",,TREE
2182.835472599794,NETWORK_REQUEST,"[199,2]",89,"[58,254]","[0,254]",,TREE
2182.835503253137,NETWORK_REQUEST,"[196,2]",79,"[47,3]","[0,254]",,TREE
2182.8355167526056,NETWORK_REQUEST,"[196,2]",79,"[47,3]","[0,254]",,TREE
2182.8355530016424,NETWORK_REQUEST,"[199,2]",79,"[47,3]","[0,254]",,TREE
2182.8355828598183,NETWORK_REQUEST,"[196,2]",69,"[47,254]","[0,254]",,TREE
2182.8355963592867,NETWORK_REQUEST,"[196,2]",69,"[47,254]","[0,254]",,TREE
2182.8356294170885,NETWORK_REQUEST,"[196,2]",59,"[43,2]","[0,254]",,TREE
2182.8356326083235,NETWORK_REQUEST,"[199,2]",69,"[47,254]","[0,254]",,TREE
2182.835642916557,NETWORK_REQUEST,"[196,2]",59,"[43,2]","[0,254]",,TREE
2182.8356774124936,NETWORK_REQUEST,"[196,2]",49,"[43,254]","[0,254]",,TREE
2182.835679165594,NETWORK_REQUEST,"[199,2]",59,"[43,2]","[0,254]",,TREE
2182.835690911962,NETWORK_REQUEST,"[196,2]",49,"[43,254]","[0,254]",,TREE
2182.835727160999,NETWORK_REQUEST,"[199,2]",49,"[43,254]","[0,254]",,TREE
2182.835766411493,NETWORK_REQUEST,"[196,2]",39,"[4,2]","[0,254]",,TREE
2182.8357799109613,NETWORK_REQUEST,"[196,2]",39,"[4,2]","[0,254]",,TREE
2182.835815277574,NETWORK_REQUEST,"[196,2]",29,"[4,254]","[0,254]",,TREE
2182.835816159998,NETWORK_REQUEST,"[199,2]",39,"[4,2]","[0,254]",,TREE
2182.8358287770425,NETWORK_REQUEST,"[196,2]",29,"[4,254]","[0,254]",,TREE
2182.8358650260793,NETWORK_REQUEST,"[199,2]",29,"[4,254]","[0,254]",,TREE
2182.8358809979295,NETWORK_REQUEST,"[196,2]",28,"[0,3]","[0,254]",,TREE
2182.835894497398,NETWORK_REQUEST,"[196,2]",28,"[0,3]","[0,254]",,TREE
2182.8359307464348,NETWORK_REQUEST,"[199,2]",28,"[0,3]","[0,254]",,TREE
2182.835944522128,NETWORK_REQUEST,"[196,2]",18,"[0,254]","[0,254]",,DIRECT
2182.8359580215965,NETWORK_REQUEST,"[196,2]",18,"[0,254]","[0,254]",,DIRECT
2182.8359942706334,NETWORK_REQUEST,"[199,2]",18,"[0,254]","[0,254]",,DIRECT
2182.836030680224,NETWORK_REPLY,"[0,254]",17,"[0,3]","[196,2]",,TREE
2182.8360441796926,NETWORK_REPLY,"[0,254]",17,"[0,3]","[196,2]",,TREE
2182.8360804287295,NETWORK_REPLY,"[0,254]",17,"[0,3]","[199,2]",,TREE
2182.8361168383203,NETWORK_REPLY,"[0,254]",18,"[4,1]","[196,2]",,TREE
2182.8361303377887,NETWORK_REPLY,"[0,254]",18,"[4,1]","[196,2]",,TREE
2182.8361665868256,NETWORK_REPLY,"[0,254]",18,"[4,1]","[199,2]",,TREE
2182.836180362519,NETWORK_REPLY,"[0,254]",28,"[4,2]","[196,2]",,TREE
2182.8361938619873,NETWORK_REPLY,"[0,254]",28,"[4,2]","[196,2]",,TREE
2182.836230111024,NETWORK_REPLY,"[0,254]",28,"[4,2]","[199,2]",,TREE
2182.8362460828744,NETWORK_REPLY,"[0,254]",29,"[43,1]","[196,2]",,TREE
2182.836259582343,NETWORK_REPLY,"[0,254]",29,"[43,1]","[196,2]",,TREE
2182.8362949489556,NETWORK_REPLY,"[0,254]",39,"[43,2]","[196,2]",,TREE
2182.8362958313796,NETWORK_REPLY,"[0,254]",29,"[43,1]","[199,2]",,TREE
2182.836308448424,NETWORK_REPLY,"[0,254]",39,"[43,2]","[196,2]",,TREE
2182.836344697461,NETWORK_REPLY,"[0,254]",39,"[43,2]","[199,2]",,TREE
2182.836383947955,NETWORK_REPLY,"[0,254]",49,"[47,1]","[196,2]",,TREE
2182.836397447423,NETWORK_REPLY,"[0,254]",49,"[47,1]","[196,2]",,TREE
2182.83643194336,NETWORK_REPLY,"[0,254]",59,"[47,3]","[196,2]",,TREE
2182.83643369646,NETWORK_REPLY,"[0,254]",49,"[47,1]","[199,2]",,TREE
2182.8364454428283,NETWORK_REPLY,"[0,254]",59,"[47,3]","[196,2]",,TREE
2182.83647850063,NETWORK_REPLY,"[0,254]",69,"[58,254]","[196,2]",,TREE
2182.836481691865,NETWORK_REPLY,"[0,254]",59,"[47,3]","[199,2]",,TREE
2182.8364920000986,NETWORK_REPLY,"[0,254]",69,"[58,254]","[196,2]",,TREE
2182.8365282491354,NETWORK_REPLY,"[0,254]",69,"[58,254]","[199,2]",,TREE
2182.8365581073112,NETWORK_REPLY,"[0,254]",79,"[58,1]","[196,2]",,TREE
2182.8365716067797,NETWORK_REPLY,"[0,254]",79,"[58,1]","[196,2]",,TREE
2182.8366078558165,NETWORK_REPLY,"[0,254]",79,"[58,1]","[199,2]",,TREE
2182.83663850916,NETWORK_REPLY,"[0,254]",89,"[93,254]","[196,2]",,TREE
2182.8366520086283,NETWORK_REPLY,"[0,254]",89,"[93,254]","[196,2]",,TREE
2182.836688257665,NETWORK_REPLY,"[0,254]",89,"[93,254]","[199,2]",,TREE
2182.8367169848866,NETWORK_REPLY,"[0,254]",98,"[93,1]","[196,2]",,TREE
2182.836730484355,NETWORK_REPLY,"[0,254]",98,"[93,1]","[196,2]",,TREE
2182.836766733392,NETWORK_REPLY,"[0,254]",98,"[93,1]","[199,2]",,TREE
2182.8367964460394,NETWORK_REPLY,"[0,254]",97,"[148,1]","[196,2]",,TREE
2182.836809945508,NETWORK_REPLY,"[0,254]",97,"[148,1]","[196,2]",,TREE
2182.8368461945447,NETWORK_REPLY,"[0,254]",97,"[148,1]","[199,2]",,TREE
2182.8368717319986,NETWORK_REPLY,"[0,254]",96,"[148,2]","[196,2]",,TREE
2182.836885231467,NETWORK_REPLY,"[0,254]",96,"[148,2]","[196,2]",,TREE
2182.836921480504,NETWORK_REPLY,"[0,254]",96,"[148,2]","[199,2]",,TREE
2182.8369533604146,NETWORK_REPLY,"[0,254]",86,"[152,1]","[196,2]",,TREE
2182.836966859883,NETWORK_REPLY,"[0,254]",86,"[152,1]","[196,2]",,TREE
2182.83700310892,NETWORK_REPLY,"[0,254]",86,"[152,1]","[199,2]",,TREE
2182.8370254680294,NETWORK_REPLY,"[0,254]",85,"[155,2]","[196,2]",,TREE
2182.837038967498,NETWORK_REPLY,"[0,254]",85,"[155,2]","[196,2]",,TREE
2182.8370752165347,NETWORK_REPLY,"[0,254]",85,"[155,2]","[199,2]",,TREE
2182.837112304591,NETWORK_REPLY,"[0,254]",74,"[158,2]","[196,2]",,TREE
2182.8371258040593,NETWORK_REPLY,"[0,254]",74,"[158,2]","[196,2]",,TREE
2182.837162053096,NETWORK_REPLY,"[0,254]",74,"[158,2]","[199,2]",,TREE
2182.8371912371995,NETWORK_REPLY,"[0,254]",73,"[162,2]","[196,2]",,TREE
2182.837204736668,NETWORK_REPLY,"[0,254]",73,"[162,2]","[196,2]",,TREE
2182.8372409857047,NETWORK_REPLY,"[0,254]",73,"[162,2]","[199,2]",,TREE
2182.8372414159926,NETWORK_REPLY,"[0,254]",62,"[167,2]","[196,2]",,TREE
2182.837254915461,NETWORK_REPLY,"[0,254]",62,"[167,2]","[196,2]",,TREE
2182.837291164498,NETWORK_REPLY,"[0,254]",62,"[167,2]","[199,2]",,TREE
2182.837329612149,NETWORK_REPLY,"[0,254]",52,"[188,2]","[196,2]",,TREE
2182.8373431116174,NETWORK_REPLY,"[0,254]",52,"[188,2]","[196,2]",,TREE
2182.8373793606543,NETWORK_REPLY,"[0,254]",52,"[188,2]","[199,2]",,TREE
2182.8374075778693,NETWORK_REPLY,"[0,254]",42,"[190,2]","[196,2]",,TREE
2182.8374210773377,NETWORK_REPLY,"[0,254]",42,"[190,2]","[196,2]",,TREE
2182.8374573263745,NETWORK_REPLY,"[0,254]",42,"[190,2]","[199,2]",,TREE
2182.837485003586,NETWORK_REPLY,"[0,254]",32,"[196,2]","[196,2]",,DIRECT
2182.8374985030546,NETWORK_REPLY,"[0,254]",32,"[196,2]","[196,2]",,DIRECT
2182.8375347520914,NETWORK_REPLY,"[0,254]",32,"[196,1]","[199,2]",,TREE
2182.8376077739676,NETWORK_REPLY,"[0,254]",22,"[199,2]","[199,2]",,DIRECT
2187.836325423008,NETWORK_REQUEST,"[197,2]",21,"[197,254]","[0,254]",,TREE
2187.8363362867954,NETWORK_REQUEST,"[197,2]",21,"[197,254]","[0,254]",,TREE
2187.8364122356443,NETWORK_REQUEST,"[197,2]",31,"[190,254]","[0,254]",,TREE
2187.8364230994316,NETWORK_REQUEST,"[197,2]",31,"[190,254]","[0,254]",,TREE
2187.836467322571,NETWORK_REQUEST,"[197,2]",42,"[188,254]","[0,254]",,TREE
2187.8364781863584,NETWORK_REQUEST,"[197,2]",42,"[188,254]","[0,254]",,TREE
2187.8365452882913,NETWORK_REQUEST,"[197,2]",52,"[167,254]","[0,254]",,TREE
2187.8365561520786,NETWORK_REQUEST,"[197,2]",52,"[167,254]","[0,254]",,TREE
2187.8366334844477,NETWORK_REQUEST,"[197,2]",62,"[162,254]","[0,254]",,TREE
2187.836644348235,NETWORK_REQUEST,"[197,2]",62,"[162,254]","[0,254]",,TREE
2187.836683663241,NETWORK_REQUEST,"[197,2]",73,"[158,254]","[0,254]",,TREE
2187.836694527028,NETWORK_REQUEST,"[197,2]",73,"[158,254]","[0,254]",,TREE
2187.8367625958495,NETWORK_REQUEST,"[197,2]",74,"[155,254]","[0,254]",,TREE
2187.836773459637,NETWORK_REQUEST,"[197,2]",74,"[155,254]","[0,254]",,TREE
2187.836849432411,NETWORK_REQUEST,"[197,2]",85,"[152,254]","[0,254]",,TREE
2187.836860296198,NETWORK_REQUEST,"[197,2]",85,"[152,254]","[0,254]",,TREE
2187.8369215400257,NETWORK_REQUEST,"[197,2]",86,"[148,254]","[0,254]",,TREE
2187.836932403813,NETWORK_REQUEST,"[197,2]",86,"[148,254]","[0,254]",,TREE
2187.8370031684417,NETWORK_REQUEST,"[197,2]",96,"[93,1]","[0,254]",,TREE
2187.837014032229,NETWORK_REQUEST,"[197,2]",96,"[93,1]","[0,254]",,TREE
2187.837078454401,NETWORK_REQUEST,"[197,2]",97,"[93,254]","[0,254]",,TREE
2187.837089318188,NETWORK_REQUEST,"[197,2]",97,"[93,254]","[0,254]",,TREE
2187.8371579155537,NETWORK_REQUEST,"[197,2]",98,"[58,1]","[0,254]",,TREE
2187.837168779341,NETWORK_REQUEST,"[197,2]",98,"[58,1]","[0,254]",,TREE
2187.8372363912804,NETWORK_REQUEST,"[197,2]",89,"[58,254]","[0,254]",,TREE
2187.8372472550677,NETWORK_REQUEST,"[197,2]",89,"[58,254]","[0,254]",,TREE
2187.837316793129,NETWORK_REQUEST,"[197,2]",79,"[47,3]","[0,254]",,TREE
2187.8373276569164,NETWORK_REQUEST,"[197,2]",79,"[47,3]","[0,254]",,TREE
2187.83739639981,NETWORK_REQUEST,"[197,2]",69,"[47,254]","[0,254]",,TREE
2187.8374072635975,NETWORK_REQUEST,"[197,2]",69,"[47,254]","[0,254]",,TREE
2187.8374429570804,NETWORK_REQUEST,"[197,2]",59,"[43,2]","[0,254]",,TREE
2187.8374538208677,NETWORK_REQUEST,"[197,2]",59,"[43,2]","[0,254]",,TREE
2187.8374909524855,NETWORK_REQUEST,"[197,2]",49,"[43,254]","[0,254]",,TREE
2187.837501816273,NETWORK_REQUEST,"[197,2]",49,"[43,254]","[0,254]",,TREE
2187.8375799514847,NETWORK_REQUEST,"[197,2]",39,"[4,2]","[0,254]",,TREE
2187.837590815272,NETWORK_REQUEST,"[197,2]",39,"[4,2]","[0,254]",,TREE
2187.837628817566,NETWORK_REQUEST,"[197,2]",29,"[4,254]","[0,254]",,TREE
2187.8376396813533,NETWORK_REQUEST,"[197,2]",29,"[4,254]","[0,254]",,TREE
2187.8376945379214,NETWORK_REQUEST,"[197,2]",28,"[0,3]","[0,254]",,TREE
2187.8377054017087,NETWORK_REQUEST,"[197,2]",28,"[0,3]","[0,254]",,TREE
2187.83775806212,NETWORK_REQUEST,"[197,2]",18,"[0,254]","[0,254]",,DIRECT
2187.8377689259073,NETWORK_REQUEST,"[197,2]",18,"[0,254]","[0,254]",,DIRECT
2187.837844220216,NETWORK_REPLY,"[0,254]",17,"[0,3]","[197,2]",,TREE
2187.8378550840034,NETWORK_REPLY,"[0,254]",17,"[0,3]","[197,2]",,TREE
2187.837930378312,NETWORK_REPLY,"[0,254]",18,"[4,1]","[197,2]",,TREE
2187.8379412420995,NETWORK_REPLY,"[0,254]",18,"[4,1]","[197,2]",,TREE
2187.837993902511,NETWORK_REPLY,"[0,254]",28,"[4,2]","[197,2]",,TREE
2187.838004766298,NETWORK_REPLY,"[0,254]",28,"[4,2]","[197,2]",,TREE
2187.8380596228662,NETWORK_REPLY,"[0,254]",29,"[43,1]","[197,2]",,TREE
2187.8380704866536,NETWORK_REPLY,"[0,254]",29,"[43,1]","[197,2]",,TREE
2187.8381084889475,NETWORK_REPLY,"[0,254]",39,"[43,2]","[197,2]",,TREE
2187.838119352735,NETWORK_REPLY,"[0,254]",39,"[43,2]","[197,2]",,TREE
2187.8381974879467,NETWORK_REPLY,"[0,254]",49,"[47,1]","[197,2]",,TREE
2187.838208351734,NETWORK_REPLY,"[0,254]",49,"[47,1]","[197,2]",,TREE
2187.838245483352,NETWORK_REPLY,"[0,254]",59,"[47,3]","[197,2]",,TREE
2187.838256347139,NETWORK_REPLY,"[0,254]",59,"[47,3]","[197,2]",,TREE
2187.838292040622,NETWORK_REPLY,"[0,254]",69,"[58,254]","[197,2]",,TREE
2187.8383029044094,NETWORK_REPLY,"[0,254]",69,"[58,254]","[197,2]",,TREE
2187.838371647303,NETWORK_REPLY,"[0,254]",79,"[58,1]","[197,2]",,TREE
2187.8383825110905,NETWORK_REPLY,"[0,254]",79,"[58,1]","[197,2]",,TREE
2187.838452049152,NETWORK_REPLY,"[0,254]",89,"[93,254]","[197,2]",,TREE
2187.838462912939,NETWORK_REPLY,"[0,254]",89,"[93,254]","[197,2]",,TREE
2187.8385305248785,NETWORK_REPLY,"[0,254]",98,"[93,1]","[197,2]",,TREE
2187.838541388666,NETWORK_REPLY,"[0,254]",98,"[93,1]","[197,2]",,TREE
2187.8386099860313,NETWORK_REPLY,"[0,254]",97,"[148,1]","[197,2]",,TREE
2187.8386208498187,NETWORK_REPLY,"[0,254]",97,"[148,1]","[197,2]",,TREE
2187.8386852719905,NETWORK_REPLY,"[0,254]",96,"[148,2]","[197,2]",,TREE
2187.838696135778,NETWORK_REPLY,"[0,254]",96,"[148,2]","[197,2]",,TREE
2187.8387669004064,NETWORK_REPLY,"[0,254]",86,"[152,1]","[197,2]",,TREE
2187.8387777641938,NETWORK_REPLY,"[0,254]",86,"[152,1]","[197,2]",,TREE
2187.8388390080213,NETWORK_REPLY,"[0,254]",85,"[155,2]","[197,2]",,TREE
2187.8388498718086,NETWORK_REPLY,"[0,254]",85,"[155,2]","[197,2]",,TREE
2187.8389258445827,NETWORK_REPLY,"[0,254]",74,"[158,2]","[197,2]",,TREE
2187.83893670837,NETWORK_REPLY,"[0,254]",74,"[158,2]","[197,2]",,TREE
2187.8390047771913,NETWORK_REPLY,"[0,254]",73,"[162,2]","[197,2]",,TREE
2187.8390156409787,NETWORK_REPLY,"[0,254]",73,"[162,2]","[197,2]",,TREE
2187.8390549559845,NETWORK_REPLY,"[0,254]",62,"[167,2]","[197,2]",,TREE
2187.839065819772,NETWORK_REPLY,"[0,254]",62,"[167,2]","[197,2]",,TREE
2187.839143152141,NETWORK_REPLY,"[0,254]",52,"[188,2]","[197,2]",,TREE
2187.839154015928,NETWORK_REPLY,"[0,254]",52,"[188,2]","[197,2]",,TREE
2187.839221117861,NETWORK_REPLY,"[0,254]",42,"[190,3]","[197,2]",,TREE
2187.8392319816485,NETWORK_REPLY,"[0,254]",42,"[190,3]","[197,2]",,TREE
2187.839276204788,NETWORK_REPLY,"[0,254]",31,"[197,2]","[197,2]",,DIRECT
2187.8392870685752,NETWORK_REPLY,"[0,254]",31,"[197,2]","[197,2]",,DIRECT
2192.834372081824,NETWORK_REQUEST,"[202,2]",14,"[202,254]","[0,254]",,TREE
2192.8344408175617,NETWORK_REQUEST,"[202,1]",13,"[202,254]","[0,254]",,TREE
2192.8344595209182,NETWORK_REQUEST,"[202,2]",23,"[196,254]","[0,254]",,TREE
2192.8344938777273,NETWORK_REQUEST,"[202,1]",23,"[196,254]","[0,254]",,TREE
2192.8345420000533,NETWORK_REQUEST,"[202,2]",32,"[190,254]","[0,254]",,TREE
2192.8345763568623,NETWORK_REQUEST,"[202,1]",32,"[190,254]","[0,254]",,TREE
2192.83461942577,NETWORK_REQUEST,"[202,2]",42,"[188,254]","[0,254]",,TREE
2192.834653782579,NETWORK_REQUEST,"[202,1]",42,"[188,254]","[0,254]",,TREE
2192.8346973914904,NETWORK_REQUEST,"[202,2]",52,"[167,254]","[0,254]",,TREE
2192.8347317482994,NETWORK_REQUEST,"[202,1]",52,"[167,254]","[0,254]",,TREE
2192.834785587647,NETWORK_REQUEST,"[202,2]",62,"[162,254]","[0,254]",,TREE
2192.834819944456,NETWORK_REQUEST,"[202,1]",62,"[162,254]","[0,254]",,TREE
2192.83483576644,NETWORK_REQUEST,"[202,2]",73,"[158,254]","[0,254]",,TREE
2192.834870123249,NETWORK_REQUEST,"[202,1]",73,"[158,254]","[0,254]",,TREE
2192.8349146990486,NETWORK_REQUEST,"[202,2]",74,"[155,254]","[0,254]",,TREE
2192.8349490558576,NETWORK_REQUEST,"[202,1]",74,"[155,254]","[0,254]",,TREE
2192.83500153561,NETWORK_REQUEST,"[202,2]",85,"[152,254]","[0,254]",,TREE
2192.835035892419,NETWORK_REQUEST,"[202,1]",85,"[152,254]","[0,254]",,TREE
2192.835073643225,NETWORK_REQUEST,"[202,2]",86,"[148,254]","[0,254]",,TREE
2192.835108000034,NETWORK_REQUEST,"[202,1]",86,"[148,254]","[0,254]",,TREE
2192.835155271641,NETWORK_REQUEST,"[202,2]",96,"[93,1]","[0,254]",,TREE
2192.83518962845,NETWORK_REQUEST,"[202,1]",96,"[93,1]","[0,254]",,TREE
2192.8352305576,NETWORK_REQUEST,"[202,2]",97,"[93,254]","[0,254]",,TREE
2192.835264914409,NETWORK_REQUEST,"[202,1]",97,"[93,254]","[0,254]",,TREE
2192.835310018753,NETWORK_REQUEST,"[202,2]",98,"[58,1]","[0,254]",,TREE
2192.835344375562,NETWORK_REQUEST,"[202,1]",98,"[58,1]","[0,254]",,TREE
2192.8353884944795,NETWORK_REQUEST,"[202,2]",89,"[58,254]","[0,254]",,TREE
2192.8354228512885,NETWORK_REQUEST,"[202,1]",89,"[58,254]","[0,254]",,TREE
2192.835468896328,NETWORK_REQUEST,"[202,2]",79,"[47,3]","[0,254]",,TREE
2192.835503253137,NETWORK_REQUEST,"[202,1]",79,"[47,3]","[0,254]",,TREE
2192.8355485030092,NETWORK_REQUEST,"[202,2]",69,"[47,254]","[0,254]",,TREE
2192.8355828598183,NETWORK_REQUEST,"[202,1]",69,"[47,254]","[0,254]",,TREE
2192.8355950602795,NETWORK_REQUEST,"[202,2]",59,"[43,2]","[0,254]",,TREE
2192.8356294170885,NETWORK_REQUEST,"[202,1]",59,"[43,2]","[0,254]",,TREE
2192.8356430556846,NETWORK_REQUEST,"[202,2]",49,"[43,254]","[0,254]",,TREE
2192.8356774124936,NETWORK_REQUEST,"[202,1]",49,"[43,254]","[0,254]",,TREE
2192.835732054684,NETWORK_REQUEST,"[202,2]",39,"[4,2]","[0,254]",,TREE
2192.835766411493,NETWORK_REQUEST,"[202,1]",39,"[4,2]","[0,254]",,TREE
2192.835780920765,NETWORK_REQUEST,"[202,2]",29,"[4,254]","[0,254]",,TREE
2192.835815277574,NETWORK_REQUEST,"[202,1]",29,"[4,254]","[0,254]",,TREE
2192.8358466411205,NETWORK_REQUEST,"[202,2]",28,"[0,3]","[0,254]",,TREE
2192.8358809979295,NETWORK_REQUEST,"[202,1]",28,"[0,3]","[0,254]",,TREE
2192.835910165319,NETWORK_REQUEST,"[202,2]",18,"[0,254]","[0,254]",,DIRECT
2192.835944522128,NETWORK_REQUEST,"[202,1]",18,"[0,254]","[0,254]",,DIRECT
2192.835996323415,NETWORK_REPLY,"[0,254]",17,"[0,3]","[202,2]",,TREE
2192.836030680224,NETWORK_REPLY,"[0,254]",17,"[0,3]","[202,1]",,TREE
2192.8360824815113,NETWORK_REPLY,"[0,254]",18,"[4,1]","[202,2]",,TREE
2192.8361168383203,NETWORK_REPLY,"[0,254]",18,"[4,1]","[202,1]",,TREE
2192.83614600571,NETWORK_REPLY,"[0,254]",28,"[4,2]","[202,2]",,TREE
2192.836180362519,NETWORK_REPLY,"[0,254]",28,"[4,2]","[202,1]",,TREE
2192.8362117260654,NETWORK_REPLY,"[0,254]",29,"[43,1]","[202,2]",,TREE
2192.8362460828744,NETWORK_REPLY,"[0,254]",29,"[43,1]","[202,1]",,TREE
2192.8362605921466,NETWORK_REPLY,"[0,254]",39,"[43,2]","[202,2]",,TREE
2192.8362949489556,NETWORK_REPLY,"[0,254]",39,"[43,2]","[202,1]",,TREE
2192.836349591146,NETWORK_REPLY,"[0,254]",49,"[47,1]","[202,2]",,TREE
2192.836383947955,NETWORK_REPLY,"[0,254]",49,"[47,1]","[202,1]",,TREE
2192.836397586551,NETWORK_REPLY,"[0,254]",59,"[47,3]","[202,2]",,TREE
2192.83643194336,NETWORK_REPLY,"[0,254]",59,"[47,3]","[202,1]",,TREE
2192.836444143821,NETWORK_REPLY,"[0,254]",69,"[58,254]","[202,2]",,TREE
2192.83647850063,NETWORK_REPLY,"[0,254]",69,"[58,254]","[202,1]",,TREE
2192.8365237505022,NETWORK_REPLY,"[0,254]",79,"[58,1]","[202,2]",,TREE
2192.8365581073112,NETWORK_REPLY,"[0,254]",79,"[58,1]","[202,1]",,TREE
2192.836604152351,NETWORK_REPLY,"[0,254]",89,"[93,254]","[202,2]",,TREE
2192.83663850916,NETWORK_REPLY,"[0,254]",89,"[93,254]","[202,1]",,TREE
2192.8366826280776,NETWORK_REPLY,"[0,254]",98,"[93,1]","[202,2]",,TREE
2192.8367169848866,NETWORK_REPLY,"[0,254]",98,"[93,1]","[202,1]",,TREE
2192.8367620892304,NETWORK_REPLY,"[0,254]",97,"[148,1]","[202,2]",,TREE
2192.8367964460394,NETWORK_REPLY,"[0,254]",97,"[148,1]","[202,1]",,TREE
2192.8368373751896,NETWORK_REPLY,"[0,254]",96,"[148,2]","[202,2]",,TREE
2192.8368717319986,NETWORK_REPLY,"[0,254]",96,"[148,2]","[202,1]",,TREE
2192.8369190036055,NETWORK_REPLY,"[0,254]",86,"[152,1]","[202,2]",,TREE
2192.8369533604146,NETWORK_REPLY,"[0,254]",86,"[152,1]","[202,1]",,TREE
2192.8369911112204,NETWORK_REPLY,"[0,254]",85,"[155,2]","[202,2]",,TREE
2192.8370254680294,NETWORK_REPLY,"[0,254]",85,"[155,2]","[202,1]",,TREE
2192.837077947782,NETWORK_REPLY,"[0,254]",74,"[158,2]","[202,2]",,TREE
2192.837112304591,NETWORK_REPLY,"[0,254]",74,"[158,2]","[202,1]",,TREE
2192.8371568803905,NETWORK_REPLY,"[0,254]",73,"[162,2]","[202,2]",,TREE
2192.8371912371995,NETWORK_REPLY,"[0,254]",73,"[162,2]","[202,1]",,TREE
2192.8372070591836,NETWORK_REPLY,"[0,254]",62,"[167,2]","[202,2]",,TREE
2192.8372414159926,NETWORK_REPLY,"[0,254]",62,"[167,2]","[202,1]",,TREE
2192.83729525534,NETWORK_REPLY,"[0,254]",52,"[188,2]","[202,2]",,TREE
2192.837329612149,NETWORK_REPLY,"[0,254]",52,"[188,2]","[202,1]",,TREE
2192.8373732210603,NETWORK_REPLY,"[0,254]",42,"[190,2]","[202,2]",,TREE
2192.8374075778693,NETWORK_REPLY,"[0,254]",42,"[190,2]","[202,1]",,TREE
2192.837450646777,NETWORK_REPLY,"[0,254]",32,"[196,2]","[202,2]",,MESH
2192.837485003586,NETWORK_REPLY,"[0,254]",32,"[196,2]","[202,1]",,MESH
2192.837533125912,NETWORK_REPLY,"[0,254]",23,"[202,2]","[202,2]",,DIRECT
2192.837567482721,NETWORK_REPLY,"[0,254]",23,"[202,1]","[202,1]",,DIRECT
2202.8343740307423,NETWORK_REQUEST,"[205,1]",5,"[205,254]","[0,254]",,TREE
2202.8344530210106,NETWORK_REQUEST,"[205,1]",14,"[202,254]","[0,254]",,TREE
2202.834540460105,NETWORK_REQUEST,"[205,1]",23,"[196,254]","[0,254]",,TREE
2202.83462293924,NETWORK_REQUEST,"[205,1]",32,"[190,254]","[0,254]",,TREE
2202.834700364957,NETWORK_REQUEST,"[205,1]",42,"[188,254]","[0,254]",,TREE
2202.834778330677,NETWORK_REQUEST,"[205,1]",52,"[167,254]","[0,254]",,TREE
2202.8348665268336,NETWORK_REQUEST,"[205,1]",62,"[162,254]","[0,254]",,TREE
2202.8349167056267,NETWORK_REQUEST,"[205,1]",73,"[158,254]","[0,254]",,TREE
2202.8349956382353,NETWORK_REQUEST,"[205,1]",74,"[155,254]","[0,254]",,TREE
2202.8350824747968,NETWORK_REQUEST,"[205,1]",85,"[152,254]","[0,254]",,TREE
2202.8351545824116,NETWORK_REQUEST,"[205,1]",86,"[148,254]","[0,254]",,TREE
2202.8352362108276,NETWORK_REQUEST,"[205,1]",96,"[93,1]","[0,254]",,TREE
2202.8353114967867,NETWORK_REQUEST,"[205,1]",97,"[93,254]","[0,254]",,TREE
2202.8353909579396,NETWORK_REQUEST,"[205,1]",98,"[58,1]","[0,254]",,TREE
2202.8354694336663,NETWORK_REQUEST,"[205,1]",89,"[58,254]","[0,254]",,TREE
2202.835549835515,NETWORK_REQUEST,"[205,1]",79,"[47,3]","[0,254]",,TREE
2202.835629442196,NETWORK_REQUEST,"[205,1]",69,"[47,254]","[0,254]",,TREE
2202.8356759994663,NETWORK_REQUEST,"[205,1]",59,"[43,2]","[0,254]",,TREE
2202.8357239948714,NETWORK_REQUEST,"[205,1]",49,"[43,254]","[0,254]",,TREE
2202.8358129938706,NETWORK_REQUEST,"[205,1]",39,"[4,2]","[0,254]",,TREE
2202.835861859952,NETWORK_REQUEST,"[205,1]",29,"[4,254]","[0,254]",,TREE
2202.8359275803073,NETWORK_REQUEST,"[205,1]",28,"[0,3]","[0,254]",,TREE
2202.835991104506,NETWORK_REQUEST,"[205,1]",18,"[0,254]","[0,254]",,DIRECT
2202.836077262602,NETWORK_REPLY,"[0,254]",17,"[0,3]","[205,1]",,TREE
2202.836163420698,NETWORK_REPLY,"[0,254]",18,"[4,1]","[205,1]",,TREE
2202.8362269448967,NETWORK_REPLY,"[0,254]",28,"[4,2]","[205,1]",,TREE
2202.836292665252,NETWORK_REPLY,"[0,254]",29,"[43,1]","[205,1]",,TREE
2202.8363415313333,NETWORK_REPLY,"[0,254]",39,"[43,2]","[205,1]",,TREE
2202.8364305303326,NETWORK_REPLY,"[0,254]",49,"[47,1]","[205,1]",,TREE
2202.8364785257377,NETWORK_REPLY,"[0,254]",59,"[47,3]","[205,1]",,TREE
2202.836525083008,NETWORK_REPLY,"[0,254]",69,"[58,254]","[205,1]",,TREE
2202.836604689689,NETWORK_REPLY,"[0,254]",79,"[58,1]","[205,1]",,TREE
2202.8366850915377,NETWORK_REPLY,"[0,254]",89,"[93,254]","[205,1]",,TREE
2202.8367635672644,NETWORK_REPLY,"[0,254]",98,"[93,1]","[205,1]",,TREE
2202.836843028417,NETWORK_REPLY,"[0,254]",97,"[148,1]","[205,1]",,TREE
2202.8369183143764,NETWORK_REPLY,"[0,254]",96,"[148,2]","[205,1]",,TREE
2202.8369999427923,NETWORK_REPLY,"[0,254]",86,"[152,1]","[205,1]",,TREE
2202.837072050407,NETWORK_REPLY,"[0,254]",85,"[155,2]","[205,1]",,TREE
2202.8371588869686,NETWORK_REPLY,"[0,254]",74,"[158,2]","[205,1]",,TREE
2202.8372378195772,NETWORK_REPLY,"[0,254]",73,"[162,2]","[205,1]",,TREE
2202.8372879983704,NETWORK_REPLY,"[0,254]",62,"[167,2]","[205,1]",,TREE
2202.8373761945268,NETWORK_REPLY,"[0,254]",52,"[188,2]","[205,1]",,TREE
2202.837454160247,NETWORK_REPLY,"[0,254]",42,"[190,2]","[205,1]",,TREE
2202.837531585964,NETWORK_REPLY,"[0,254]",32,"[196,2]","[205,1]",,TREE
2202.837614065099,NETWORK_REPLY,"[0,254]",23,"[202,2]","[205,1]",,MESH
2202.8377015041933,NETWORK_REPLY,"[0,254]",14,"[205,1]","[205,1]",,DIRECT
2307.8364100716462,NETWORK_REQUEST,"[201,2]",10,"[201,254]","[0,254]",,TREE
2307.836496382484,NETWORK_REQUEST,"[201,2]",11,"[199,254]","[0,254]",,TREE
2307.8365419852034,NETWORK_REQUEST,"[201,2]",22,"[196,254]","[0,254]",,TREE
2307.8366150070797,NETWORK_REQUEST,"[201,2]",32,"[190,254]","[0,254]",,TREE
2307.8366924327966,NETWORK_REQUEST,"[201,2]",42,"[188,254]","[0,254]",,TREE
2307.836770398517,NETWORK_REQUEST,"[201,2]",52,"[167,254]","[0,254]",,TREE
2307.8368585946732,NETWORK_REQUEST,"[201,2]",62,"[162,254]","[0,254]",,TREE
2307.8369087734663,NETWORK_REQUEST,"[201,2]",73,"[158,254]","[0,254]",,TREE
2317.8364100716462,NETWORK_REQUEST,"[201,2]",10,"[201,254]","[0,254]",,TREE
2317.836496382484,NETWORK_REQUEST,"[201,2]",11,"[199,254]","[0,254]",,TREE
2317.8365419852034,NETWORK_REQUEST,"[201,2]",22,"[196,254]","[0,254]",,TREE
2317.8366150070797,NETWORK_REQUEST,"[201,2]",32,"[190,254]","[0,254]",,TREE
2317.8366924327966,NETWORK_REQUEST,"[201,2]",42,"[188,254]","[0,254]",,TREE
2317.836770398517,NETWORK_REQUEST,"[201,2]",52,"[167,254]","[0,254]",,TREE
2317.8368585946732,NETWORK_REQUEST,"[201,2]",62,"[162,254]","[0,254]",,TREE
2317.8369087734663,NETWORK_REQUEST,"[201,2]",73,"[158,254]","[0,254]",,TREE
2327.8364100716462,NETWORK_REQUEST,"[201,2]",10,"[201,254]","[0,254]",,TREE
2327.8382547715587,NETWORK_REQUEST,"[154,2]",65,"[154,254]","[0,254]",,TREE
2327.838275841954,NETWORK_REQUEST,"[154,2]",66,"[151,254]","[0,254]",,TREE
2327.83835508247,NETWORK_REQUEST,"[154,2]",67,"[149,254]","[0,254]",,TREE
2327.838442416287,NETWORK_REQUEST,"[154,2]",77,"[96,254]","[0,254]",,TREE
2327.838520310291,NETWORK_REQUEST,"[154,2]",88,"[58,1]","[0,254]",,TREE
2327.838587145106,NETWORK_REQUEST,"[154,2]",89,"[58,254]","[0,254]",,TREE
2327.8386675469546,NETWORK_REQUEST,"[154,2]",79,"[47,3]","[0,254]",,TREE
2327.8387471536357,NETWORK_REQUEST,"[154,2]",69,"[47,254]","[0,254]",,TREE
2327.838793710906,NETWORK_REQUEST,"[154,2]",59,"[43,2]","[0,254]",,TREE
2327.838841706311,NETWORK_REQUEST,"[154,2]",49,"[43,254]","[0,254]",,TREE
2327.8389307053103,NETWORK_REQUEST,"[154,2]",39,"[4,2]","[0,254]",,TREE
2327.8389795713915,NETWORK_REQUEST,"[154,2]",29,"[4,254]","[0,254]",,TREE
2327.839045291747,NETWORK_REQUEST,"[154,2]",28,"[0,3]","[0,254]",,TREE
2337.8382547715587,NETWORK_REQUEST,"[154,2]",65,"[154,254]","[0,254]",,TREE
2337.838275841954,NETWORK_REQUEST,"[154,2]",66,"[151,254]","[0,254]",,TREE
2337.83835508247,NETWORK_REQUEST,"[154,2]",67,"[149,254]","[0,254]",,TREE
2337.838442416287,NETWORK_REQUEST,"[154,2]",77,"[96,254]","[0,254]",,TREE
2337.838520310291,NETWORK_REQUEST,"[154,2]",88,"[58,1]","[0,254]",,TREE
2337.838587145106,NETWORK_REQUEST,"[154,2]",89,"[58,254]","[0,254]",,TREE
2337.8386675469546,NETWORK_REQUEST,"[154,2]",79,"[47,3]","[0,254]",,TREE
2337.8387471536357,NETWORK_REQUEST,"[154,2]",69,"[47,254]","[0,254]",,TREE
2337.838793710906,NETWORK_REQUEST,"[154,2]",59,"[43,2]","[0,254]",,TREE
2337.838841706311,NETWORK_REQUEST,"[154,2]",49,"[43,254]","[0,254]",,TREE
2337.8389307053103,NETWORK_REQUEST,"[154,2]",39,"[4,2]","[0,254]",,TREE
2337.8389795713915,NETWORK_REQUEST,"[154,2]",29,"[4,254]","[0,254]",,TREE
2337.839045291747,NETWORK_REQUEST,"[154,2]",28,"[0,3]","[0,254]",,TREE
