packet_id,source_node,created_at,received_at,delay
"(16, (0, 254))",16,67.83203754245046,67.83211864428088,8.11018304176514e-05
"((0, 1), (0, 254))",16,1682.8325227745859,1682.8326038764162,8.110183034659713e-05
"(26, (0, 1))",26,77.83207033382642,77.83210212520238,3.1791375960210644e-05
"(25, (0, 1))",25,77.83210140388113,77.83216426531179,6.28614306634745e-05
"((0, 254), (0, 1))",17,802.5440861714007,802.5441672732312,8.110183046028396e-05
"((1, 1), (1, 254))",26,777.8321411580098,,
"((1, 2), (1, 254))",25,77.8324589131552,77.83252177458586,6.28614306634745e-05
"((0, 1), (1, 2))",16,77.83239505172453,77.8324579131552,6.28614306634745e-05
"((1, 2), (0, 1))",25,747.83561159016,747.8356744515908,6.286143070610706e-05
"((1, 2), (0, 1))",25,747.83561159016,747.8356744515908,6.286143070610706e-05
"((0, 1), (1, 1))",16,112.8322017461113,112.83223353748726,3.1791375960210644e-05
"((0, 1), (1, 254))",16,1672.8322017461112,,
"(26, (1, 254))",26,87.83207033382642,87.8321047459181,3.441209167931447e-05
"(27, (0, 254))",27,91.10006337319254,91.10012574638507,6.23731925344373e-05
"((0, 2), (0, 254))",27,1887.548474179331,1887.5485365525235,6.237319257706986e-05
"((1, 1), (0, 1))",26,777.8321411580098,777.8321729493857,3.1791375931788934e-05
"((1, 2), (1, 1))",25,107.83233119029387,107.83236560238555,3.441209167931447e-05
"(35, (1, 254))",35,97.83217993956511,97.8322574752491,7.753568398527477e-05
"((1, 3), (1, 254))",35,780.3201594023169,,
"(36, (0, 2))",36,107.83238969623197,107.83245927828916,6.958205719342914e-05
"((0, 254), (0, 2))",17,137.83281067647948,137.832873049672,6.237319252022644e-05
"(38, (0, 2))",38,137.8326708259788,137.83274630328697,7.547730817236697e-05
"(28, (0, 2))",28,97.8327534511598,97.83283589762947,8.244646966204527e-05
"(34, (1, 254))",34,100.31710916012015,100.31718879345114,7.963333098359726e-05
"((1, 4), (1, 254))",34,782.5451179003198,,
"(18, (0, 254))",18,106.10008615809632,106.10017131619263,8.515809631148841e-05
"((0, 3), (0, 254))",18,2297.8329892915513,2297.8330744496475,8.515809622622328e-05
"((1, 2), (1, 3))",25,737.8323311902939,737.8324087259779,7.753568399948563e-05
"((1, 2), (1, 4))",25,737.8323311902939,737.8324108236249,7.963333098359726e-05
"(46, (1, 3))",46,107.83246089878389,107.83254057468294,7.967589904467332e-05
"((1, 3), (0, 254))",16,107.83268397179758,107.832765073628,8.11018304176514e-05
"(28, (0, 3))",28,107.8327534511598,107.83281597535843,6.25241986256242e-05
"((0, 254), (1, 3))",25,107.83291203688907,107.83298957257306,7.753568398527477e-05
"((0, 254), (0, 3))",17,131.10051303870733,131.10059819680365,8.515809631148841e-05
"((4, 1), (4, 254))",28,107.83317986414691,107.83324238834554,6.25241986256242e-05
"((3, 1), (3, 254))",46,107.83323260027018,107.83331227616922,7.967589904467332e-05
"((0, 3), (4, 1))",18,107.83311633994829,107.83317886414692,6.25241986256242e-05
"((1, 3), (3, 1))",35,107.83315192437114,107.83323160027018,7.967589904467332e-05
"((4, 1), (0, 3))",28,2327.833179864147,,
"((3, 1), (1, 3))",46,780.3200787264178,780.3201584023169,7.967589908730588e-05
"((3, 1), (1, 3))",46,780.3200787264178,780.3201584023169,7.967589908730588e-05
"(33, (1, 4))",33,110.31719892037033,110.31728768062051,8.87602501791207e-05
"((1, 4), (0, 254))",16,160.96273526402666,160.96281636585707,8.110183040344054e-05
"((0, 254), (1, 4))",25,160.9629633291181,160.9630429624491,7.963333098359726e-05
"(55, (3, 254))",55,110.3176977391449,110.31778334388495,8.560474005037122e-05
"((5, 1), (5, 254))",33,110.31801115455515,110.31809991480533,8.87602501791207e-05
"((3, 2), (3, 254))",55,780.3199921216777,780.3200777264178,8.560474009300378e-05
"((3, 2), (3, 254))",55,780.3199921216777,780.3200777264178,8.560474009300378e-05
"((1, 4), (5, 1))",34,110.31792139430497,110.31801015455515,8.87602501791207e-05
"((5, 1), (1, 4))",33,782.5450281400697,782.5451169003197,8.876025003701216e-05
"((5, 1), (1, 4))",33,782.5450281400697,782.5451169003198,8.8760250150699e-05
"(15, (1, 254))",15,112.54352348715051,112.54359396308364,7.047593312847766e-05
"((1, 5), (1, 254))",15,779.9629788064125,,
"((1, 3), (3, 254))",35,772.8323370109331,772.8324166868322,7.967589908730588e-05
"((1, 4), (5, 254))",34,775.3172704267821,775.3173591870323,8.8760250150699e-05
"((1, 4), (1, 3))",34,775.3172704267821,775.3173132181013,4.279131917428458e-05
"(8, (0, 3))",8,126.10029612710878,126.10033277992862,3.66528198441074e-05
"((1, 1), (1, 5))",26,117.83214115800978,117.83220516610659,6.400809681395003e-05
"(36, (1, 1))",36,117.83238969623197,117.83247827222478,8.857599280531758e-05
"((1, 1), (0, 254))",16,117.83257854574711,117.83265964757753,8.11018304176514e-05
"(56, (3, 254))",56,117.83253894856026,117.83261599833662,7.704977636535659e-05
"(57, (3, 254))",57,117.83254628853881,117.83263067829373,8.43897549174244e-05
"((0, 254), (1, 1))",16,117.83274274940794,117.8327745407839,3.1791375960210644e-05
"((3, 3), (3, 254))",56,777.8326950481129,777.8327720978892,7.704977633693488e-05
"((3, 4), (3, 254))",57,777.835367673913,777.835451378577,8.370466400720034e-05
"((3, 4), (3, 254))",57,777.835367673913,777.835451378577,8.370466400720034e-05
"((3, 4), (3, 254))",57,777.835367673913,777.8354520636678,8.438975487479183e-05
"(43, (5, 254))",43,120.3172278833779,120.31725584638546,2.7963007568132525e-05
"(32, (5, 254))",32,120.31726723008114,120.31733453979196,6.73097108148113e-05
"((5, 2), (5, 254))",43,780.317285809393,780.3173137724006,2.7963007596554235e-05
"((5, 3), (5, 254))",32,782.5449598303588,782.5450271400696,6.730971074375702e-05
"((5, 3), (5, 254))",32,782.5449598303588,782.5450271400697,6.730971085744386e-05
"(65, (3, 2))",65,120.31764568599927,120.3176967391449,5.1053145639912145e-05
"((3, 2), (0, 254))",16,142.8331302833942,142.83321138522462,8.110183040344054e-05
"((0, 254), (3, 2))",46,142.8335175600687,142.83360316480878,8.560474006458207e-05
"((7, 1), (7, 254))",65,120.31863745775011,120.31868851089575,5.1053145639912145e-05
"((3, 2), (7, 1))",55,120.31858540460448,120.31863645775012,5.1053145639912145e-05
"((7, 1), (3, 2))",65,780.3196512739627,780.3197023271083,5.105314562570129e-05
"((7, 1), (3, 2))",65,780.3196512739627,780.3197023271083,5.105314562570129e-05
"((0, 3), (4, 254))",18,2296.100258474289,2296.100320998488,6.252419871088932e-05
"(9, (0, 3))",9,131.10034267745,131.10042588061103,8.320316104004633e-05
"(5, (1, 5))",5,122.54357731540449,122.54363014365848,5.282825398467139e-05
"((1, 5), (0, 254))",16,149.96263283446936,149.96271393629976,8.110183040344054e-05
"(23, (5, 3))",23,122.54377810157682,122.54385958071201,8.147913518996575e-05
"((0, 254), (1, 5))",16,149.96279703813016,149.9628327305738,3.5692443645984895e-05
"((5, 3), (0, 254))",16,140.317838378083,140.3179194799134,8.110183040344054e-05
"((8, 1), (8, 254))",5,122.54412886188868,122.54418169014266,5.282825398467139e-05
"((1, 5), (8, 1))",15,122.5440750336347,122.54412786188868,5.282825398467139e-05
"((8, 1), (1, 5))",5,767.5441288618887,767.5441816901426,5.282825395624968e-05
"((0, 254), (5, 3))",33,140.3182368367556,140.31830414646643,6.730971082902215e-05
"((9, 1), (9, 254))",23,122.54487735122366,122.54495883035885,8.147913518996575e-05
"((5, 3), (9, 1))",32,122.54479487208847,122.54487635122366,8.147913518996575e-05
"((9, 1), (5, 3))",23,782.5448773512236,782.5449588303587,8.147913513312233e-05
"((1, 2), (6, 254))",25,737.8323311902939,737.8323656023855,3.441209162247105e-05
"((3, 1), (3, 3))",46,782.833071248472,782.8331482982484,7.704977633693488e-05
"((3, 1), (3, 4))",46,782.833071248472,782.8331556382269,8.438975487479183e-05
"((3, 1), (3, 2))",46,782.833071248472,782.8331568532121,8.560474009300378e-05
"((5, 1), (5, 2))",33,125.3178316340548,125.31785959706237,2.7963007568132525e-05
"((5, 1), (5, 3))",33,785.3178316340548,785.3178989437656,6.730971085744386e-05
"((3, 2), (3, 3))",55,770.317870948625,770.3179094241726,3.847554762614891e-05
"((3, 2), (7, 254))",55,770.317870948625,770.3179220017706,5.105314562570129e-05
"((10, 254), (0, 3))",8,2331.100543748941,,
"((1, 5), (1, 1))",15,772.5436664390168,772.5437304471136,6.400809684237174e-05
"((1, 5), (0, 1))",15,772.5436664390168,772.5437021314603,3.5692443589141476e-05
"((0, 1), (6, 254))",16,772.8322017461113,772.8322335374872,3.1791375931788934e-05
"((0, 1), (1, 5))",16,772.8322017461113,772.8322374385549,3.5692443589141476e-05
"((1, 3), (1, 4))",35,772.8323370109331,772.8323798022523,4.279131917428458e-05
"(36, (2, 254))",36,127.83238969623197,127.83245927828916,6.958205719342914e-05
"((2, 1), (2, 254))",36,127.83267202446073,127.83274160651793,6.958205719342914e-05
"((0, 2), (2, 1))",27,127.83260144240354,127.83267102446074,6.958205719342914e-05
"(47, (3, 4))",47,137.83260757664053,137.83266786474223,6.028810170732868e-05
"(67, (3, 4))",67,127.83263062876964,127.83271396900047,8.334023083023112e-05
"((3, 4), (0, 254))",16,127.83302343176906,127.83305842934124,3.4997572171846514e-05
"((3, 4), (0, 254))",16,127.83302343176906,127.83310453359948,8.11018304176514e-05
"(38, (2, 254))",38,127.8326708259788,,
"((2, 1), (0, 2))",36,1927.5466348583964,,
"((0, 254), (3, 4))",46,127.83341070844358,127.83344899394025,3.828549667161951e-05
"((0, 254), (3, 4))",46,127.83341070844358,127.8334950981985,8.43897549174244e-05
"((11, 1), (11, 254))",47,127.83351128204195,127.83357157014366,6.028810170732868e-05
"((11, 2), (11, 254))",67,127.83370301463273,127.83378635486356,8.334023083023112e-05
"((3, 4), (11, 2))",57,127.8336186744019,127.83370201463273,8.334023083023112e-05
"((11, 2), (3, 4))",67,777.8352833336821,777.8353659888221,8.265513997685048e-05
"((11, 2), (3, 4))",67,777.8352833336821,777.8353659888221,8.265513997685048e-05
"((11, 2), (3, 4))",67,777.8352833336821,777.835366673913,8.334023084444198e-05
"(64, (3, 2))",64,139.01223521990423,139.01230963280085,7.44128966232438e-05
"(53, (5, 2))",53,150.31731827378437,150.31740766419082,8.939040645827845e-05
"((5, 2), (0, 254))",16,130.3176718822102,130.3177529840406,8.110183040344054e-05
"(31, (5, 3))",31,140.31746983143157,140.31753481336037,6.498192880144416e-05
"(75, (7, 254))",75,130.3175716675556,130.31764468599928,7.301844368612365e-05
"((7, 2), (7, 254))",75,780.319577255519,780.3196502739627,7.301844368612365e-05
"((7, 2), (7, 254))",75,780.319577255519,780.3196502739627,7.301844368612365e-05
"((0, 254), (5, 2))",33,130.3180703408828,130.31809830389037,2.7963007568132525e-05
"((13, 254), (0, 3))",9,2336.1006833999645,,
"(29, (4, 254))",29,131.83281917151524,131.83288389187067,6.472035542515187e-05
"((4, 2), (4, 254))",29,2326.8336746140158,2326.833739334371,6.472035511251306e-05
"((4, 2), (4, 254))",29,2326.8336746140158,2326.8337393343713,6.472035556726041e-05
"(4, (8, 254))",4,132.5436386897967,132.5436990641889,6.037439220563101e-05
"(13, (9, 254))",13,132.54372504141094,132.54377710157684,5.206016589909268e-05
"((8, 2), (8, 254))",4,777.5437614385811,777.5438218129733,6.037439220563101e-05
"(12, (9, 254))",12,132.54378147304539,132.5438571612452,7.568819981429442e-05
"((9, 2), (9, 254))",13,777.5438311617427,777.5438832219086,5.206016589909268e-05
"((9, 3), (9, 254))",12,777.5457803729607,777.5458560611605,7.568819978587271e-05
"((9, 3), (9, 254))",12,777.5457803729607,777.5458560611605,7.568819978587271e-05
"((3, 3), (7, 254))",56,777.8326950481129,777.832750120662,5.50725491166304e-05
"((3, 3), (3, 2))",56,777.8326950481129,777.8327335236605,3.847554762614891e-05
"((3, 4), (3, 3))",57,777.8327170680486,777.8327842004485,6.713239986311237e-05
"((3, 4), (11, 1))",57,132.83271706804865,132.83277735615036,6.028810170732868e-05
"((3, 4), (11, 254))",57,777.8327170680486,777.8328004082795,8.334023084444198e-05
"(66, (3, 2))",66,142.83274961277115,142.83281960564045,6.999286929953996e-05
"(24, (1, 5))",24,133.96226190740484,133.9623514212669,8.951386206490497e-05
"((5, 3), (5, 2))",32,195.31740384950277,195.31749302353745,8.917403468444718e-05
"((5, 3), (9, 254))",32,780.3174038495027,780.3174853286379,8.147913513312233e-05
"((7, 1), (3, 3))",65,780.3185333514588,780.3185884240079,5.50725491166304e-05
"((7, 1), (7, 2))",65,780.3185333514588,780.3186063699025,7.301844368612365e-05
"((0, 2), (4, 254))",27,1876.1001901195775,1876.1002725660471,8.244646960520186e-05
"((0, 2), (2, 254))",27,1876.1001901195775,1876.1002597016347,6.958205722185085e-05
"((0, 3), (10, 254))",18,2296.100258474289,2296.100295127109,3.6652819744631415e-05
"((0, 3), (13, 254))",18,2296.100258474289,2296.10034167745,8.320316101162462e-05
"((8, 1), (8, 2))",5,782.5440212053807,782.5440815797729,6.037439220563101e-05
"((9, 1), (9, 3))",23,782.5447123929532,782.544788081153,7.568819978587271e-05
"((9, 1), (9, 2))",23,782.5447123929532,782.5447644531191,5.206016589909268e-05
"((1, 2), (1, 5))",25,737.8323311902939,737.832401666227,7.047593317111023e-05
"(37, (2, 254))",37,137.83251164195036,137.83257826924714,6.662729677486823e-05
"((2, 4), (2, 254))",37,1922.8326468965438,1922.8327135238405,6.662729674644652e-05
"(58, (11, 254))",58,137.83270819276763,137.8327847567656,7.656399796474034e-05
"((11, 3), (11, 254))",58,782.8328633207635,782.8329398847615,7.656399793631863e-05
"((14, 254), (0, 2))",38,1922.83295052698,,
"((4, 1), (0, 2))",28,2327.83305281575,,
"((4, 1), (4, 2))",28,2327.83305281575,2327.8331175361054,6.472035556726041e-05
"((4, 1), (14, 254))",28,1907.8330528157496,1907.8331344409307,8.1625181110212e-05
"((3, 1), (2, 254))",46,782.833071248472,782.833141451024,7.020255191036995e-05
"(77, (11, 254))",77,137.83362166798813,137.83370800180518,8.633381705180909e-05
"((11, 4), (11, 254))",77,777.835195999865,777.8352816485913,8.56487262126393e-05
"((11, 4), (11, 254))",77,777.835195999865,777.8352816485913,8.56487262126393e-05
"((11, 4), (11, 254))",77,777.835195999865,777.8352823336821,8.63338170802308e-05
"((15, 254), (3, 2))",64,780.3199167087811,780.3199911216777,7.44128966516655e-05
"((15, 254), (3, 2))",64,780.3199167087811,780.3199911216777,7.44128966516655e-05
"(6, (1, 5))",6,149.96242495918625,149.9624964971056,7.153791935365916e-05
"(74, (15, 254))",74,140.3175060710722,140.3175757704717,6.969939951773085e-05
"(84, (7, 2))",84,140.31755938746153,140.3176137236949,5.433623337580684e-05
"((7, 2), (0, 254))",16,140.31824151874258,140.31832262057299,8.110183040344054e-05
"((15, 1), (15, 254))",74,780.3198460093815,780.3199157087811,6.969939954615256e-05
"((15, 1), (15, 254))",74,780.3198460093815,780.3199157087811,6.969939954615256e-05
"(85, (7, 2))",85,140.31776273692122,140.3178047693995,4.203247826239931e-05
"((5, 1), (12, 254))",33,785.3178316340548,785.3178595970624,2.7963007596554235e-05
"((3, 2), (15, 254))",55,770.317870948625,770.3179453615217,7.44128966516655e-05
"((0, 254), (7, 2))",65,140.3187674533028,140.31884047174648,7.301844368612365e-05
"((16, 254), (5, 3))",31,781.5469560634845,781.5470210454132,6.498192874460074e-05
"((17, 2), (17, 254))",85,140.31877952347668,140.31882155595494,4.203247826239931e-05
"((17, 1), (17, 254))",84,780.3186351712221,780.3186703041963,3.5132974176121934e-05
"((7, 2), (17, 2))",75,140.31873649099842,140.31877852347668,4.203247826239931e-05
"((17, 2), (7, 2))",85,780.3195342230407,780.319576255519,4.203247829082102e-05
"((17, 2), (7, 2))",85,780.3195342230407,780.319576255519,4.203247829082102e-05
"(44, (1, 4))",44,151.96239136722954,151.96244141046947,5.004323992352511e-05
"((1, 5), (8, 254))",15,772.5436664390168,772.5437192672707,5.282825395624968e-05
"(11, (9, 3))",11,157.54400085054914,157.54406585165327,6.500110413298898e-05
"(3, (9, 3))",3,142.54388617789806,142.54396016135343,7.398345536557827e-05
"((9, 3), (0, 254))",16,157.5445285837109,157.5446096855413,8.110183040344054e-05
"((0, 254), (9, 3))",23,157.54507783122952,157.54515351942933,7.568819981429442e-05
"((18, 1), (18, 254))",11,142.54506714413384,142.54513214523797,6.500110413298898e-05
"((18, 2), (18, 254))",3,142.5452260933958,142.54530007685116,7.398345536557827e-05
"((9, 3), (18, 2))",12,142.54515110994043,142.5452250933958,7.398345536557827e-05
"((18, 2), (9, 3))",3,777.5457053895054,777.5457793729607,7.398345530873485e-05
"((18, 2), (9, 3))",3,777.5457053895054,777.5457793729607,7.398345530873485e-05
"((1, 3), (2, 254))",35,772.8323370109331,772.8324208145439,8.380361077797716e-05
"((2, 1), (3, 254))",36,772.8325308603463,772.8326010628982,7.020255191036995e-05
"((2, 1), (1, 1))",36,772.8325308603463,772.8326194363391,8.857599277689587e-05
"((2, 1), (1, 3))",36,772.8325308603463,772.8326146639571,8.380361077797716e-05
"((2, 1), (2, 4))",36,1912.8325308603462,1912.832597487643,6.662729674644652e-05
"(47, (14, 254))",47,142.83277835615036,142.83284060548863,6.224933827070345e-05
"((14, 1), (14, 254))",47,1922.5479583918998,1922.548020641238,6.224933827070345e-05
"((14, 1), (2, 4))",47,1912.8335112820419,1912.8335634578134,5.217577154326136e-05
"((11, 2), (11, 3))",67,772.8335343341711,772.833610898169,7.656399793631863e-05
"((11, 2), (11, 4))",67,772.8335343341711,772.8336206679882,8.63338170802308e-05
"((19, 254), (3, 2))",66,772.833675157678,772.8337451505473,6.999286927111825e-05
"(19, (13, 254))",19,143.9488027252362,143.94887141105542,6.868581922958583e-05
"((13, 1), (13, 254))",19,2333.948942096875,2333.949010782694,6.868581931485096e-05
"(24, (1, 254))",24,143.96226190740484,143.96232015559923,5.824819439226303e-05
"((1, 6), (1, 254))",24,773.9623804037935,,
"((7, 2), (15, 254))",75,775.3177197044429,775.3177997285229,8.002408003449091e-05
"((7, 2), (19, 254))",75,775.3177197044429,775.3178021669547,8.246251184118591e-05
"((7, 2), (17, 254))",75,775.3177197044429,775.3177617369212,4.203247829082102e-05
"((7, 2), (15, 1))",75,775.3177197044429,775.3177843009263,6.459648341206048e-05
"((8, 2), (9, 2))",4,777.5437614385811,777.5438467901954,8.535161430245353e-05
"((8, 2), (18, 254))",4,777.5437614385811,777.5438417476515,8.030907042666513e-05
"((9, 2), (18, 254))",13,777.5438311617427,777.543885177898,5.4016155331737536e-05
"((9, 3), (18, 1))",12,147.543934849445,147.54399985054914,6.500110413298898e-05
"((9, 3), (9, 2))",12,777.543934849445,777.5439902810795,5.543163445054233e-05
"((9, 3), (18, 254))",12,777.543934849445,777.5440088329003,7.398345530873485e-05
"((3, 3), (3, 4))",56,777.8326950481129,777.8327621805128,6.713239986311237e-05
"((3, 3), (19, 254))",56,777.8326950481129,777.8327486127711,5.3564658173854696e-05
"(69, (11, 3))",69,157.83279158735417,157.83287398194074,8.239458657044452e-05
"((11, 3), (0, 254))",16,147.83435415365363,147.83436154254383,7.388890196580178e-06
"((11, 3), (0, 254))",16,147.83435415365363,147.83443525548404,8.110183040344054e-05
"((0, 254), (11, 3))",67,147.8349111603139,147.83491401137167,2.851057757879971e-06
"((0, 254), (11, 3))",67,147.8349111603139,147.83498772431187,7.656399796474034e-05
"(78, (11, 4))",78,162.83386513235948,162.83393292909673,6.77967372553212e-05
"(88, (11, 4))",88,147.83369956199255,147.83377645599697,7.689400442245642e-05
"(68, (11, 3))",68,157.83374261991898,157.833809073716,6.645379701808452e-05
"((11, 4), (0, 254))",16,162.83441406591325,162.83449516774365,8.110183040344054e-05
"(59, (11, 3))",59,147.83382539812493,147.8338827866562,5.7388531274682464e-05
"((20, 3), (20, 254))",59,147.83415508519022,147.8342124737215,5.7388531274682464e-05
"((20, 2), (20, 254))",68,777.8340473733933,777.8341291515993,8.177820598120888e-05
"((20, 1), (20, 254))",69,777.8340633141829,777.8341088714532,4.5557270254903415e-05
"((11, 3), (20, 3))",58,147.83409669665895,147.83415408519022,5.7388531274682464e-05
"((20, 3), (11, 3))",59,777.8341550851902,777.8342124737215,5.738853133152588e-05
"((0, 254), (11, 4))",67,162.83497107257352,162.83505740639058,8.633381705180909e-05
"((21, 1), (21, 254))",78,147.83495253549376,147.835020332231,6.77967372553212e-05
"((21, 2), (21, 254))",88,147.83511742076976,147.83519431477418,7.689400442245642e-05
"((11, 4), (21, 2))",77,147.83503952676534,147.83511642076976,7.689400442245642e-05
"((21, 2), (11, 4))",88,777.8351174207697,777.8351943147742,7.689400445087813e-05
"(54, (15, 254))",54,149.0132493549896,149.0133281051134,7.875012380509361e-05
"((15, 2), (15, 254))",54,780.3188062964375,780.3188850465613,7.875012374825019e-05
"((15, 2), (15, 254))",54,780.3188062964375,780.3188850465613,7.875012374825019e-05
"((22, 254), (1, 5))",6,779.9629062684932,779.9629778064125,7.153791932523745e-05
"(63, (15, 2))",63,150.31736091410633,150.31743021353074,6.929942441047388e-05
"((5, 3), (16, 254))",32,780.3174038495027,780.3174688314315,6.498192874460074e-05
"(73, (15, 1))",73,150.3174271384636,150.3175050710722,7.793260860466944e-05
"((15, 2), (0, 254))",16,150.31789605430492,150.31797715613533,8.110183040344054e-05
"((15, 1), (0, 254))",16,150.3182737463567,150.3183548481871,8.110183040344054e-05
"(84, (15, 1))",84,150.31755938746153,150.31761170385087,5.231638934333205e-05
"(83, (15, 1))",83,150.31773271308901,150.3178169563068,8.424321779898492e-05
"((0, 254), (15, 2))",64,150.3184453486161,150.3185240987399,7.875012380509361e-05
"((0, 254), (15, 1))",64,150.3188230406679,150.3188927400674,6.969939951773085e-05
"((7, 1), (15, 254))",65,780.3185333514588,780.3186004979758,6.714651703987329e-05
"((7, 1), (19, 254))",65,780.3185333514588,780.3185534218542,2.0070395407856267e-05
"((23, 1), (23, 254))",63,150.31873599701314,150.31880529643755,6.929942441047388e-05
"((24, 2), (24, 254))",84,150.31863517122213,150.31868748761147,5.231638934333205e-05
"((24, 1), (24, 254))",73,780.3186607874413,780.3187423732824,8.158584103057365e-05
"((15, 2), (23, 1))",54,150.31866569758873,150.31873499701314,6.929942441047388e-05
"((24, 3), (24, 254))",83,150.31883758448618,150.31892182770397,8.424321779898492e-05
"((23, 1), (15, 2))",63,780.318735997013,780.3188052964375,6.92994244673173e-05
"((15, 1), (24, 3))",74,150.31875234126838,150.31883658448618,8.424321779898492e-05
"((24, 3), (15, 1))",83,780.3197607661638,780.3198450093815,8.42432177705632e-05
"((24, 3), (15, 1))",83,780.3197607661638,780.3198450093815,8.42432177705632e-05
"(45, (1, 4))",45,160.9625026962136,160.96258976926504,8.707305144639577e-05
"((0, 2), (2, 4))",27,1876.1001901195775,1876.1002404832386,5.0363661102892365e-05
"((0, 2), (14, 254))",27,1876.1001901195775,1876.1002655968857,7.547730820078868e-05
"((0, 3), (13, 1))",18,2296.100258474289,2296.1003066760604,4.8201771278399974e-05
"((25, 254), (1, 4))",44,781.9629466468934,781.9629966901334,5.0043239980368526e-05
"(2, (18, 254))",2,152.54396748860574,152.54404779931343,8.031070768765858e-05
"((8, 1), (22, 254))",5,782.5440212053807,,
"((18, 3), (18, 254))",2,782.5441301100211,782.5442104207287,8.031070763081516e-05
"((9, 1), (1, 6))",23,782.5447123929532,782.5447832895076,7.089655434810993e-05
"(21, (16, 254))",21,152.5451349456152,152.54522075825176,8.581263656992633e-05
"((16, 1), (16, 254))",21,782.5453085708883,782.5453943835249,8.581263659834804e-05
"((1, 2), (1, 6))",25,737.8323311902939,737.8323894384882,5.824819436384132e-05
"((2, 4), (0, 2))",37,1922.8326468965438,,
"((2, 4), (14, 1))",37,1922.8326468965438,1922.8326990723153,5.217577154326136e-05
"((2, 4), (14, 254))",37,1922.8326468965438,1922.832680996796,3.410025215089263e-05
"((4, 1), (13, 1))",28,2327.83305281575,2327.8331138714407,6.105569082137663e-05
"((11, 4), (21, 1))",77,152.83379633562222,152.83386413235948,6.77967372553212e-05
"((15, 1), (7, 2))",74,770.3176474698712,770.3177120663546,6.459648341206048e-05
"((15, 1), (24, 1))",74,770.3176474698712,770.3177254024798,7.793260863309115e-05
"(84, (17, 254))",84,155.31777504067634,155.31781017365057,3.513297423296535e-05
"((3, 2), (19, 254))",55,770.317870948625,770.3179409414943,6.999286927111825e-05
"((17, 2), (17, 1))",85,770.3186934585201,770.3187285914943,3.5132974176121934e-05
"((17, 1), (7, 2))",84,780.3186351712221,780.3186895074555,5.433623334738513e-05
"((17, 1), (15, 1))",84,780.3186351712221,780.3186874876114,5.231638931491034e-05
"((1, 5), (1, 6))",15,772.5436664390168,772.5437559528788,8.951386200806155e-05
"((1, 5), (22, 254))",15,772.5436664390168,772.5437379769361,7.153791932523745e-05
"((18, 2), (9, 2))",3,772.545076126485,772.5451301426403,5.4016155331737536e-05
"((18, 2), (18, 3))",3,772.545076126485,772.5451564371926,8.031070763081516e-05
"((18, 2), (8, 2))",3,772.545076126485,772.5451564355554,8.030907042666513e-05
"((26, 254), (9, 3))",11,772.5452205205335,772.5452855216377,6.50011041898324e-05
"((1, 3), (25, 254))",35,772.8323370109331,772.8323893285075,5.231757438650675e-05
"((14, 1), (3, 4))",47,772.833511282042,772.8335715701437,6.028810173575039e-05
"((11, 2), (19, 254))",67,772.8335343341711,772.8336125746874,7.824051635907381e-05
"(98, (21, 254))",98,157.83378743538793,157.83387430878332,8.687339538937522e-05
"((21, 3), (21, 254))",98,772.8339631821786,772.834050055574,8.687339538937522e-05
"((13, 1), (4, 254))",19,2318.948942096875,2318.9490031525656,6.105569082137663e-05
"((13, 1), (4, 2))",19,2318.948942096875,2318.949016367641,7.42707661629538e-05
"((13, 1), (0, 3))",19,2333.948942096875,,
"((1, 6), (9, 254))",24,773.9623804037935,773.9624513003479,7.089655434810993e-05
"((1, 6), (1, 4))",24,773.9623804037935,773.9624578203783,7.741658475879376e-05
"((1, 6), (1, 5))",24,773.9623804037935,773.9624699176555,8.951386200806155e-05
"((1, 4), (1, 6))",34,775.3172704267821,775.3173478433669,7.741658475879376e-05
"((1, 4), (25, 254))",34,775.3172704267821,775.3173204700221,5.0043239980368526e-05
"(53, (23, 254))",53,160.31731827378437,160.31735991410633,4.1640321967406635e-05
"((23, 2), (23, 254))",53,775.3174035544282,775.3174451947501,4.1640321910563216e-05
"(73, (24, 254))",73,160.3174271384636,160.31750872430456,8.158584097373023e-05
"(72, (24, 254))",72,160.3174802805911,160.31755902335465,7.874276354868925e-05
"(40, (16, 254))",40,160.3175385764761,160.31760632152063,6.774504453233021e-05
"((24, 4), (24, 254))",72,780.3196810234002,780.3197597661638,7.874276354868925e-05
"((24, 4), (24, 254))",72,780.3196810234002,780.3197597661638,7.874276354868925e-05
"((16, 2), (16, 254))",40,780.3198325119552,780.3199002569996,6.774504447548679e-05
"((7, 2), (17, 1))",75,775.3177197044429,775.3177740406762,5.433623334738513e-05
"(62, (23, 254))",62,160.3186436885194,160.31869097887446,4.7290355070117585e-05
"((23, 3), (23, 254))",62,776.5842088547626,776.5842561451176,4.7290355041695875e-05
"((27, 254), (1, 4))",45,775.9631320355005,775.9632191085519,8.707305141797406e-05
"(41, (16, 254))",41,161.54528748209717,161.54535220594258,6.472384541211795e-05
"((16, 3), (16, 254))",41,776.545418929788,776.5454836536334,6.472384541211795e-05
"((4, 2), (13, 1))",29,2321.832950612226,2321.833024882992,7.42707661629538e-05
"((9, 2), (9, 3))",13,777.5438311617427,777.5438865933771,5.543163445054233e-05
"((9, 2), (8, 2))",13,777.5438311617427,777.543916513357,8.535161430245353e-05
"((9, 3), (26, 254))",12,777.543934849445,777.5439998505492,6.50011041898324e-05
"(1, (18, 3))",1,162.54401021095407,162.5440519333024,4.1722348328221415e-05
"((18, 3), (0, 254))",16,162.54467095952307,162.54475206135348,8.110183040344054e-05
"((0, 254), (18, 3))",3,162.54537187869687,162.54545218940456,8.031070768765858e-05
"((28, 1), (28, 254))",1,162.54558135644953,162.54562307879786,4.1722348328221415e-05
"((18, 3), (28, 1))",2,162.5455386341012,162.54558035644953,4.1722348328221415e-05
"((28, 1), (18, 3))",1,777.5455813564495,777.5456230787978,4.1722348328221415e-05
"((3, 4), (14, 1))",57,777.8327170680486,777.8327773561504,6.028810173575039e-05
"(68, (20, 254))",68,162.83293077456057,162.83301255276652,8.177820595278718e-05
"(69, (20, 254))",69,162.83294671535012,162.8329922726204,4.5557270283325124e-05
"((20, 3), (20, 2))",59,777.8340383081277,777.8341200863337,8.177820598120888e-05
"((20, 2), (11, 3))",68,777.8340473733933,777.8341138271903,6.64537969896628e-05
"((20, 1), (20, 2))",69,777.8340633141829,777.8341161191403,5.2804957363150606e-05
"((20, 1), (11, 3))",69,777.8340633141829,777.8341457087695,8.239458657044452e-05
"((21, 2), (21, 3))",88,777.8349616327608,777.8350485061562,8.687339538937522e-05
"((29, 254), (11, 4))",78,777.8351272031277,777.835194999865,6.779673731216462e-05
"((15, 2), (23, 254))",54,779.0134088552371,779.0134781546616,6.92994244673173e-05
"((23, 1), (24, 1))",63,780.3185953981642,780.3186606225215,6.522435728584242e-05
"((23, 1), (23, 2))",63,780.3185953981642,780.3186370384861,4.1640321910563216e-05
"((24, 1), (15, 1))",73,780.3186607874413,780.31873872005,7.793260863309115e-05
"((24, 1), (23, 254))",73,780.3186607874413,780.3187260117986,6.522435728584242e-05
"((24, 1), (24, 4))",73,780.3186607874413,780.3187129295688,5.214212751525338e-05
"((24, 3), (24, 1))",83,780.3186670980506,780.3187486838916,8.158584103057365e-05
"((24, 3), (24, 4))",83,780.3186670980506,780.3187458408141,7.874276354868925e-05
"(20, (26, 254))",20,165.5441034350248,165.54417957851663,7.614349183882041e-05
"(10, (26, 254))",10,165.5441711995547,165.5442565103922,8.531083747698176e-05
"((26, 1), (26, 254))",20,780.5442577220084,780.5443338655002,7.61434918103987e-05
"((26, 2), (26, 254))",10,780.5443438212296,780.5444291320671,8.531083744856005e-05
"(97, (21, 254))",97,165.83399538124866,165.83405238203082,5.7000782163640906e-05
"((21, 4), (21, 254))",97,780.8341113828129,780.834168383595,5.70007821352192e-05
"((16, 1), (26, 254))",21,782.5453085708883,782.5453753723697,6.680148135274067e-05
"(87, (11, 4))",87,167.5840482687897,167.58411825390766,6.998511796041385e-05
"((11, 3), (20, 2))",58,782.8328633207635,782.8329297745605,6.64537969896628e-05
"((11, 3), (20, 254))",58,782.8328633207635,782.8329207092949,5.738853133152588e-05
"((3, 1), (27, 254))",46,782.833071248472,782.8331272334208,5.598494874448079e-05
"((11, 4), (29, 254))",77,767.8337963356222,767.8338641323595,6.779673731216462e-05
"((11, 4), (21, 254))",77,767.8337963356222,767.8338732296266,7.689400445087813e-05
"(99, (21, 3))",99,167.83382353908755,167.83385864278716,3.510369961645665e-05
"((21, 3), (0, 254))",16,167.8345055470035,167.8345866488339,8.110183040344054e-05
"((0, 254), (21, 3))",88,167.83522778148523,167.83531465488062,8.687339538937522e-05
"((30, 1), (30, 254))",99,167.83542396597946,167.83545906967908,3.510369961645665e-05
"((21, 3), (30, 1))",98,167.83538786227984,167.83542296597946,3.510369961645665e-05
"((30, 1), (21, 3))",99,767.8354239659794,767.835459069679,3.510369958803494e-05
"(93, (24, 254))",93,168.3178738430276,168.3179376977344,6.385470680925209e-05
"((24, 5), (24, 254))",93,770.3192822465024,770.3193461012092,6.385470680925209e-05
"((24, 5), (24, 254))",93,770.3192822465024,770.3193461012092,6.385470680925209e-05
"(42, (5, 254))",42,169.54540829286933,169.54549044669457,8.215382524667802e-05
"((5, 4), (5, 254))",42,784.5455746005198,784.545656754345,8.215382524667802e-05
"(81, (24, 4))",81,170.31755177360932,170.31762226662755,7.0493018228035e-05
"(50, (16, 2))",50,170.3176185196489,170.31769746282174,7.894317283785313e-05
"((24, 4), (0, 254))",16,170.31836202543045,170.31844312726085,8.110183040344054e-05
"(92, (24, 5))",92,170.31764198125938,170.31769383838605,5.1857126663890085e-05
"((15, 1), (17, 1))",74,770.3176474698712,770.3176997862605,5.231638931491034e-05
"((15, 1), (17, 254))",74,770.3176474698712,770.3177333064326,8.583656142491236e-05
"((15, 1), (24, 254))",74,770.3176474698712,770.317731713089,8.42432177705632e-05
"(71, (24, 4))",71,170.3176905077587,170.3177402493992,4.9741640509637364e-05
"((24, 5), (0, 254))",16,170.31830072636055,170.31838182819095,8.110183040344054e-05
"((16, 2), (0, 254))",16,170.3181357545177,170.3182168563481,8.110183040344054e-05
"(51, (16, 3))",51,170.3176986792231,170.31776827082834,6.95916052393386e-05
"((16, 3), (0, 254))",16,170.31820354132518,170.31828464315558,8.110183040344054e-05
"(95, (17, 254))",95,170.3178461558797,170.31792857483816,8.241895847049818e-05
"((3, 2), (27, 254))",55,770.317870948625,770.3179456996813,7.475105633147905e-05
"(96, (21, 4))",96,170.31792238540115,170.31799667136036,7.42859592151035e-05
"((21, 4), (0, 254))",16,170.31861370296346,170.31869480479386,8.110183040344054e-05
"((17, 3), (17, 254))",95,780.3194508040822,780.3195332230407,8.24189585273416e-05
"((17, 3), (17, 254))",95,780.3194508040822,780.3195332230407,8.24189585273416e-05
"((0, 254), (16, 2))",31,170.31866850482993,170.31873624987446,6.774504453233021e-05
"((0, 254), (16, 3))",31,170.3187362916374,170.31880101548282,6.472384541211795e-05
"((0, 254), (24, 4))",73,170.31906095174975,170.31911309387726,5.214212751525338e-05
"((0, 254), (24, 5))",83,170.31900596328904,170.31906981799585,6.385470680925209e-05
"((17, 2), (15, 1))",85,770.3186934585201,770.3187792950815,8.583656142491236e-05
"((0, 254), (21, 4))",88,170.3193359374452,170.31939293822737,5.7000782163640906e-05
"((31, 1), (31, 254))",50,170.31897707939297,170.3190560225658,7.894317283785313e-05
"((16, 2), (31, 1))",40,170.31889713622013,170.31897607939297,7.894317283785313e-05
"((31, 1), (16, 2))",50,780.3197525687823,780.3198315119552,7.894317286627484e-05
"((33, 2), (33, 254))",71,170.31914833602713,170.31919807766764,4.9741640509637364e-05
"((33, 1), (33, 254))",81,780.3195804670022,780.3196292817597,4.881475751972175e-05
"((33, 1), (33, 254))",81,780.3195804670022,780.3196292817597,4.881475751972175e-05
"((24, 4), (33, 2))",72,170.31909759438662,170.31914733602713,4.9741640509637364e-05
"((34, 1), (34, 254))",92,170.31922938937583,170.3192812465025,5.1857126663890085e-05
"((33, 2), (24, 4))",71,780.3196302817597,780.3196800234002,4.9741640509637364e-05
"((33, 2), (24, 4))",71,780.3196302817597,780.3196800234002,4.9741640509637364e-05
"((24, 5), (34, 1))",93,170.31917653224917,170.31922838937584,5.1857126663890085e-05
"((34, 1), (24, 5))",92,770.3192293893758,770.3192812465024,5.1857126663890085e-05
"(0, (28, 254))",0,172.5440756852921,172.54414015963016,6.44743380462387e-05
"((28, 2), (28, 254))",0,772.5442066339682,772.5442711083062,6.44743380462387e-05
"((1, 3), (27, 254))",35,772.8323370109331,772.8323940223428,5.701140969449625e-05
"((21, 3), (30, 254))",98,772.8339631821786,772.8339982858782,3.510369958803494e-05
"((21, 3), (21, 4))",98,772.8339631821786,772.8340416433316,7.846115295251366e-05
"((1, 4), (27, 254))",34,775.3172704267821,775.3173574998335,8.707305141797406e-05
"((23, 2), (5, 2))",53,190.3174035544283,190.31749294483475,8.939040645827845e-05
"((23, 2), (15, 2))",53,775.3174035544282,775.3174353924952,3.1838067002354364e-05
"((24, 1), (23, 3))",73,175.31759231014553,175.31764148893876,4.917879323329544e-05
"((24, 4), (33, 1))",72,775.3176397661182,775.3177102591364,7.049301825645671e-05
"((24, 4), (23, 3))",72,175.3176397661182,175.317700756254,6.099013580751489e-05
"((24, 4), (24, 1))",72,775.3176397661182,775.3176919082457,5.214212751525338e-05
"((24, 4), (33, 254))",72,775.3176397661182,775.3176895077587,4.9741640509637364e-05
"((16, 2), (32, 254))",40,775.3176760665651,775.3177366071686,6.054060349924839e-05
"((23, 3), (24, 1))",62,775.3187402692295,775.3187894480227,4.917879323329544e-05
"((23, 3), (24, 4))",62,775.3187402692295,775.3188012593653,6.099013580751489e-05
"(86, (17, 254))",86,175.58420496272905,175.58427607034417,7.11076151276302e-05
"((17, 4), (17, 254))",86,777.5856629754988,777.585734083114,7.110761509920849e-05
"((17, 4), (17, 254))",86,777.5856629754988,777.585734083114,7.110761509920849e-05
"((16, 3), (5, 4))",41,776.545418929788,776.5454782439591,5.931417115334625e-05
"((16, 3), (16, 2))",41,776.545418929788,776.5454794703915,6.054060349924839e-05
"(61, (23, 3))",61,176.58279563711494,176.58287678999443,8.115287948839978e-05
"((23, 3), (0, 254))",16,176.5834612205481,176.5835423223785,8.110183040344054e-05
"((0, 254), (23, 3))",63,176.58416056440748,176.58420785476255,4.7290355070117585e-05
"((28, 1), (28, 2))",1,777.5454959117528,777.5455603860909,6.44743380462387e-05
"(87, (17, 4))",87,177.5840482687897,177.5841170136248,6.874483509022866e-05
"((17, 4), (0, 254))",16,190.3185549032538,190.31863600508422,8.110183040344054e-05
"((0, 254), (17, 4))",85,190.31919788873597,190.3192689963511,7.11076151276302e-05
"((37, 1), (37, 254))",87,177.58559323066382,177.5856619754989,6.874483509022866e-05
"((17, 4), (37, 1))",86,177.58552348582873,177.58559223066382,6.874483509022866e-05
"((37, 1), (17, 4))",87,777.5855932306638,777.5856619754989,6.874483506180695e-05
"((20, 2), (20, 1))",68,777.8340473733933,777.8341001783507,5.2804957363150606e-05
"((20, 2), (29, 254))",68,777.8340473733933,777.8340985285869,5.115519354603748e-05
"((20, 3), (20, 1))",59,777.8340383081277,777.8340838653979,4.5557270254903415e-05
"((21, 2), (29, 254))",88,777.8349616327608,777.8350328808679,7.12481070195281e-05
"((21, 2), (35, 254))",88,777.8349616327608,777.835018633543,5.70007821352192e-05
"(22, (5, 3))",22,178.54555874046272,178.5456307623391,7.202187637744828e-05
"((15, 2), (23, 2))",54,779.0134088552371,779.0134406933041,3.1838067002354364e-05
"(89, (29, 254))",89,179.58417985626912,179.58426803390245,8.817763333013318e-05
"((29, 1), (29, 254))",89,779.5843582115357,779.584446389169,8.817763330171147e-05
"((5, 3), (5, 4))",32,780.3174038495027,780.3174802752197,7.642571699761902e-05
"(81, (33, 254))",81,180.31755177360932,180.31760058836684,4.881475751972175e-05
"(51, (31, 254))",51,180.3176986792231,180.31777783879727,7.91595741702622e-05
"((31, 2), (31, 254))",51,780.3196724092081,780.3197515687823,7.91595741702622e-05
"(94, (17, 3))",94,180.31789882971003,180.31795050354037,5.1673830341769644e-05
"(96, (17, 4))",96,190.31792238540115,190.31800301381733,8.062841618539096e-05
"((17, 3), (0, 254))",16,180.3185137043202,180.3185948061506,8.110183040344054e-05
"((23, 1), (36, 254))",63,780.3185953981642,780.3186426885193,4.7290355041695875e-05
"((0, 254), (17, 3))",85,180.31915668980236,180.31923910876083,8.241895847049818e-05
"((24, 1), (36, 254))",73,780.3186607874413,780.3187099662346,4.917879323329544e-05
"((24, 3), (24, 5))",83,780.3186670980506,780.3187309527574,6.385470680925209e-05
"(91, (34, 254))",91,180.31913157938348,180.31917387170722,4.229232374086678e-05
"((34, 2), (34, 254))",91,780.3192181640309,780.3192604563546,4.229232376928849e-05
"((38, 1), (38, 254))",94,180.31939813025184,180.31944980408218,5.1673830341769644e-05
"((17, 3), (38, 1))",95,180.3193454564215,180.31939713025184,5.1673830341769644e-05
"((38, 1), (17, 3))",94,780.3193981302518,780.3194498040822,5.167383039861306e-05
"((26, 1), (16, 1))",20,180.54425772200847,180.54429150500278,3.3782994307784975e-05
"((26, 1), (26, 2))",20,780.5442577220084,780.5443244865384,6.676452994724968e-05
"((26, 2), (26, 1))",10,780.5443438212296,780.5444105857596,6.676452994724968e-05
"((26, 2), (28, 2))",10,780.5443438212296,780.5443979533729,5.4132143304741476e-05
"((21, 4), (37, 254))",97,780.8341113828129,780.8341579208197,4.6538006813534594e-05
"(30, (16, 1))",30,181.545713252931,181.54579332861107,8.007568007428745e-05
"((16, 1), (0, 254))",16,181.54624968789906,181.54633078972947,8.110183040344054e-05
"((0, 254), (16, 1))",31,181.5467824382113,181.54686825084787,8.581263656992633e-05
"((39, 1), (39, 254))",30,781.5469503265278,781.547030402208,8.007568010270916e-05
"((18, 3), (28, 254))",2,782.5441301100211,782.5441718323694,4.1722348328221415e-05
"((16, 1), (26, 1))",21,782.5453085708883,782.5453423538826,3.3782994250941556e-05
"((11, 3), (20, 1))",58,782.8328633207635,782.8329457153501,8.239458657044452e-05
"((11, 4), (37, 254))",77,767.8337963356222,767.8338663207402,6.998511798883555e-05
"((11, 4), (17, 4))",77,767.8337963356222,767.8338810444436,8.470882141864422e-05
"((24, 5), (34, 254))",93,768.3180035524412,768.3180554095678,5.1857126663890085e-05
"((5, 4), (16, 254))",42,784.5455746005198,784.5456286874465,5.4086926752461295e-05
"((5, 4), (5, 3))",42,784.5455746005198,784.5456510262368,7.642571699761902e-05
"((5, 4), (32, 254))",42,784.5455746005198,784.5456339146909,5.931417115334625e-05
"((5, 1), (5, 4))",33,785.3178316340548,785.31791378788,8.215382524667802e-05
"((17, 2), (17, 3))",85,770.3186934585201,770.3187758774786,8.24189585273416e-05
"((17, 2), (17, 4))",85,770.3186934585201,770.3187645661352,7.110761509920849e-05
"((31, 1), (31, 2))",50,770.3188171930473,770.3188963526214,7.91595741702622e-05
"((31, 1), (16, 3))",50,770.3188171930473,770.3188926392061,7.544615880306083e-05
"((33, 2), (33, 1))",71,770.319046852746,770.3190956675036,4.881475751972175e-05
"((33, 1), (24, 4))",81,780.3176514031243,780.3177218961425,7.049301825645671e-05
"((33, 1), (34, 2))",81,780.3176514031243,780.3177143783839,6.297525965237583e-05
"((34, 1), (34, 2))",92,770.3191236751225,770.3191659674462,4.229232376928849e-05
"(61, (33, 254))",61,186.58279563711494,186.5828636289308,6.799181585392944e-05
"((33, 3), (33, 254))",61,771.5829336207466,771.5830016125625,6.799181585392944e-05
"((28, 2), (26, 2))",0,772.5442066339682,772.5442607661115,5.4132143304741476e-05
"((21, 3), (29, 1))",98,772.8339631821786,772.8340406579056,7.74757269255133e-05
"(22, (39, 254))",22,188.54555874046272,188.54563117725093,7.24367882014576e-05
"((39, 2), (39, 254))",22,773.5457056140391,773.5457780508273,7.243678817303589e-05
"((24, 4), (36, 254))",72,775.3176397661182,775.317700756254,6.099013580751489e-05
"((16, 2), (31, 254))",40,775.3176760665651,775.317755009738,7.894317286627484e-05
"((16, 2), (39, 1))",40,775.3176760665651,775.3177150147517,3.894818655680865e-05
"(60, (31, 2))",60,190.31778154087473,190.3178634025264,8.18616516653492e-05
"((31, 2), (0, 254))",16,190.31846179696936,190.31854289879976,8.110183040344054e-05
"((0, 254), (31, 2))",50,190.31914323549896,190.31922239507313,7.91595741702622e-05
"(90, (33, 1))",90,200.31915308127023,200.31923755841663,8.447714640169579e-05
"((33, 1), (0, 254))",16,190.3199598908459,190.3200409926763,8.110183040344054e-05
"((40, 1), (40, 254))",60,190.3194719800281,190.31955384167978,8.18616516653492e-05
"((41, 254), (17, 4))",96,775.3193516247673,775.3194322531834,8.062841618539096e-05
"((31, 2), (40, 1))",51,190.31938911837645,190.31947098002811,8.18616516653492e-05
"((40, 1), (31, 2))",60,780.3195895475565,780.3196714092081,8.18616516653492e-05
"((0, 254), (33, 1))",72,190.32074487053794,190.32081536355616,7.0493018228035e-05
"((17, 4), (11, 4))",86,775.5843491779592,775.5844338867806,8.470882141864422e-05
"((17, 4), (37, 254))",86,775.5843491779592,775.5844179227943,6.874483506180695e-05
"((17, 4), (41, 254))",86,775.5843491779592,775.5844298063754,8.062841618539096e-05
"((37, 1), (21, 254))",87,777.5854537409936,777.585517493658,6.375266445957095e-05
"((37, 1), (11, 4))",87,777.5854537409936,777.5855237261115,6.998511798883555e-05
"((37, 1), (35, 254))",87,777.5854537409936,777.5855002790004,4.6538006813534594e-05
"((37, 1), (41, 254))",87,777.5854537409936,777.5855135690729,5.982807931559364e-05
"((21, 2), (37, 254))",88,777.8349616327608,777.8350253854253,6.375266445957095e-05
"((21, 2), (29, 1))",88,777.8349616327608,777.8350274675757,6.583481490451959e-05
"((29, 1), (21, 254))",89,779.5843582115357,779.5844240463506,6.583481490451959e-05
"((29, 1), (21, 3))",89,779.5843582115357,779.5844356872626,7.74757269255133e-05
"((5, 3), (39, 2))",32,780.3174038495027,780.3174758713791,7.202187634902657e-05
"((31, 2), (16, 3))",51,780.3178589983714,780.3179285899766,6.95916052109169e-05
"((31, 2), (33, 3))",51,780.3178589983714,780.3179210483553,6.204998385328508e-05
"((34, 2), (42, 254))",91,780.3192181640309,780.3192770635576,5.889952672077925e-05
"((26, 1), (39, 254))",20,780.5442577220084,780.5442915050027,3.3782994250941556e-05
"((26, 1), (39, 1))",20,780.5442577220084,780.5443441211332,8.63991248252205e-05
"((39, 1), (16, 2))",30,781.5469503265278,781.5469892747144,3.894818655680865e-05
"((39, 1), (26, 1))",30,781.5469503265278,781.5470367256527,8.63991248252205e-05
"(39, (4, 2))",39,196.83299947830756,196.83304734438903,4.786608147355764e-05
"((4, 2), (0, 254))",18,196.83317758894307,196.83326274703938,8.515809631148841e-05
"((0, 254), (4, 2))",28,196.8334134293343,196.83347814968974,6.472035542515187e-05
"((43, 1), (43, 254))",39,196.83362574793415,196.83367361401562,4.786608147355764e-05
"((4, 2), (43, 1))",29,196.83357688185268,196.83362474793415,4.786608147355764e-05
"((43, 1), (4, 2))",39,2326.833625747934,2326.8336736140154,4.7866081331449095e-05
"((16, 1), (39, 2))",21,782.5453085708883,782.5453810076765,7.243678817303589e-05
"((16, 1), (39, 1))",21,782.5453085708883,782.5453886465684,8.007568010270916e-05
"(76, (17, 254))",76,199.7990749259353,199.79916129931854,8.637338325456767e-05
"((17, 5), (17, 254))",76,769.7992496727018,769.799336046085,8.637338328298938e-05
"(70, (40, 254))",70,200.31781130308516,200.3178400652956,2.876221043379701e-05
"((40, 2), (40, 254))",70,785.317870827506,785.3178995897164,2.876221037695359e-05
"((17, 3), (38, 254))",95,770.3180129937966,770.318064667627,5.167383039861306e-05
"((17, 3), (41, 254))",95,770.3180129937966,770.3180882233181,7.522952148519835e-05
"((33, 2), (33, 3))",71,770.319046852746,770.3191148445619,6.799181585392944e-05
"((33, 2), (42, 254))",71,200.3190468527461,200.31909566750363,4.881475751972175e-05
"((34, 1), (33, 1))",92,770.3191236751225,770.3192128827725,8.920765003495035e-05
"(82, (33, 254))",82,201.44934220908254,201.4494211193678,7.891028525364163e-05
"((33, 4), (33, 254))",82,771.449502029653,771.4495809399383,7.891028531048505e-05
"((33, 3), (23, 3))",61,201.58293362074664,201.58301477362613,8.115287948839978e-05
"((33, 3), (31, 2))",61,771.5829336207466,771.5829956707305,6.204998385328508e-05
"((33, 3), (40, 254))",61,771.5829336207466,771.5829928621798,5.9241433177703584e-05
"((33, 3), (40, 2))",61,771.5829336207466,771.5830072746276,7.365388091784553e-05
"((39, 2), (9, 3))",22,773.5457056140391,773.5457469390576,4.132501851472625e-05
"((39, 2), (26, 254))",22,773.5457056140391,773.5457502167586,4.460271952666517e-05
"((39, 2), (5, 3))",22,773.5457056140391,773.5457776359154,7.202187634902657e-05
"((23, 2), (12, 254))",53,775.3174035544282,775.3174929448346,8.939040640143503e-05
"((7, 2), (17, 5))",75,775.3177197044429,775.3177846819581,6.497751519418671e-05
"((40, 1), (40, 2))",60,205.3193062567248,205.31933501893522,2.876221043379701e-05
"((40, 1), (33, 3))",60,775.3193062567248,775.3193654981579,5.9241433177703584e-05
"((17, 4), (17, 5))",86,775.5843491779592,775.5844097751615,6.059720226403442e-05
"(14, (1, 254))",14,205.65054005172055,205.65062715689913,8.710517857934974e-05
"((1, 7), (1, 254))",14,775.6507162620777,,
"(49, (43, 254))",49,206.11078214520302,206.1108701442024,8.799899939049283e-05
"(48, (43, 254))",48,206.11084708497387,206.11093372402726,8.663905339290068e-05
"((43, 2), (43, 254))",49,2322.836107916547,2322.8361959155463,8.799899933364941e-05
"((43, 3), (43, 254))",48,2322.8340313940876,2322.8341180331404,8.663905282446649e-05
"((43, 3), (43, 254))",48,2322.8340313940876,2322.834118033141,8.663905327921384e-05
"(52, (12, 254))",52,206.39535401653959,206.39543692076649,8.290422690038213e-05
"((12, 2), (12, 254))",52,776.3955218249934,776.3956047292203,8.290422692880384e-05
"((4, 2), (43, 254))",29,2321.832950612226,2321.832998478307,4.7866081331449095e-05
"((9, 3), (39, 2))",12,777.543934849445,777.5439761744635,4.132501851472625e-05
"(79, (29, 254))",79,209.24676843630292,209.24681394744414,4.551114122364197e-05
"((29, 2), (29, 254))",79,779.2468614585853,779.2469069697265,4.551114125206368e-05
"((5, 2), (5, 3))",43,780.317285809393,780.3173749834276,8.917403465602547e-05
"((5, 2), (23, 2))",43,780.317285809393,780.3173751997994,8.939040640143503e-05
"((5, 2), (5, 4))",43,780.317285809393,780.3173519383816,6.612898869207129e-05
"((5, 3), (12, 254))",32,780.3174038495027,780.3174930235374,8.917403465602547e-05
"((33, 1), (33, 4))",81,780.3176514031243,780.3176986719075,4.7268783191611874e-05
"((33, 1), (34, 254))",81,780.3176514031243,780.3177406107743,8.920765003495035e-05
"((31, 2), (40, 254))",51,780.3178589983714,780.3179408600231,8.18616516653492e-05
"(80, (40, 2))",80,210.31788088407887,210.3179494650726,6.858099371243043e-05
"((40, 2), (0, 254))",16,210.31866048337764,210.31874158520804,8.110183040344054e-05
"((7, 1), (17, 5))",65,780.3185333514588,780.3185983923635,6.504090470116353e-05
"((24, 3), (33, 4))",83,780.3186670980506,780.3187186028047,5.150475408299826e-05
"((0, 254), (40, 2))",61,210.31948513146529,210.31955878534615,7.365388086100211e-05
"(90, (42, 254))",90,210.31915308127023,210.31923755841663,8.447714640169579e-05
"((34, 2), (33, 4))",91,780.3192181640309,780.3192998054187,8.164138785105024e-05
"((42, 1), (42, 254))",90,210.31949498985583,210.31957946700223,8.447714640169579e-05
"((33, 1), (42, 1))",81,210.31940951270943,210.31949398985583,8.447714640169579e-05
"((42, 1), (33, 1))",90,780.3194949898558,780.3195794670022,8.447714640169579e-05
"((43, 1), (43, 2))",39,2326.833528015771,2326.8336160147705,8.799899933364941e-05
"((43, 1), (43, 3))",39,2326.833528015771,2326.8336146548245,8.663905327921384e-05
"((8, 1), (1, 7))",5,782.5440212053807,782.5440991956493,7.799026866450731e-05
"((9, 1), (1, 7))",23,782.5447123929532,782.5447988320477,8.643909450256615e-05
"((1, 2), (1, 7))",25,737.8323311902939,737.8324182954725,8.710517863619316e-05
"((2, 4), (43, 3))",37,1922.8326468965438,1922.8327334841576,8.658761385049729e-05
"((24, 5), (33, 4))",93,768.3180035524412,768.318079173413,7.56209718701939e-05
"((5, 4), (12, 254))",42,784.5455746005198,784.5456407295085,6.612898869207129e-05
"((5, 4), (12, 2))",42,784.5455746005198,784.5456515662404,7.696572060922335e-05
"((17, 5), (17, 4))",76,769.7992496727018,769.799310269904,6.059720226403442e-05
"((17, 5), (7, 2))",76,769.7992496727018,769.799314650217,6.497751519418671e-05
"((17, 5), (7, 254))",76,769.7992496727018,769.7993147136065,6.504090470116353e-05
"((17, 5), (11, 254))",76,769.7992496727018,769.799333448859,8.377615722565679e-05
"((17, 5), (19, 254))",76,769.7992496727018,769.7992962232917,4.65505899001073e-05
"((17, 2), (17, 5))",85,770.3186934585201,770.3187798319034,8.637338328298938e-05
"((33, 2), (33, 4))",71,770.319046852746,770.3191257630314,7.891028531048505e-05
"((34, 1), (33, 4))",92,770.3191236751225,770.3191976884191,7.401329662570788e-05
"((33, 4), (24, 254))",82,771.449502029653,771.4495535344071,5.150475408299826e-05
"((33, 4), (24, 4))",82,771.449502029653,771.4495561676367,5.413798373865575e-05
"((33, 4), (24, 5))",82,771.449502029653,771.4495776506249,7.56209718701939e-05
"((33, 4), (33, 1))",82,771.449502029653,771.4495492984362,4.7268783191611874e-05
"((33, 4), (34, 254))",82,771.449502029653,771.4495760429496,7.401329662570788e-05
"((33, 4), (34, 2))",82,771.449502029653,771.4495836710408,8.164138785105024e-05
"((33, 3), (36, 254))",61,771.5829336207466,771.5830147736261,8.115287948839978e-05
"((1, 5), (1, 7))",15,772.5436664390168,772.5437351562981,6.871728135138255e-05
"((14, 1), (43, 3))",47,1912.8335112820419,1912.8335730424812,6.176043939376541e-05
"((11, 2), (17, 5))",67,772.8335343341711,772.8336181103283,8.377615722565679e-05
"((1, 6), (1, 7))",24,773.9623804037935,773.9624237253477,4.332155413067085e-05
"((23, 2), (12, 2))",53,775.3174035544282,775.3174639574074,6.040297921572346e-05
"((24, 4), (33, 4))",72,775.3176397661182,775.3176939041019,5.413798373865575e-05
"(80, (42, 254))",80,220.31788088407887,220.31796964128353,8.875720465084669e-05
"((42, 2), (42, 254))",80,775.3180603984881,775.3181491556928,8.875720470769011e-05
"((23, 3), (33, 3))",62,775.3187402692295,775.318821422109,8.115287948839978e-05
"((23, 3), (12, 2))",62,775.3187402692295,775.318827465386,8.719615652807988e-05
"((40, 1), (44, 254))",60,775.3193062567248,775.3193350189351,2.876221037695359e-05
"((1, 7), (8, 2))",14,775.6507162620777,775.6507807342318,6.447215412208607e-05
"((1, 7), (1, 5))",14,775.6507162620777,775.6507849793591,6.871728135138255e-05
"((1, 7), (9, 2))",14,775.6507162620777,775.650790893018,7.46309402757106e-05
"((1, 7), (8, 254))",14,775.6507162620777,775.6507942523464,7.799026866450731e-05
"((1, 7), (9, 254))",14,775.6507162620777,775.6508027011722,8.643909450256615e-05
"((1, 7), (1, 6))",14,775.6507162620777,775.6507595836318,4.332155413067085e-05
"((43, 2), (20, 254))",49,776.1109601432017,776.111007138607,4.699540522778989e-05
"((43, 2), (43, 3))",49,2321.1109601432017,2321.1110240829726,6.393977082552738e-05
"((43, 3), (14, 254))",48,1916.1110223630806,1916.1110784746772,5.6111596677510533e-05
"((43, 3), (14, 1))",48,1916.1110223630806,1916.11108412352,6.176043939376541e-05
"((43, 3), (2, 4))",48,1916.1110223630806,1916.1111089506944,8.658761385049729e-05
"((43, 3), (43, 2))",48,2321.111022363081,2321.1110863028516,6.393977082552738e-05
"((12, 2), (23, 254))",52,776.3955218249934,776.395588362857,6.653786363131076e-05
"((12, 2), (5, 4))",52,776.3955218249934,776.395598790714,7.696572060922335e-05
"((12, 2), (31, 2))",52,776.3955218249934,776.39560808031,8.625531665984454e-05
"((12, 2), (23, 2))",52,776.3955218249934,776.3955822279726,6.040297921572346e-05
"((12, 2), (36, 254))",52,776.3955218249934,776.3956090211499,8.719615652807988e-05
"((8, 2), (1, 7))",4,777.5437614385811,777.5438259107352,6.447215412208607e-05
"((9, 2), (1, 7))",13,777.5438311617427,777.543905792683,7.46309402757106e-05
"((20, 1), (29, 2))",69,777.8340633141829,777.8341419208643,7.860668142711802e-05
"((20, 2), (29, 2))",68,777.8340473733933,777.834117696274,7.032288067421177e-05
"((20, 3), (43, 2))",59,777.8340383081277,777.8340853035329,4.699540522778989e-05
"((29, 2), (20, 2))",79,779.2468614585853,779.246931781466,7.032288067421177e-05
"((29, 2), (20, 1))",79,779.2468614585853,779.2469400652667,7.860668142711802e-05
"((29, 2), (29, 1))",79,779.2468614585853,779.2469408604339,7.940184866583877e-05
"((29, 1), (29, 2))",89,779.5843582115357,779.5844376133844,7.940184866583877e-05
"((5, 2), (12, 2))",43,780.317285809393,780.3173687136199,8.290422692880384e-05
"((33, 1), (42, 254))",81,780.3176514031243,780.3177358802707,8.447714640169579e-05
"((31, 2), (12, 2))",51,780.3178589983714,780.3179452536881,8.625531665984454e-05
"((23, 1), (12, 2))",63,780.3185953981642,780.3186619360279,6.653786363131076e-05
"((34, 2), (33, 1))",91,780.3192181640309,780.3192811392905,6.297525965237583e-05
"((42, 1), (34, 2))",90,780.319324035563,780.3193829350897,5.889952672077925e-05
"((42, 1), (42, 2))",90,780.319324035563,780.3194127927677,8.875720470769011e-05
"(7, (10, 254))",7,233.29692718417039,233.2970043583476,7.717417722119535e-05
"((10, 1), (10, 254))",7,2318.297083532525,2318.297160706702,7.717417702224338e-05
"((13, 1), (10, 254))",19,2318.948942096875,2318.9490245421534,8.244527862188988e-05
"((42, 2), (40, 2))",80,775.3180603984881,775.3181289794818,6.858099368400872e-05
"(26, (2, 254))",26,787.8327755407838,787.8328641167766,8.857599277689587e-05
"((2, 5), (2, 254))",26,1927.5465452824035,1927.5466338583963,8.857599277689587e-05
"((2, 5), (2, 254))",26,1927.5465452824035,1927.5466338583963,8.857599277689587e-05
"(15, (0, 1))",15,802.5439673771267,802.5440030695703,3.5692443589141476e-05
"((2, 5), (0, 1))",26,1917.8321411580098,,
"(35, (2, 254))",35,792.8329905725731,792.8330743761838,8.380361077797716e-05
"(46, (2, 254))",46,792.8330712484722,792.8331414510241,7.020255191036995e-05
"(57, (14, 1))",57,792.833156638227,792.8332169263288,6.028810173575039e-05
"((2, 6), (2, 254))",35,1485.3182231828448,1485.3183069864556,8.380361077797716e-05
"((2, 7), (2, 254))",46,1252.8336376636282,1252.8337078661802,7.020255202405679e-05
"((14, 1), (0, 254))",27,792.8333576529752,792.8334200261678,6.237319257706986e-05
"(59, (43, 2))",59,792.8333769309871,792.8334239263924,4.699540522778989e-05
"((0, 254), (14, 1))",38,792.8335608766686,792.8336231260068,6.224933827070345e-05
"((43, 2), (0, 254))",18,792.8336920360272,792.8337771941235,8.515809633991012e-05
"((45, 1), (45, 254))",57,792.833807990312,792.8338682784138,6.028810173575039e-05
"((14, 1), (45, 1))",47,792.8337467022103,792.833806990312,6.028810173575039e-05
"((0, 254), (43, 2))",39,792.8340424628553,792.8341304618547,8.799899933364941e-05
"((45, 1), (14, 1))",57,1922.547897103798,1922.5479573918997,6.028810162206355e-05
"((46, 1), (46, 254))",59,792.8342754480703,792.8343224434756,4.699540522778989e-05
"((43, 2), (46, 1))",49,792.8342274526651,792.8342744480703,4.699540522778989e-05
"((46, 1), (43, 2))",59,2322.836059921142,2322.836106916547,4.699540522778989e-05
"(34, (2, 6))",34,795.3177418738046,795.3177846651238,4.279131917428458e-05
"((2, 6), (0, 254))",27,795.3180433439337,795.3180639934795,2.0649545831474825e-05
"((2, 6), (0, 254))",27,795.3180433439337,795.3181057171263,6.237319257706986e-05
"(44, (2, 6))",44,795.3177929170446,795.317845234619,5.231757438650675e-05
"(45, (2, 6))",45,795.317829946856,795.3178869582657,5.701140969449625e-05
"((0, 254), (2, 6))",36,795.3182406723761,795.3182827523401,4.207996403238212e-05
"((0, 254), (2, 6))",36,795.3182406723761,795.3183244759869,8.380361077797716e-05
"((47, 1), (47, 254))",34,1515.319016556481,,
"((47, 2), (47, 254))",44,1515.3182765004192,,
"((47, 3), (47, 254))",45,1515.3182811942545,,
"((2, 7), (47, 254))",46,1247.833071248472,1247.833150924371,7.967589908730588e-05
"(24, (47, 1))",24,848.9623804037935,848.9624578203783,7.741658475879376e-05
"(24, (47, 1))",24,848.9623804037935,848.9624578203783,7.741658475879376e-05
"((47, 1), (0, 254))",27,798.9626579973655,798.962720370558,6.237319257706986e-05
"((0, 254), (47, 1))",35,798.9629401294186,798.9629829207378,4.279131917428458e-05
"((49, 254), (0, 1))",15,1717.5442049656747,,
"((0, 1), (2, 5))",16,1672.8322017461112,1672.8322335374871,3.1791375931788934e-05
"((0, 1), (49, 254))",16,1672.8322017461112,1672.8322374385548,3.5692443589141476e-05
"((2, 1), (2, 7))",36,1912.8325308603462,,
"((2, 1), (2, 5))",36,1912.8325308603462,1912.832619436339,8.857599277689587e-05
"((2, 1), (47, 254))",36,1912.8325308603462,,
"((14, 1), (45, 254))",47,1912.8335112820419,1912.8335715701435,6.028810162206355e-05
"(56, (2, 7))",56,817.8332917033523,817.8333687531286,7.704977633693488e-05
"(55, (2, 7))",55,802.8331578532122,802.8332434579523,8.560474009300378e-05
"((2, 7), (0, 254))",27,817.8335115377378,817.8335739109303,6.237319257706986e-05
"(54, (47, 2))",54,852.8333130162326,852.8334027275872,8.971135457613855e-05
"(58, (46, 254))",58,802.8333185424558,802.8333759309871,5.738853133152588e-05
"((47, 2), (0, 254))",27,802.8336124308296,802.8336748040222,6.237319257706986e-05
"(69, (46, 254))",69,802.8334234882574,802.8334690455276,4.5557270254903415e-05
"((0, 254), (2, 7))",36,817.8337088661801,817.833779068732,7.020255191036995e-05
"((46, 2), (46, 254))",58,2317.8334353195187,2317.83349270805,5.738853133152588e-05
"((46, 3), (46, 254))",69,2322.8360133638716,2322.836058921142,4.555727036859025e-05
"((0, 254), (47, 2))",35,802.8338945628827,802.8339468804571,5.231757438650675e-05
"((50, 1), (50, 254))",56,802.8337157134046,802.8337927631809,7.704977633693488e-05
"((50, 2), (50, 254))",55,802.8338974778485,802.8339830825886,8.560474009300378e-05
"((2, 7), (50, 2))",46,802.8338108731084,802.8338964778485,8.560474009300378e-05
"((50, 2), (2, 7))",55,1282.8338974778485,,
"(33, (47, 1))",33,865.3178316340548,865.3179203943049,8.8760250150699e-05
"((43, 2), (46, 254))",49,2321.1109601432017,2321.111007138607,4.699540522778989e-05
"((2, 6), (48, 254))",35,1482.8331601797945,1482.8332029711137,4.279131917428458e-05
"((2, 6), (51, 254))",35,1302.8331601797945,1302.833212497369,5.2317574500193587e-05
"((2, 6), (47, 3))",35,1287.8331601797945,1287.833217191204,5.7011409580809413e-05
"((2, 7), (47, 3))",46,1247.833071248472,1247.8331272334208,5.598494885816763e-05
"((46, 1), (46, 3))",59,2322.83417945726,2322.83422501453,4.555727036859025e-05
"((46, 1), (46, 2))",59,2322.83417945726,2322.834236845791,5.738853133152588e-05
"((47, 1), (51, 254))",34,1290.318266974164,1290.318317017404,5.0043239980368526e-05
"((47, 2), (48, 254))",44,1515.3182765004192,1515.3183265436592,5.0043239980368526e-05
"((47, 2), (47, 3))",44,1290.3182765004192,1290.318316617781,4.011736177744751e-05
"((47, 3), (47, 1))",45,855.3182811942546,855.318368267306,8.707305141797406e-05
"((47, 3), (51, 254))",45,1290.3182811942545,1290.3183213116163,4.011736177744751e-05
"((47, 3), (2, 7))",45,1515.3182811942545,,
"((47, 3), (50, 254))",45,1275.3182811942545,1275.318355945311,7.475105644516589e-05
"((2, 7), (50, 254))",46,1247.833071248472,1247.833156853212,8.560473997931695e-05
"(65, (50, 254))",65,812.8332099063579,812.8332609595035,5.105314562570129e-05
"(66, (50, 254))",66,812.8332288460815,812.8332988389508,6.999286927111825e-05
"(64, (50, 254))",64,812.8332332661089,812.8333076790055,7.44128966516655e-05
"((50, 3), (50, 254))",65,1282.8337445351867,1282.8337955883321,5.1053145398327615e-05
"((50, 3), (50, 254))",65,1282.8337445351867,1282.8337955883324,5.105314562570129e-05
"((50, 4), (50, 254))",66,1277.8347093341065,1277.8347793269759,6.999286938480509e-05
"((50, 5), (50, 254))",64,1280.3198780561204,1280.319952469017,7.441289653797867e-05
"((50, 5), (50, 254))",64,1280.3198780561204,1280.319952469017,7.441289653797867e-05
"(76, (50, 3))",76,822.8334143306631,822.8334793715678,6.504090470116353e-05
"(68, (46, 3))",68,812.8334597091931,812.8335125141505,5.2804957363150606e-05
"((50, 3), (0, 254))",27,812.8337608140627,812.8338231872552,6.237319257706986e-05
"((46, 3), (0, 254))",18,832.8338848891452,832.8339700472416,8.515809633991012e-05
"((0, 254), (50, 3))",55,812.834115949797,812.8341670029426,5.105314562570129e-05
"((0, 254), (46, 3))",59,832.834372310378,832.8344178676482,4.5557270254903415e-05
"((53, 1), (53, 254))",68,812.8345705698358,812.8346233747932,5.2804957363150606e-05
"((46, 3), (53, 1))",69,812.8345167648785,812.8345695698358,5.2804957363150606e-05
"((53, 1), (46, 3))",68,2312.8345705698357,2312.834623374793,5.280495724946377e-05
"((50, 2), (47, 3))",55,1282.8337242683683,1282.8337990194248,7.475105644516589e-05
"((50, 2), (52, 254))",55,832.8337242683683,,
"((50, 2), (50, 4))",55,1282.8337242683683,1282.8337942612377,6.999286938480509e-05
"((50, 2), (50, 5))",55,1282.8337242683683,1282.8337986812649,7.441289653797867e-05
"((54, 254), (2, 7))",56,1282.8338581185083,,
"((2, 6), (2, 7))",35,1482.8331601797945,,
"((2, 7), (54, 254))",46,1247.833071248472,1247.8331482982483,7.704977633693488e-05
"(67, (50, 4))",67,822.8332409784579,822.8333192189742,7.824051635907381e-05
"(75, (50, 5))",75,833.8334737904364,833.8335538145164,8.002408003449091e-05
"(74, (50, 5))",74,822.8333039655084,822.833373664908,6.969939954615256e-05
"((50, 4), (0, 254))",27,822.8336196011927,822.8336819743853,6.237319257706986e-05
"((50, 5), (0, 254))",27,833.8338586167623,833.8339209899549,6.237319257706986e-05
"(78, (53, 254))",78,822.8333971090123,822.8334482642058,5.115519354603748e-05
"(79, (46, 3))",79,832.8334436201535,832.8335222268349,7.860668142711802e-05
"((53, 2), (53, 254))",78,2322.8335014193995,2322.833552574593,5.115519343235064e-05
"((0, 254), (50, 4))",55,822.8339747369271,822.8340447297963,6.999286927111825e-05
"((0, 254), (50, 5))",55,833.8342137524967,833.8342881653933,7.44128966516655e-05
"((55, 1), (55, 254))",67,822.8342834513454,822.8343616918618,7.824051635907381e-05
"((56, 2), (56, 254))",74,822.8343113979571,822.8343810973566,6.969939954615256e-05
"((56, 1), (56, 254))",75,822.8341803238385,822.8342603479185,8.002408003449091e-05
"((50, 4), (55, 1))",66,822.8342042108291,822.8342824513454,7.824051635907381e-05
"((50, 5), (56, 2))",64,822.8342406985576,822.8343103979571,6.969939954615256e-05
"((55, 1), (50, 4))",67,1277.83463009359,1277.8347083341064,7.824051635907381e-05
"((56, 2), (50, 5))",74,1280.3198073567207,1280.3198770561203,6.969939954615256e-05
"((56, 2), (50, 5))",74,1280.3198073567207,1280.3198770561203,6.969939954615256e-05
"((50, 3), (50, 4))",65,1277.833314012649,1277.8333340830445,2.0070395521543105e-05
"((50, 3), (54, 254))",65,1277.833314012649,1277.8333690851982,5.5072549230317236e-05
"((50, 4), (52, 254))",66,1277.83337083182,1277.83341738241,4.6550590013794135e-05
"((50, 4), (55, 254))",66,1277.83337083182,1277.8334490723364,7.824051635907381e-05
"((50, 4), (54, 254))",66,1277.83337083182,1277.8334243964782,5.3564658173854696e-05
"((50, 5), (50, 3))",64,1277.8333840919022,1277.8334512384192,6.714651703987329e-05
"((50, 5), (56, 254))",64,1277.8333840919022,1277.8334537913017,6.969939954615256e-05
"((53, 1), (53, 2))",68,2312.834462959921,2312.8345141151144,5.115519343235064e-05
"(5, (49, 254))",5,832.5440212053807,832.5440740336346,5.282825395624968e-05
"((49, 1), (49, 254))",5,1717.5441288618886,1717.5441816901425,5.282825395624968e-05
"((2, 5), (49, 254))",26,1707.8321411580098,1707.8322051661066,6.400809684237174e-05
"(85, (56, 254))",85,832.8333269572798,832.8334127938413,8.583656142491236e-05
"(77, (55, 254))",77,832.833328312275,832.833414646092,8.63338170802308e-05
"(84, (56, 254))",84,832.833363090254,832.8334154066433,5.231638931491034e-05
"(83, (56, 254))",83,832.8333892087262,832.833473451944,8.42432177705632e-05
"(76, (52, 254))",76,832.8334143306631,832.8334793715678,6.504090470116353e-05
"((56, 4), (56, 254))",84,1282.8334697230325,1282.833522039422,5.2316389428597176e-05
"(73, (56, 254))",73,832.8334717945672,832.8335497271759,7.793260863309115e-05
"((56, 3), (56, 254))",85,1282.8335006304026,1282.833586466964,8.58365615385992e-05
"((55, 2), (55, 254))",77,1282.833502979909,1282.8335893137262,8.63338170802308e-05
"((46, 3), (53, 254))",69,2317.8335166027978,2317.833569407755,5.280495724946377e-05
"((52, 1), (52, 254))",76,832.8336784942819,832.8337435351866,6.504090470116353e-05
"((56, 5), (56, 254))",83,1282.8335596951617,1282.8336439383795,8.42432177705632e-05
"((50, 3), (52, 1))",65,832.8336124533772,832.8336774942819,6.504090470116353e-05
"((56, 6), (56, 254))",73,1282.8336296597845,1282.833707592393,7.793260851940431e-05
"((52, 1), (50, 3))",76,1282.833678494282,1282.8337435351866,6.504090470116353e-05
"((50, 2), (54, 254))",55,1282.8337242683683,1282.833762743916,3.847554762614891e-05
"((57, 254), (46, 3))",79,2322.8359337571906,2322.8360123638718,7.860668119974434e-05
"((58, 254), (50, 5))",75,1268.8343701894732,1268.8344502135533,8.002408003449091e-05
"((53, 2), (57, 254))",78,2322.8335014193995,2322.8335469305407,4.551114125206368e-05
"((55, 1), (52, 254))",67,1272.8341249703126,1272.8342087464698,8.377615722565679e-05
"((55, 1), (55, 2))",67,837.8341249703127,837.8342113041298,8.63338170802308e-05
"((56, 2), (58, 254))",74,1272.834169999158,1272.8342345956412,6.459648329837364e-05
"((56, 2), (56, 4))",74,1272.834169999158,1272.8342223155473,5.2316389428597176e-05
"((56, 2), (56, 3))",74,1272.834169999158,1272.8342558357194,8.58365615385992e-05
"((56, 2), (56, 6))",74,1272.834169999158,1272.8342479317664,7.793260851940431e-05
"((56, 2), (56, 5))",74,1272.834169999158,1272.8342542423757,8.42432177705632e-05
"(6, (49, 1))",6,842.544039915046,842.5440793846398,3.946959373024583e-05
"((49, 1), (0, 254))",16,842.5442344748626,842.5442520071678,1.7532305150780303e-05
"((49, 1), (0, 254))",16,842.5442344748626,842.5443155766931,8.110183046028396e-05
"(4, (49, 1))",4,842.5440825797729,842.5441429541651,6.037439220563101e-05
"((0, 254), (49, 1))",15,842.5444353709671,842.5444881992211,5.282825395624968e-05
"((59, 1), (59, 254))",6,842.5444660992895,842.5445055688832,3.946959373024583e-05
"((59, 2), (59, 254))",4,842.5446097528724,842.5446701272646,6.037439220563101e-05
"((49, 1), (59, 2))",5,842.5445483784802,842.5446087528724,6.037439220563101e-05
"((59, 2), (49, 1))",4,1712.5446097528722,1712.5446701272645,6.037439220563101e-05
"((50, 3), (50, 5))",65,1277.833314012649,1277.833381159166,6.714651703987329e-05
"((50, 3), (52, 254))",65,1277.833314012649,1277.8333790535537,6.504090470116353e-05
"((50, 3), (58, 254))",65,1277.833314012649,1277.8333870310928,7.301844379981048e-05
"((50, 4), (50, 3))",66,1277.83337083182,1277.8333909022156,2.0070395521543105e-05
"((50, 4), (58, 254))",66,1277.83337083182,1277.8334532943318,8.246251172749908e-05
"(63, (56, 6))",63,857.8336958841418,857.8337611084991,6.522435728584242e-05
"((50, 5), (58, 254))",64,1277.8333840919022,1277.8334641159822,8.002408003449091e-05
"(86, (52, 254))",86,842.8333990648949,842.8334596620972,6.059720226403442e-05
"(88, (55, 2))",88,842.8334062062794,842.8334831002838,7.689400445087813e-05
"(95, (56, 3))",95,842.8334103762384,842.8334927951969,8.24189585273416e-05
"(62, (56, 6))",62,857.8336798385777,857.833729017371,4.917879323329544e-05
"((56, 6), (0, 254))",27,857.8342155427531,857.8342458248176,3.02820644719759e-05
"((56, 6), (0, 254))",27,857.8342155427531,857.8342779159457,6.237319257706986e-05
"(93, (56, 5))",93,857.8336245498685,857.8336884045754,6.385470680925209e-05
"(87, (55, 2))",87,842.83346880973,842.833538794848,6.998511798883555e-05
"(72, (56, 6))",72,842.8334689514897,842.8335210936173,5.214212751525338e-05
"((55, 2), (0, 254))",27,842.8340057513999,842.8340124300283,6.678628437839507e-06
"((55, 2), (0, 254))",27,842.8340057513999,842.8340681245925,6.237319257706986e-05
"(89, (57, 254))",89,842.8334862866456,842.8335656884942,7.940184866583877e-05
"((56, 3), (0, 254))",27,842.8339551334037,842.8340175065963,6.237319257706986e-05
"((56, 5), (0, 254))",27,857.8341491494385,857.8342115226311,6.237319257706986e-05
"((52, 2), (52, 254))",86,1277.8335222592993,1277.8335828565016,6.059720226403442e-05
"(82, (56, 5))",82,842.8335996034156,842.8336511081696,5.150475408299826e-05
"((57, 1), (57, 254))",89,2322.835853355342,2322.8359327571907,7.940184877952561e-05
"((0, 254), (56, 6))",74,857.8347167907837,857.8347626322642,4.584148052799719e-05
"((0, 254), (56, 6))",74,857.8347167907837,857.8347947233923,7.793260863309115e-05
"((0, 254), (55, 2))",67,842.8345111205199,842.8345417597728,3.063925294100045e-05
"((0, 254), (55, 2))",67,842.8345111205199,842.834597454337,8.63338170802308e-05
"((0, 254), (56, 3))",74,842.8344563814343,842.8345422179957,8.583656142491236e-05
"((0, 254), (56, 5))",74,857.8346503974691,857.8347346406869,8.42432177705632e-05
"((60, 2), (60, 254))",62,842.8345333337008,842.8345825124941,4.917879323329544e-05
"((60, 3), (60, 254))",72,842.8346425812902,842.8346947234177,5.214212751525338e-05
"((60, 1), (60, 254))",63,842.8345493792649,842.8346146036222,6.522435728584242e-05
"((56, 6), (60, 3))",73,842.8345894391626,842.8346415812902,5.214212751525338e-05
"((61, 2), (61, 254))",87,1277.8346137448907,1277.8346837300087,6.998511798883555e-05
"((63, 2), (63, 254))",82,842.8347226685136,842.8347741732676,5.150475408299826e-05
"((61, 1), (61, 254))",88,1277.8346206537772,1277.8346975477816,7.689400445087813e-05
"((62, 1), (62, 254))",95,842.8347934748713,842.8348758938298,8.24189585273416e-05
"((63, 1), (63, 254))",93,842.8346300089581,842.8346938636649,6.385470680925209e-05
"((60, 3), (56, 6))",72,1277.8346425812902,1277.8346947234177,5.214212751525338e-05
"((56, 5), (63, 2))",83,842.8346701637595,842.8347216685136,5.150475408299826e-05
"((56, 3), (62, 1))",85,842.8347100559128,842.8347924748713,8.24189585273416e-05
"((63, 2), (56, 5))",82,1277.8354424604163,1277.8354939651701,5.1504753855624585e-05
"((63, 2), (56, 5))",82,1277.8354424604163,1277.8354939651704,5.150475408299826e-05
"((62, 1), (56, 3))",95,1277.8347934748713,1277.8348758938298,8.24189585273416e-05
"((56, 4), (58, 254))",84,1282.8334697230325,1282.833524059266,5.433623346107197e-05
"((56, 3), (52, 254))",85,1282.8335006304026,1282.8335870037859,8.637338328298938e-05
"((56, 3), (56, 4))",85,1282.8335006304026,1282.8335357633769,3.513297428980877e-05
"((56, 3), (58, 254))",85,1282.8335006304026,1282.8335426628807,4.203247817713418e-05
"((46, 3), (57, 254))",69,2317.8335166027978,2317.833595209479,7.860668119974434e-05
"((52, 1), (50, 4))",76,1282.8335464124725,1282.8335929630625,4.6550590013794135e-05
"((52, 1), (55, 254))",76,1282.8335464124725,1282.8336301886297,8.377615722565679e-05
"((52, 1), (58, 254))",76,1282.8335464124725,1282.8336113899877,6.497751519418671e-05
"((56, 5), (60, 254))",83,847.8335596951617,847.8336384379253,7.874276354868925e-05
"((50, 2), (50, 3))",55,1282.8337242683683,1282.833775321514,5.105314562570129e-05
"(14, (49, 254))",14,850.6507162620777,850.6507849793591,6.871728135138255e-05
"(14, (49, 254))",14,850.6507162620777,850.6507849793591,6.871728135138255e-05
"(14, (59, 254))",14,850.6507162620777,850.6507807342318,6.447215412208607e-05
"(14, (49, 1))",14,850.6507162620777,850.6507942523464,7.799026866450731e-05
"((49, 2), (49, 254))",14,1715.6514430415666,1715.651511758848,6.871728146506939e-05
"(6, (49, 254))",6,852.544039915046,852.5441114529654,7.153791932523745e-05
"((49, 3), (49, 254))",6,1712.5444660992894,1712.5445376372088,7.153791943892429e-05
"(94, (62, 254))",94,852.8334630500688,852.8335147238992,5.167383039861306e-05
"(97, (61, 2))",97,852.8334642070615,852.8335107450683,4.6538006813534594e-05
"(96, (62, 254))",96,852.8334806933111,852.8335559228326,7.522952148519835e-05
"(98, (61, 1))",98,852.8334940796748,852.8335809530702,8.687339538937522e-05
"((61, 2), (0, 254))",27,852.8340486867382,852.8341110599308,6.237319257706986e-05
"(71, (60, 254))",71,852.8335196931303,852.8335694347708,4.9741640509637364e-05
"(99, (57, 1))",99,852.8335301833744,852.8335789427617,4.875938736859098e-05
"((62, 2), (62, 254))",94,1272.8335683977296,1272.8336200715598,5.1673830284926225e-05
"(81, (63, 254))",81,852.8335695078878,852.833616776671,4.7268783191611874e-05
"((57, 1), (0, 254))",18,1312.8348014447129,1312.834886602809,8.515809622622328e-05
"((61, 1), (0, 254))",27,852.8341258036265,852.8341881768191,6.237319257706986e-05
"((60, 4), (60, 254))",71,1272.8336211764113,1272.833670918052,4.97416406233242e-05
"((62, 3), (62, 254))",96,1272.833633152354,1272.8337083818753,7.522952137151151e-05
"((63, 3), (63, 254))",81,1277.835394191633,1277.835441460416,4.72687829642382e-05
"((63, 3), (63, 254))",81,1277.835394191633,1277.8354414604162,4.7268783191611874e-05
"((0, 254), (61, 2))",77,852.8346413896753,852.8347113747933,6.998511798883555e-05
"((55, 1), (61, 254))",67,1272.8341249703126,1272.8342113041297,8.63338170802308e-05
"((0, 254), (57, 1))",79,1312.8354150298983,1312.835494431747,7.940184877952561e-05
"((0, 254), (61, 1))",77,852.8347185065636,852.834795400568,7.689400445087813e-05
"((64, 1), (64, 254))",97,852.8348549888137,852.8349015268205,4.6538006813534594e-05
"((61, 2), (64, 1))",87,852.8348074508069,852.8348539888137,4.6538006813534594e-05
"((65, 1), (65, 254))",99,852.8349448787973,852.8349936381846,4.875938736859098e-05
"((64, 1), (61, 2))",97,1272.8348549888137,1272.8349015268204,4.6538006699847756e-05
"((66, 1), (66, 254))",98,852.8350600207542,852.8351468941496,8.687339538937522e-05
"((57, 1), (65, 1))",89,852.8348951194099,852.8349438787973,4.875938736859098e-05
"((65, 1), (57, 1))",99,2322.834944878797,2322.8349936381846,4.8759387482277816e-05
"((61, 1), (66, 1))",88,852.8349721473588,852.8350590207542,8.687339538937522e-05
"((66, 1), (61, 1))",98,1272.835060020754,1272.8351468941494,8.687339527568838e-05
"((49, 3), (49, 1))",6,1712.5444660992894,1712.544505568883,3.946959373024583e-05
"((59, 2), (49, 2))",4,1712.5444870040878,1712.544551476242,6.44721542357729e-05
"((52, 2), (61, 254))",86,1277.8335222592993,1277.8336069681206,8.470882130495738e-05
"((52, 2), (56, 3))",86,1277.8335222592993,1277.8335933669146,7.110761521289533e-05
"((57, 1), (66, 254))",89,1277.8336470903428,1277.8337245660698,7.747572703920014e-05
"((60, 3), (63, 254))",72,1277.8345362970351,1277.8345904350188,5.413798362496891e-05
"((60, 3), (60, 4))",72,1277.8345362970351,1277.8345860386758,4.97416406233242e-05
"((61, 2), (62, 3))",87,1277.8346137448907,1277.83467357297,5.98280792019068e-05
"((61, 2), (52, 2))",87,1277.8346137448907,1277.8346824897258,6.874483506180695e-05
"((63, 2), (63, 3))",82,857.8346176590054,857.8346649277886,4.7268783191611874e-05
"((63, 2), (60, 254))",82,1277.8346176590053,1277.834671796989,5.413798362496891e-05
"((61, 1), (64, 254))",88,1277.8346206537772,1277.8346776545593,5.70007821352192e-05
"((61, 1), (57, 1))",88,1277.8346206537772,1277.834686488592,6.583481490451959e-05
"((62, 1), (62, 2))",95,1277.8346266369542,1277.8346783107845,5.1673830284926225e-05
"((62, 1), (62, 3))",95,1277.8346266369542,1277.8347018664756,7.522952137151151e-05
"((67, 254), (56, 5))",93,1277.8348004953937,1277.8348643501004,6.385470669556526e-05
"((68, 254), (56, 6))",63,1280.3196621997547,1280.319727424112,6.522435728584242e-05
"((68, 254), (56, 6))",63,1280.3196621997547,1280.319727424112,6.522435728584242e-05
"(24, (49, 254))",24,858.9623804037935,858.9624699176555,8.951386200806155e-05
"((49, 4), (49, 254))",24,1715.3181793313902,1715.3182688452523,8.951386212174839e-05
"((49, 1), (49, 3))",5,1717.5441288618886,1717.5441683314823,3.946959373024583e-05
"((49, 1), (49, 2))",5,1717.5441288618886,1717.5442068521572,7.799026866450731e-05
"((49, 1), (59, 254))",5,1717.5441288618886,1717.5441892362808,6.037439220563101e-05
"(54, (68, 254))",54,862.8333130162326,862.8333823156571,6.92994244673173e-05
"(53, (68, 254))",53,862.833425955979,862.8334675963009,4.1640321910563216e-05
"(62, (68, 254))",62,862.8334316060121,862.8334788963672,4.7290355041695875e-05
"((68, 1), (68, 254))",54,1282.8334536150815,1282.833522914506,6.92994244673173e-05
"((56, 4), (56, 3))",84,1282.8334697230325,1282.8335048560068,3.513297428980877e-05
"((56, 3), (52, 2))",85,1282.8335006304026,1282.8335717380178,7.110761521289533e-05
"((56, 3), (62, 254))",85,1282.8335006304026,1282.833583049361,8.24189585273416e-05
"((55, 2), (61, 2))",77,1282.833502979909,1282.833572965027,6.998511798883555e-05
"((55, 2), (61, 1))",77,1282.833502979909,1282.8335798739135,7.689400445087813e-05
"((55, 2), (52, 2))",77,1282.833502979909,1282.8335876887304,8.470882130495738e-05
"(92, (67, 254))",92,862.8335069205597,862.8335587776863,5.1857126663890085e-05
"((68, 2), (68, 254))",53,1282.8335112366228,1282.8335528769449,4.1640322024250054e-05
"((68, 3), (68, 254))",62,1282.833528186722,1282.8335754770771,4.7290355041695875e-05
"((52, 1), (52, 2))",76,1282.8335464124725,1282.8336070096748,6.059720226403442e-05
"((52, 1), (56, 3))",76,1282.8335464124725,1282.8336327858558,8.637338328298938e-05
"(91, (63, 3))",91,862.8335502128834,862.8336131881431,6.297525965237583e-05
"((56, 5), (56, 6))",83,1282.8335596951617,1282.8336412810027,8.158584091688681e-05
"((56, 5), (63, 254))",83,1282.8335596951617,1282.8336111999158,5.150475408299826e-05
"((56, 5), (67, 254))",83,1282.8335596951617,1282.8336235498684,6.385470669556526e-05
"((67, 1), (67, 254))",92,1282.8336126348129,1282.8336644919395,5.1857126663890085e-05
"((63, 3), (0, 254))",27,862.8341747065435,862.8342370797361,6.237319257706986e-05
"((56, 6), (60, 254))",73,1282.8336296597845,1282.833681801912,5.214212751525338e-05
"((56, 6), (56, 5))",73,1282.8336296597845,1282.8337112456254,8.158584091688681e-05
"((56, 6), (68, 254))",73,1282.8336296597845,1282.8336948841418,6.522435728584242e-05
"((0, 254), (63, 3))",82,862.834813702546,862.8348609713291,4.7268783191611874e-05
"((70, 1), (70, 254))",91,1277.8353302163732,1277.8353931916326,6.297525942500215e-05
"((70, 1), (70, 254))",91,1277.8353302163732,1277.8353931916329,6.297525965237583e-05
"((49, 4), (49, 2))",24,1713.9625614315175,1713.9626047530717,4.332155413067085e-05
"((49, 4), (47, 1))",24,863.9623804037935,863.9624578203783,7.741658475879376e-05
"(52, (68, 254))",52,865.3179445012893,865.3180110391529,6.653786363131076e-05
"(23, (49, 2))",23,875.6508037011722,875.6508901402667,8.643909450256615e-05
"(13, (49, 2))",13,865.3180354830666,865.3181101140069,7.46309402757106e-05
"((49, 2), (0, 254))",16,875.6509975499916,875.6510786518221,8.110183046028396e-05
"((68, 4), (68, 254))",52,1280.319594661891,1280.3196611997546,6.653786363131076e-05
"((68, 4), (68, 254))",52,1280.319594661891,1280.3196611997546,6.653786363131076e-05
"((0, 254), (49, 2))",15,875.6511984460961,875.6512671633775,6.871728135138255e-05
"((71, 2), (71, 254))",13,865.3186737779268,865.3187484088671,7.46309402757106e-05
"((71, 1), (71, 254))",23,865.3185343242005,865.318620763295,8.643909450256615e-05
"((49, 2), (71, 2))",14,865.3185981469866,865.3186727779268,7.46309402757106e-05
"((71, 2), (49, 2))",13,1715.3189507300694,1715.3190253610096,7.463094016202376e-05
"((49, 2), (49, 4))",14,1705.6508556966403,1705.6508990181944,4.332155413067085e-05
"((49, 2), (59, 254))",14,1705.6508556966403,1705.6509201687945,6.44721542357729e-05
"((49, 2), (49, 1))",14,1705.6508556966403,1705.650933686909,7.799026866450731e-05
"((60, 4), (70, 254))",71,1272.8336211764113,1272.8336699911688,4.881475751972175e-05
"((62, 3), (61, 2))",96,1272.833633152354,1272.8336929804332,5.98280792019068e-05
"((62, 3), (52, 2))",96,1272.833633152354,1272.8337137807703,8.06284162990778e-05
"((63, 3), (70, 1))",81,1272.833666045454,1272.8337290207137,6.297525965237583e-05
"((63, 3), (60, 4))",81,1272.833666045454,1272.8337148602116,4.881475751972175e-05
"((64, 1), (61, 1))",97,1272.8347599128,1272.8348169135822,5.70007821352192e-05
"((65, 1), (66, 254))",99,1272.8348453600224,1272.8348804637221,3.510369970172178e-05
"((66, 1), (57, 1))",98,1272.8348842739633,1272.8349617496904,7.747572703920014e-05
"((66, 1), (65, 254))",98,1272.8348842739633,1272.834919377663,3.510369970172178e-05
"((47, 1), (49, 4))",34,1515.318266974164,1515.318344390749,7.74165848724806e-05
"((47, 1), (47, 3))",34,1515.318266974164,1515.3183540472155,8.707305141797406e-05
"((47, 3), (48, 254))",45,1290.3182811942545,1290.318368267306,8.707305141797406e-05
"((50, 5), (68, 1))",64,1277.8333840919022,1277.833462842026,7.875012374825019e-05
"((52, 2), (61, 2))",86,1277.8335222592993,1277.8335910041344,6.874483506180695e-05
"((52, 2), (62, 3))",86,1277.8335222592993,1277.8336028877156,8.06284162990778e-05
"(61, (68, 3))",61,872.8335886849461,872.8336698378256,8.115287948839978e-05
"((57, 1), (65, 254))",89,2312.8336470903428,2312.8336958497302,4.8759387482277816e-05
"((57, 1), (61, 1))",89,1277.8336470903428,1277.8337129251577,6.583481490451959e-05
"(90, (70, 1))",90,872.8336549850342,872.8337138845609,5.889952672077925e-05
"((68, 3), (0, 254))",27,872.834238786792,872.8343011599845,6.237319257706986e-05
"((70, 1), (0, 254))",27,872.834339378221,872.8344017514136,6.237319257706986e-05
"((0, 254), (68, 3))",73,872.8348189674311,872.8348681462244,4.917879323329544e-05
"((0, 254), (70, 1))",81,872.8350266430066,872.8350896182662,6.297525965237583e-05
"((60, 3), (68, 3))",72,872.8345362970351,872.8345972871709,6.099013580751489e-05
"((61, 2), (61, 1))",87,1277.8346137448907,1277.8346774975553,6.375266457325779e-05
"((61, 2), (64, 254))",87,1277.8346137448907,1277.8346602828974,4.6538006699847756e-05
"((63, 2), (70, 254))",82,1277.8346176590053,1277.8346649277885,4.7268783191611874e-05
"((61, 1), (61, 2))",88,1277.8346206537772,1277.8346844064417,6.375266457325779e-05
"((61, 1), (66, 254))",88,1277.8346206537772,1277.8347075271724,8.687339527568838e-05
"((73, 1), (73, 254))",90,872.8352703168464,872.8353292163731,5.889952672077925e-05
"((70, 1), (73, 1))",91,872.8352104173197,872.8352693168464,5.889952672077925e-05
"((73, 1), (70, 1))",90,1277.8352703168464,1277.835329216373,5.889952672077925e-05
"((49, 4), (48, 254))",24,1518.9625614315175,1518.9626388481024,7.74165848724806e-05
"(33, (48, 254))",33,875.3178316340548,875.3179203943049,8.8760250150699e-05
"(43, (68, 4))",43,875.3178605970623,875.3179435012893,8.290422692880384e-05
"(42, (68, 4))",42,875.31791478788,875.3179917536006,7.696572060922335e-05
"((68, 4), (0, 254))",27,875.3188692252775,875.31893159847,6.237319257706986e-05
"((48, 2), (48, 254))",33,1515.3189267962307,1515.319015556481,8.876025026438583e-05
"((48, 2), (48, 254))",33,1515.3189267962307,1515.319015556481,8.876025026438583e-05
"(12, (71, 254))",12,875.3180591111005,875.318114542735,5.543163445054233e-05
"(3, (71, 254))",3,875.3181340945558,875.3181881107112,5.4016155331737536e-05
"((71, 3), (71, 254))",12,1715.318894298435,1715.3189497300693,5.5431634336855495e-05
"(51, (68, 4))",51,875.3181947734859,875.3182810288025,8.625531665984454e-05
"((71, 4), (71, 254))",3,1715.3186219588017,1715.318675974957,5.40161552180507e-05
"((71, 4), (71, 254))",3,1715.3186219588017,1715.3186759749572,5.4016155445424374e-05
"((0, 254), (68, 4))",63,875.3195156302739,875.3195821681376,6.653786363131076e-05
"((74, 2), (74, 254))",42,875.3193236063449,875.3194005720655,7.696572060922335e-05
"((74, 1), (74, 254))",43,875.3193295448513,875.3194124490782,8.290422692880384e-05
"((74, 3), (74, 254))",51,875.3195074065743,875.319593661891,8.625531665984454e-05
"((68, 4), (74, 3))",52,875.3194201512576,875.3195064065743,8.625531665984454e-05
"((74, 3), (68, 4))",51,1280.3195074065743,1280.3195936618908,8.62553165461577e-05
"((75, 254), (49, 2))",23,1715.651355602472,1715.6514420415665,8.643909450256615e-05
"((68, 1), (68, 2))",54,1282.8334536150815,1282.8334854531483,3.183806688866753e-05
"((68, 1), (47, 2))",54,1282.8334536150815,1282.833543326436,8.971135457613855e-05
"((68, 1), (50, 5))",54,1282.8334536150815,1282.8335323652052,7.875012374825019e-05
"((68, 2), (68, 1))",53,1282.8335112366228,1282.8335430746897,3.183806688866753e-05
"((68, 3), (56, 6))",62,1282.833528186722,1282.8335773655153,4.917879323329544e-05
"((68, 3), (60, 254))",62,1282.833528186722,1282.833589176858,6.099013580751489e-05
"((56, 6), (72, 254))",73,1282.8336296597845,1282.8336788385777,4.917879323329544e-05
"((70, 1), (67, 1))",91,1267.8349259465888,1267.8349682389126,4.229232376928849e-05
"((49, 4), (75, 254))",24,1713.9625614315175,1713.9626323280718,7.089655423442309e-05
"((68, 4), (68, 3))",52,1270.3180795770165,1270.318166773173,8.719615652807988e-05
"((68, 4), (68, 2))",52,1270.3180795770165,1270.3181399799957,6.040297921572346e-05
"((71, 2), (71, 3))",13,880.3185225160463,880.3185779476808,5.543163445054233e-05
"((71, 2), (71, 4))",13,1705.3185225160462,1705.3185765322016,5.4016155445424374e-05
"((71, 2), (75, 254))",13,1705.3185225160462,1705.318574576212,5.206016589909268e-05
"((49, 2), (71, 254))",14,1705.6508556966403,1705.6509303275805,7.463094016202376e-05
"((49, 2), (75, 254))",14,1705.6508556966403,1705.6509421357348,8.643909450256615e-05
"(61, (74, 254))",61,882.8335886849461,882.83365073493,6.204998385328508e-05
"((74, 4), (74, 254))",61,1272.8337147849138,1272.8337768348977,6.204998385328508e-05
"(43, (48, 2))",43,885.3178605970623,885.31788856007,2.7963007596554235e-05
"((48, 2), (0, 254))",27,885.3182868789426,885.3183492521351,6.237319257706986e-05
"(32, (75, 254))",32,885.3178999437656,885.3179814229007,8.147913513312233e-05
"(42, (48, 2))",42,885.31791478788,885.3179969417052,8.215382524667802e-05
"(41, (74, 254))",41,885.3180316495398,885.318101241145,6.95916052109169e-05
"((75, 1), (75, 254))",32,1715.319054356324,1715.319135835459,8.147913513312233e-05
"(50, (74, 254))",50,885.3181146139117,885.3181937734859,7.91595741702622e-05
"(11, (71, 3))",11,985.3181251122047,985.3181901133089,6.50011041898324e-05
"(22, (71, 3))",22,885.3181261751191,885.3181675001376,4.132501851472625e-05
"((71, 3), (0, 254))",16,885.3184295856086,885.3184880742677,5.8488659192335035e-05
"((71, 3), (0, 254))",16,885.3184295856086,885.318510687439,8.110183046028396e-05
"((74, 5), (74, 254))",41,1275.3181728327502,1275.3182424243555,6.959160532460373e-05
"(2, (71, 4))",2,985.3182154052635,985.3182957159711,8.031070763081516e-05
"((0, 254), (48, 2))",34,885.3186128023149,885.318701562565,8.8760250150699e-05
"((47, 1), (48, 2))",34,1515.318266974164,1515.3183557344144,8.876025026438583e-05
"((74, 6), (74, 254))",50,1275.31827493306,1275.318354092634,7.91595741702622e-05
"(60, (74, 254))",60,885.3182776351375,885.3183594967892,8.18616516653492e-05
"((71, 4), (0, 254))",16,885.3185337727916,885.3186148746221,8.110183046028396e-05
"((74, 7), (74, 254))",60,1275.3184433584408,1275.3185252200924,8.186165155166236e-05
"((0, 254), (71, 3))",13,885.3187758299347,885.3188086483979,3.2818463182593405e-05
"((0, 254), (71, 3))",13,885.3187758299347,885.3188312615691,5.543163445054233e-05
"((0, 254), (71, 4))",13,885.3188800171177,885.3189340332731,5.4016155331737536e-05
"((76, 1), (76, 254))",43,885.3186231439373,885.3186511069449,2.7963007596554235e-05
"((76, 2), (76, 254))",42,885.3188436424055,885.3189257962307,8.215382524667802e-05
"((48, 2), (76, 2))",33,885.3187604885802,885.3188426424055,8.215382524667802e-05
"((76, 2), (48, 2))",42,1515.3188436424055,1515.3189257962306,8.215382513299119e-05
"((77, 1), (77, 254))",22,1715.3188519734163,1715.318893298435,4.132501862841309e-05
"((60, 3), (72, 254))",72,1277.8345362970351,1277.834597287171,6.099013580751489e-05
"((48, 2), (75, 1))",33,890.318011154555,890.3180784642659,6.730971085744386e-05
"(43, (75, 1))",43,890.3181634812435,890.3182526552781,8.917403465602547e-05
"((75, 1), (0, 254))",16,890.3185299832327,890.3186110850631,8.110183046028396e-05
"((0, 254), (75, 1))",23,890.318888035713,890.3189695148482,8.147913513312233e-05
"((79, 1), (79, 254))",43,1715.3193295448511,1715.3194187188858,8.917403465602547e-05
"((76, 2), (68, 4))",42,1280.3193236063448,1280.3194005720654,7.696572060922335e-05
"((76, 2), (79, 254))",42,1515.318677334755,1515.318753760472,7.642571699761902e-05
"((76, 2), (74, 5))",42,1280.3193236063448,1280.319382920516,5.931417126703309e-05
"((79, 1), (48, 2))",43,1515.3186231439372,1515.3186511069448,2.7963007596554235e-05
"((79, 1), (68, 4))",43,1280.3193295448511,1280.319412449078,8.290422692880384e-05
"((79, 1), (76, 254))",43,1515.3186231439372,1515.318689272926,6.612898869207129e-05
"((79, 1), (68, 2))",43,1280.3193295448511,1280.3194189352575,8.939040640143503e-05
"((74, 3), (74, 7))",51,1280.319332895941,1280.3194147575925,8.186165155166236e-05
"((74, 3), (74, 4))",51,1280.319332895941,1280.3193949459248,6.204998385328508e-05
"((74, 3), (74, 5))",51,1280.319332895941,1280.3194024875463,6.959160532460373e-05
"((74, 3), (74, 6))",51,1280.319332895941,1280.3194120555152,7.91595741702622e-05
"((68, 2), (68, 4))",53,1282.8335112366228,1282.833571639602,6.040297921572346e-05
"((67, 1), (70, 1))",92,1282.8336126348129,1282.8336549271366,4.229232376928849e-05
"((70, 1), (73, 254))",91,1267.8349259465888,1267.8349848461155,5.889952672077925e-05
"(31, (79, 254))",31,895.3179659256944,895.3180309076231,6.498192874460074e-05
"(40, (74, 5))",40,895.3180346707388,895.3180952113423,6.054060349924839e-05
"((68, 4), (74, 254))",52,1270.3180795770165,1270.318165832333,8.62553165461577e-05
"((68, 4), (76, 254))",52,1270.3180795770165,1270.3181565427371,7.696572060922335e-05
"((74, 5), (0, 254))",27,895.3188412547391,895.3189036279317,6.237319257706986e-05
"((79, 2), (79, 254))",31,1715.318988374395,1715.3190533563238,6.498192874460074e-05
"(70, (74, 7))",70,895.3183073973479,895.3183361595583,2.876221037695359e-05
"((74, 7), (0, 254))",27,895.3190944730015,895.3191568461941,6.237319257706986e-05
"((71, 2), (77, 254))",13,1705.3185225160462,1705.3185779476805,5.5431634336855495e-05
"((71, 2), (78, 254))",13,985.3185225160463,985.3185765322016,5.4016155331737536e-05
"((0, 254), (74, 5))",42,895.3196331633198,895.319692477491,5.931417115334625e-05
"((0, 254), (74, 7))",51,895.3198956711783,895.31997753283,8.18616516653492e-05
"((80, 1), (80, 254))",40,895.3198780993015,895.319938639905,6.054060349924839e-05
"((74, 5), (80, 1))",41,895.319816558698,895.3198770993015,6.054060349924839e-05
"((80, 1), (74, 5))",40,1270.3198780993014,1270.3199386399049,6.054060349924839e-05
"((81, 1), (81, 254))",70,895.3200678194611,895.3200965816715,2.876221037695359e-05
"((74, 7), (81, 1))",60,895.3200380572507,895.3200668194611,2.876221037695359e-05
"((81, 1), (74, 7))",70,1270.320067819461,1270.3200965816714,2.876221037695359e-05
"((74, 4), (81, 254))",61,897.8337147849138,897.8337884387947,7.365388091784553e-05
"((74, 4), (68, 3))",61,1272.8337147849138,1272.8337959377934,8.115287960208661e-05
"((75, 1), (79, 1))",32,1710.3180649020358,1710.3181540760704,8.917403465602547e-05
"((75, 1), (76, 254))",32,1515.3180649020358,1515.3181413277528,7.642571699761902e-05
"((75, 1), (48, 2))",32,1515.3180649020358,1515.3181322117466,6.730971085744386e-05
"((74, 5), (74, 6))",41,1275.3181728327502,1275.3182482789089,7.544615868937399e-05
"((74, 5), (76, 254))",41,1275.3181728327502,1275.3182321469214,5.931417126703309e-05
"((74, 5), (79, 2))",41,1275.3181728327502,1275.3182375565957,6.472384552580479e-05
"((74, 6), (74, 5))",50,1275.31827493306,1275.3183503792186,7.544615868937399e-05
"((74, 7), (74, 4))",60,1275.3184433584408,1275.3185025998741,5.924143329139042e-05
"((76, 2), (79, 1))",42,1515.318677334755,1515.3187434637437,6.612898869207129e-05
"((76, 2), (79, 2))",42,1515.318677334755,1515.3187314216816,5.408692663877446e-05
"((48, 2), (79, 1))",33,1505.318011154555,1505.3180391175626,2.7963007596554235e-05
"((48, 2), (79, 254))",33,1505.318011154555,1505.318078464266,6.730971085744386e-05
"((48, 2), (76, 254))",33,1505.318011154555,1505.3180933083802,8.215382513299119e-05
"(21, (79, 2))",21,985.318052738331,985.3181385509675,8.581263659834804e-05
"(30, (80, 254))",30,905.318133814011,905.3181727621976,3.894818655680865e-05
"((79, 2), (0, 254))",16,1302.834886727429,1302.8349678292593,8.110183034659713e-05
"((71, 3), (77, 1))",12,995.3181719743694,995.3182132993879,4.132501851472625e-05
"((80, 2), (80, 254))",30,1280.318213710384,1280.3182526585706,3.894818655680865e-05
"((0, 254), (79, 2))",32,1302.835327259045,1302.8353922409738,6.498192874460074e-05
"((76, 2), (82, 254))",42,995.3193236063449,995.3193776932717,5.4086926752461295e-05
"((68, 2), (79, 1))",53,1282.8335112366228,1282.8336006270292,8.939040640143503e-05
"((68, 4), (79, 1))",52,1270.3180795770165,1270.3181624812435,8.290422692880384e-05
"((79, 2), (76, 254))",31,1510.3180978895518,1510.3181519764785,5.408692663877446e-05
"((79, 2), (74, 5))",31,1270.3180978895518,1270.3181626133974,6.472384552580479e-05
"((80, 1), (80, 2))",40,1270.3197550180944,1270.319793966281,3.894818655680865e-05
"((74, 4), (74, 7))",61,1272.8337147849138,1272.833774026347,5.924143329139042e-05
"((75, 1), (82, 254))",32,1005.3180649020359,1005.3181298839646,6.498192874460074e-05
"((74, 5), (80, 254))",41,1275.3181728327502,1275.3182333733537,6.054060349924839e-05
"((74, 5), (82, 254))",41,1005.3181728327502,1005.3182375565956,6.472384541211795e-05
"((74, 7), (81, 254))",60,1275.3184433584408,1275.3184721206512,2.876221037695359e-05
"((75, 1), (77, 1))",32,1710.3180649020358,1710.318136923912,7.202187634902657e-05
"((77, 1), (79, 254))",22,990.3188519734164,990.3189239952927,7.202187634902657e-05
"(80, (73, 254))",80,992.8337447422389,992.8338334994436,8.875720470769011e-05
"((73, 2), (73, 254))",80,1277.8339242566483,1277.8340130138529,8.875720459400327e-05
"(21, (77, 1))",21,995.318052738331,995.3181251751191,7.243678817303589e-05
"(11, (77, 254))",11,995.3181251122047,995.3181901133089,6.50011041898324e-05
"((77, 1), (0, 254))",16,995.3184069724373,995.3184880742677,8.110183046028396e-05
"((71, 3), (78, 254))",12,995.3181719743694,995.3182459578247,7.398345530873485e-05
"((71, 3), (75, 254))",12,1715.3181719743693,1715.318247662569,7.568819978587271e-05
"(2, (78, 254))",2,995.3182154052635,995.3182957159711,8.031070763081516e-05
"((71, 4), (77, 254))",3,1715.3182441268664,1715.3183181103218,7.398345542242168e-05
"((77, 2), (77, 254))",11,1715.318257114413,1715.318322115517,6.500110407614557e-05
"((78, 1), (78, 254))",2,995.318540648094,995.3186209588016,8.031070763081516e-05
"((71, 4), (78, 1))",3,995.3184593373863,995.318539648094,8.031070763081516e-05
"((0, 254), (77, 1))",12,995.3188096483979,995.3188509734164,4.132501851472625e-05
"((78, 1), (71, 4))",2,1715.3185406480939,1715.3186209588016,8.0310707744502e-05
"(21, (82, 254))",21,1005.318052738331,1005.3181385509675,8.581263659834804e-05
"(20, (77, 2))",20,1015.3182022556965,1015.3182783991883,7.61434918103987e-05
"(10, (77, 2))",10,1005.3182114230422,1005.3182967338796,8.531083744856005e-05
"((82, 1), (82, 254))",21,1005.3183999888773,1005.3184858015139,8.581263659834804e-05
"(1, (78, 254))",1,1005.3182581276118,1005.3182998499601,4.1722348328221415e-05
"((77, 2), (0, 254))",16,1005.3186022072834,1005.3186649744226,6.276713918396126e-05
"((77, 2), (0, 254))",16,1005.3186022072834,1005.3186833091139,8.110183046028396e-05
"((79, 2), (82, 1))",31,1005.3183131762407,1005.3183989888773,8.581263659834804e-05
"((78, 2), (78, 254))",1,1710.3183435723083,1710.3183852946565,4.172234821453458e-05
"((82, 1), (79, 2))",21,1710.3183999888772,1710.3184858015138,8.581263659834804e-05
"((0, 254), (77, 2))",12,1005.319004883244,1005.3190515496569,4.66664129135097e-05
"((0, 254), (77, 2))",12,1005.319004883244,1005.3190698843482,6.50011041898324e-05
"((77, 1), (77, 2))",22,1710.3188519734163,1710.3188965761358,4.460271952666517e-05
"((84, 1), (84, 254))",20,1005.3191296931487,1005.3192058366405,7.61434918103987e-05
"((84, 2), (84, 254))",10,1005.3193114821693,1005.3193967930067,8.531083744856005e-05
"((77, 2), (84, 2))",11,1005.3192251713318,1005.3193104821693,8.531083744856005e-05
"((84, 2), (77, 2))",10,1710.3193114821693,1710.3193967930067,8.531083744856005e-05
"((73, 1), (73, 2))",90,1277.835150517793,1277.8352392749975,8.875720459400327e-05
"((71, 3), (83, 254))",12,1715.3181719743693,1715.318213299388,4.132501862841309e-05
"((71, 3), (71, 4))",12,1715.3181719743693,1715.3182459578247,7.398345542242168e-05
"((71, 4), (78, 254))",3,1715.3182441268664,1715.3183244375741,8.0310707744502e-05
"((77, 2), (83, 254))",11,1715.318257114413,1715.3183017171325,4.460271952666517e-05
"((79, 2), (82, 254))",31,1705.3180978895518,1705.3181837021884,8.581263659834804e-05
"(0, (84, 254))",0,1015.3183236019498,1015.3183777340931,5.4132143304741476e-05
"((84, 3), (84, 254))",0,1705.3184338662363,1705.3184879983796,5.4132143304741476e-05
"((75, 1), (79, 2))",32,1710.3180649020358,1710.3181298839645,6.498192874460074e-05
"((82, 1), (77, 1))",21,1710.318226363604,1710.3182988003923,7.243678828672273e-05
"((82, 1), (77, 2))",21,1710.318226363604,1710.3182931650854,6.680148135274067e-05
"(20, (82, 254))",20,1020.3183342579049,1020.3183680408991,3.3782994250941556e-05
"((82, 2), (82, 254))",20,1710.3191296931486,1710.3191634761429,3.3782994250941556e-05
"((82, 2), (84, 254))",20,1710.3191296931486,1710.3191964576786,6.676452994724968e-05
"((82, 2), (77, 2))",20,1710.3191296931486,1710.3192058366405,7.614349192408554e-05
"((84, 2), (84, 3))",10,1710.3191388604944,1710.3191929926377,5.4132143304741476e-05
"((71, 3), (77, 2))",12,1715.3181719743693,1715.3182369754734,6.500110407614557e-05
"((77, 2), (84, 254))",11,1715.318257114413,1715.3183424252504,8.531083744856005e-05
"((77, 2), (82, 254))",11,1715.318257114413,1715.3183239158943,6.680148135274067e-05
"((78, 1), (78, 2))",2,1715.3183780266786,1715.3184197490268,4.172234821453458e-05
"((84, 3), (78, 2))",0,1705.3184338662363,1705.3184983405745,6.447433815992554e-05
"((82, 1), (82, 2))",21,1710.318226363604,1710.3182601465983,3.3782994250941556e-05
"((78, 2), (84, 3))",1,1710.3183435723083,1710.3184080466465,6.447433815992554e-05
"((84, 2), (82, 2))",10,1710.3191388604944,1710.3192056250243,6.676452994724968e-05
"((77, 2), (82, 2))",11,1715.318257114413,1715.318333257905,7.614349192408554e-05
"((45, 1), (2, 7))",57,1917.8336854141085,,
"(56, (45, 254))",56,1292.8338581185083,1292.8339252509081,6.713239986311237e-05
"(55, (47, 3))",55,1312.8338974778485,1312.833972228905,7.475105644516589e-05
"((47, 3), (0, 254))",27,1292.834186625983,1292.8342489991755,6.237319257706986e-05
"((45, 2), (45, 254))",56,1922.547828971398,1922.547896103798,6.713239986311237e-05
"(67, (45, 254))",67,1292.8340477112345,1292.8341310514652,8.334023073075514e-05
"(88, (57, 1))",88,1312.8342129390562,1312.8342787738711,6.583481490451959e-05
"((45, 3), (45, 254))",67,1921.9653519068474,1921.9654352470782,8.334023073075514e-05
"(53, (79, 1))",53,1292.834231387433,1292.8343207778394,8.939040640143503e-05
"((0, 254), (47, 3))",35,1292.8344687580366,1292.8345257694461,5.7011409580809413e-05
"(52, (76, 254))",52,1292.8342562849746,1292.8343332506952,7.696572060922335e-05
"(98, (57, 1))",98,1302.8343008124516,1302.8343782881786,7.747572703920014e-05
"((79, 1), (0, 254))",16,1538.963685206751,1538.9637663085814,8.110183034659713e-05
"((76, 3), (76, 254))",52,1517.834412216416,1517.8344891821366,7.696572060922335e-05
"(41, (76, 254))",41,1292.8344141318967,1292.834473446068,5.931417126703309e-05
"(40, (79, 2))",40,1302.8344756725003,1302.8345434175449,6.774504458917363e-05
"(30, (82, 254))",30,1292.834515620687,1292.834595696367,8.007567998902232e-05
"((76, 4), (76, 254))",41,1517.8345347602394,1517.8345940744107,5.931417126703309e-05
"((82, 3), (82, 254))",30,1715.318213710384,1715.318293786064,8.007567998902232e-05
"((0, 254), (79, 1))",32,1538.964125738367,1538.9642149124018,8.917403465602547e-05
"((86, 1), (86, 254))",53,1292.8354901566997,1292.8355795471061,8.939040640143503e-05
"((79, 1), (86, 1))",43,1292.8353997662932,1292.8354891566996,8.939040640143503e-05
"((86, 1), (79, 1))",53,1712.8354901566997,1712.8355795471061,8.939040640143503e-05
"((82, 3), (82, 2))",30,1715.318213710384,1715.318300109509,8.639912493890733e-05
"((79, 1), (76, 3))",43,1295.3193295448511,1295.319412449078,8.290422692880384e-05
"((76, 2), (76, 3))",42,1295.3193236063448,1295.3194005720654,7.696572060922335e-05
"((76, 2), (76, 4))",42,1295.3193236063448,1295.319382920516,5.931417126703309e-05
"((86, 1), (76, 3))",53,1297.8335112366228,1297.833571639602,6.040297921572346e-05
"((79, 2), (76, 4))",31,1300.3180978895518,1300.3181626133974,6.472384552580479e-05
"((2, 6), (85, 254))",35,1482.8331601797945,1482.833217191204,5.7011409580809413e-05
"((45, 1), (45, 2))",57,1917.8336854141085,1917.8337525465083,6.713239986311237e-05
"((45, 1), (45, 3))",57,1917.8336854141085,1917.8337687543392,8.334023073075514e-05
"(65, (45, 2))",65,1317.8339141910576,1317.8339692636068,5.5072549230317236e-05
"(66, (45, 2))",66,1302.833968470718,1302.8340220353762,5.3564658173854696e-05
"((45, 2), (0, 254))",27,1317.8342394107553,1317.834301783948,6.237319257706986e-05
"(76, (45, 3))",76,1302.834015571899,1302.8340993480563,8.377615722565679e-05
"((45, 3), (0, 254))",27,1302.834507733848,1302.8345701070407,6.237319257706986e-05
"(77, (45, 3))",77,1302.8341350450517,1302.8342213788687,8.63338170802308e-05
"(63, (86, 254))",63,1302.8341887471108,1302.8342303874329,4.1640322024250054e-05
"(62, (76, 3))",62,1302.834237037466,1302.8343242336225,8.719615652807988e-05
"(54, (51, 254))",54,1302.8342590465354,1302.83434875789,8.971135457613855e-05
"((86, 2), (86, 254))",63,1711.964625059337,1711.9646666996591,4.1640322024250054e-05
"((76, 3), (0, 254))",27,1302.8347752904065,1302.834837663599,6.237319257706986e-05
"((0, 254), (45, 2))",57,1317.8345671718891,1317.834634304289,6.713239986311237e-05
"(51, (76, 4))",51,1302.8343435402912,1302.8344131318966,6.959160532460373e-05
"((76, 4), (0, 254))",27,1302.8349325512588,1302.8349949244514,6.237319257706986e-05
"(50, (76, 4))",50,1302.8344236998655,1302.8344991460242,7.544615868937399e-05
"((51, 1), (51, 254))",54,1302.8346218919542,1302.8347116033087,8.971135457613855e-05
"((0, 254), (45, 3))",57,1302.834835494982,1302.8349188352126,8.334023073075514e-05
"((47, 2), (51, 1))",44,1302.8345311805995,1302.834620891954,8.971135457613855e-05
"((51, 1), (47, 2))",54,1512.8346218919542,1512.8347116033087,8.971135457613855e-05
"((87, 2), (87, 254))",66,1302.8348343382006,1302.8348879028588,5.3564658173854696e-05
"((87, 1), (87, 254))",65,1302.834726716775,1302.8347817893243,5.5072549230317236e-05
"((45, 2), (87, 2))",56,1302.8347797735423,1302.8348333382005,5.3564658173854696e-05
"((87, 2), (45, 2))",66,1917.8348343382006,1917.8348879028588,5.3564658173854696e-05
"((0, 254), (76, 3))",42,1302.835274127855,1302.8353510935756,7.696572060922335e-05
"((88, 1), (88, 254))",76,1302.8348825805576,1302.8349663567149,8.377615722565679e-05
"((88, 2), (88, 254))",77,1302.8350598058519,1302.835146139669,8.63338170802308e-05
"((0, 254), (76, 4))",42,1302.8354313887073,1302.8354907028786,5.931417126703309e-05
"((45, 3), (88, 2))",67,1302.8349724720347,1302.8350588058518,8.63338170802308e-05
"((88, 2), (45, 3))",77,1921.9652645730303,1921.9653509068473,8.63338170802308e-05
"((89, 1), (89, 254))",62,1512.836464816409,1512.8365520125656,8.719615652807988e-05
"((89, 1), (89, 254))",62,1512.836464816409,1512.8365520125656,8.719615652807988e-05
"((92, 254), (79, 2))",40,1713.965224772377,1713.9652666499587,4.187758167972788e-05
"((92, 254), (79, 2))",40,1713.965224772377,1713.9652925174216,6.774504458917363e-05
"((90, 254), (57, 1))",98,2322.835774879615,2322.835852355342,7.747572681182646e-05
"((82, 1), (82, 3))",21,1710.318226363604,1710.318306439284,8.007567998902232e-05
"((47, 2), (85, 254))",44,1515.3182765004192,1515.318316617781,4.011736177744751e-05
"((82, 2), (82, 3))",20,1710.3191296931486,1710.3192160922736,8.639912493890733e-05
"((79, 1), (89, 254))",43,1515.3186231439372,1515.3187060481641,8.290422692880384e-05
"((79, 1), (86, 254))",43,1715.3193295448511,1715.3194189352575,8.939040640143503e-05
"((76, 2), (89, 254))",42,1515.318677334755,1515.3187543004756,7.696572060922335e-05
"((76, 2), (91, 254))",42,1515.318677334755,1515.3187366489262,5.931417126703309e-05
"((57, 1), (90, 254))",89,2312.8336470903428,2312.8337245660696,7.747572681182646e-05
"((45, 2), (87, 254))",56,1907.8339943833082,1907.8340479479664,5.3564658173854696e-05
"((45, 3), (88, 1))",67,1307.8342163916961,1307.8343001678534,8.377615722565679e-05
"((76, 3), (86, 254))",52,1517.834412216416,1517.8344726193952,6.040297921572346e-05
"((76, 3), (79, 1))",52,1517.834412216416,1517.834495120643,8.290422692880384e-05
"((76, 3), (86, 2))",52,1517.834412216416,1517.8344787542796,6.653786363131076e-05
"((76, 4), (92, 254))",41,1517.8345347602394,1517.834595300843,6.054060349924839e-05
"((76, 4), (79, 2))",41,1517.8345347602394,1517.834599484085,6.472384552580479e-05
"((82, 3), (92, 254))",30,1715.318213710384,1715.3182526585706,3.894818655680865e-05
"((86, 1), (51, 254))",53,1507.8335112366228,1507.8335430746897,3.183806688866753e-05
"((86, 1), (89, 254))",53,1517.8353093758867,1517.835369778866,6.040297921572346e-05
"((86, 1), (86, 2))",53,1522.8335112366228,1522.8335528769449,4.1640322024250054e-05
"(64, (51, 254))",64,1312.8339728907451,1312.834051640869,7.875012374825019e-05
"(76, (87, 254))",76,1312.834015571899,1312.834062122489,4.6550590013794135e-05
"(86, (88, 254))",86,1312.8340771691014,1312.8341618779227,8.470882130495738e-05
"((87, 3), (87, 254))",76,1917.8348825805576,1917.8349291311476,4.6550590013794135e-05
"(73, (89, 1))",73,1322.8341225227534,1322.8341717015467,4.917879323329544e-05
"((51, 2), (51, 254))",64,1507.8366022392422,1507.836680989366,7.875012374825019e-05
"((89, 1), (0, 254))",27,1327.8360381870255,1327.836100560218,6.237319257706986e-05
"(72, (89, 1))",72,1327.835437943949,1327.8354989340849,6.099013580751489e-05
"(87, (88, 254))",87,1312.8342060301698,1312.8342760152877,6.998511798883555e-05
"((88, 3), (88, 254))",86,1921.9651788642088,1921.9652635730301,8.470882130495738e-05
"(97, (90, 254))",97,1312.8342535681766,1312.8343320293295,7.846115295251366e-05
"(51, (89, 254))",51,1312.8343435402912,1312.8344297956078,8.62553165461577e-05
"((88, 4), (88, 254))",87,1912.834348000406,1912.834417985524,6.998511798883555e-05
"(61, (89, 1))",61,1312.8344065902752,1312.8344877431548,8.115287960208661e-05
"((90, 1), (90, 254))",97,2322.8356954184624,2322.8357738796153,7.846115295251366e-05
"(50, (92, 254))",50,1312.8344236998655,1312.8345026430384,7.894317286627484e-05
"((89, 2), (89, 254))",51,1507.8345180509245,1507.834604306241,8.62553165461577e-05
"((92, 1), (92, 254))",50,1713.965144829204,1713.965197904914,5.307570995682909e-05
"((92, 1), (92, 254))",50,1713.965144829204,1713.965223772377,7.894317286627484e-05
"((0, 254), (89, 1))",52,1327.8366149901947,1327.8367021863512,8.719615652807988e-05
"((94, 1), (94, 254))",73,1312.8354261326065,1312.8354753113997,4.917879323329544e-05
"((94, 2), (94, 254))",72,1312.835437943949,1312.8354989340849,6.099013580751489e-05
"((94, 3), (94, 254))",61,1312.8356224124523,1312.8357035653319,8.115287960208661e-05
"((89, 1), (94, 3))",62,1312.8355402595726,1312.8356214124522,8.115287960208661e-05
"((95, 254), (57, 1))",88,2322.835280493998,2322.835346328813,6.583481490451959e-05
"((94, 3), (89, 1))",61,1512.8363826635293,1512.836463816409,8.115287960208661e-05
"((94, 3), (89, 1))",61,1512.8363826635293,1512.836463816409,8.115287960208661e-05
"((79, 2), (91, 254))",31,1510.3180978895518,1510.3181626133974,6.472384552580479e-05
"((79, 2), (92, 254))",31,1705.3180978895518,1705.3181656345964,6.774504458917363e-05
"((2, 6), (47, 2))",35,1482.8331601797945,1482.833212497369,5.2317574500193587e-05
"((86, 2), (89, 254))",63,1512.834274027755,1512.8343405656187,6.653786363131076e-05
"((86, 2), (51, 254))",63,1512.834274027755,1512.8343433271796,6.92994244673173e-05
"((51, 1), (86, 254))",54,1512.8344404692448,1512.8344723073117,3.183806688866753e-05
"((51, 1), (86, 2))",54,1512.8344404692448,1512.8345097686692,6.92994244673173e-05
"((51, 1), (51, 2))",54,1317.8344404692448,1317.8345192193685,7.875012374825019e-05
"((96, 254), (45, 2))",65,1922.5477728988487,1922.547827971398,5.5072549230317236e-05
"((87, 2), (96, 254))",66,1917.834725208884,1917.8347452792796,2.0070395521543105e-05
"((87, 2), (87, 3))",66,1917.834725208884,1917.834771759474,4.6550590013794135e-05
"((65, 1), (90, 254))",99,2322.8348453600224,2322.834880463722,3.510369970172178e-05
"((87, 3), (88, 3))",76,1317.8348825805576,1317.83494317776,6.059720226403442e-05
"((88, 2), (88, 3))",77,1317.8348851382175,1317.8349698470388,8.470882130495738e-05
"((88, 2), (88, 4))",77,1917.8348851382175,1917.8349551233355,6.998511798883555e-05
"((88, 2), (95, 254))",77,1917.8348851382175,1917.834962032222,7.689400445087813e-05
"((89, 1), (86, 2))",62,1512.8354402897323,1512.8354875800874,4.7290355041695875e-05
"((47, 1), (47, 2))",34,1515.318266974164,1515.318317017404,5.0043239980368526e-05
"((47, 2), (51, 254))",44,1515.3182765004192,1515.3183662117738,8.971135457613855e-05
"((47, 3), (47, 2))",45,1515.3182811942545,1515.3183213116163,4.011736177744751e-05
"((57, 1), (95, 254))",89,2312.8336470903428,2312.8337129251577,6.583481490451959e-05
"(55, (45, 2))",55,1322.8338974778485,1322.8339359533961,3.847554762614891e-05
"((45, 2), (96, 254))",56,1907.8339943833082,1907.8340494558574,5.5072549230317236e-05
"(74, (51, 2))",74,1322.8340435901448,1322.8341132895443,6.969939954615256e-05
"(75, (51, 2))",75,1322.8340539148253,1322.8341339389053,8.002408003449091e-05
"((51, 2), (0, 254))",27,1322.8345141036268,1322.8345558274584,4.172383160039317e-05
"((51, 2), (0, 254))",27,1322.8345141036268,1322.8345764768194,6.237319257706986e-05
"(85, (88, 3))",85,1322.8341304267065,1322.8342015343217,7.110761521289533e-05
"((88, 3), (0, 254))",27,1322.8348301012209,1322.8348924744134,6.237319257706986e-05
"((45, 3), (88, 254))",67,1907.8342163916961,1907.8343027255132,8.63338170802308e-05
"(71, (94, 254))",71,1322.8342264065218,1322.8342943983375,6.79918157402426e-05
"(96, (88, 3))",96,1322.8342900751866,1322.8343707036029,8.06284162990778e-05
"((94, 4), (94, 254))",71,1517.8343643901535,1517.8344323819692,6.79918157402426e-05
"((76, 3), (89, 1))",52,1517.834412216416,1517.8344994125725,8.719615652807988e-05
"((76, 3), (89, 2))",52,1517.834412216416,1517.8344984717326,8.62553165461577e-05
"(60, (94, 254))",60,1322.834426401943,1322.8344856433762,5.924143329139042e-05
"(70, (94, 254))",70,1322.8344561641534,1322.8345298180343,7.365388091784553e-05
"((94, 5), (94, 254))",60,1517.8345468848097,1517.834606126243,5.924143329139042e-05
"((0, 254), (51, 2))",54,1322.8349402646097,1322.8349983653725,5.81007627715735e-05
"((0, 254), (51, 2))",54,1322.8349402646097,1322.8350190147335,7.875012374825019e-05
"((94, 6), (94, 254))",70,1517.8346054719154,1517.8346791257964,7.365388091784553e-05
"((0, 254), (88, 3))",77,1322.8353295364027,1322.835414245224,8.470882130495738e-05
"((97, 1), (97, 254))",74,1507.8365315398426,1507.836601239242,6.969939954615256e-05
"((97, 2), (97, 254))",75,1502.8350803894527,1502.8351604135328,8.002408003449091e-05
"((98, 1), (98, 254))",85,1921.9651067565935,1921.9651778642087,7.110761521289533e-05
"((98, 2), (98, 254))",96,1907.8353277043593,1907.8354083327756,8.06284162990778e-05
"((87, 3), (45, 3))",76,1917.8348825805576,1917.8349663567149,8.377615722565679e-05
"((87, 3), (98, 254))",76,1917.8348825805576,1917.83494317776,6.059720226403442e-05
"((87, 3), (97, 2))",76,1512.8348825805576,1512.8349475580728,6.497751519418671e-05
"((87, 3), (98, 1))",76,1332.8348825805576,1332.834968953941,8.637338328298938e-05
"((51, 2), (97, 2))",64,1507.8341323909929,1507.834212415073,8.002408003449091e-05
"((51, 2), (97, 1))",64,1327.8341323909929,1327.8342020903924,6.969939954615256e-05
"((88, 3), (98, 1))",86,1327.8342485867443,1327.8343196943595,7.110761521289533e-05
"((88, 3), (88, 4))",86,1912.8342485867443,1912.8343173315793,6.874483506180695e-05
"((88, 3), (98, 2))",86,1912.8342485867443,1912.8343292151606,8.06284162990778e-05
"((88, 3), (87, 3))",86,1912.8342485867443,1912.8343091839465,6.059720226403442e-05
"((88, 4), (98, 2))",87,1912.834348000406,1912.8344078284852,5.98280792019068e-05
"((88, 4), (95, 254))",87,1912.834348000406,1912.8344117530705,6.375266457325779e-05
"((88, 4), (90, 1))",87,1912.834348000406,1912.8343945384127,4.6538006699847756e-05
"((88, 4), (98, 254))",87,1912.834348000406,1912.834416745241,6.874483506180695e-05
"((90, 1), (95, 254))",97,2317.834412490483,2317.8344694912653,5.700078236259287e-05
"((90, 1), (98, 2))",97,1912.8344124904827,1912.834486776442,7.428595927194692e-05
"((90, 1), (88, 4))",97,1912.8344124904827,1912.8344590284894,4.6538006699847756e-05
"((89, 2), (94, 254))",51,1507.8345180509245,1507.8345801009084,6.204998385328508e-05
"((89, 2), (76, 4))",51,1507.8345180509245,1507.8345876425299,6.959160532460373e-05
"((89, 2), (92, 1))",51,1507.8345180509245,1507.8345972104987,7.91595741702622e-05
"((92, 1), (76, 4))",50,1507.8345835862115,1507.8346590323702,7.544615868937399e-05
"((92, 1), (89, 2))",50,1507.8345835862115,1507.8346627457856,7.91595741702622e-05
"(73, (97, 1))",73,1327.8354261326065,1327.835504065215,7.793260851940431e-05
"((94, 3), (94, 5))",61,1507.8354581066928,1507.8355173481261,5.924143329139042e-05
"((94, 3), (94, 6))",61,1507.8354581066928,1507.8355317605738,7.365388091784553e-05
"((94, 3), (89, 2))",61,1507.8354581066928,1507.8355201566767,6.204998385328508e-05
"((94, 3), (94, 4))",61,1507.8354581066928,1507.8355260985086,6.79918157402426e-05
"((97, 1), (0, 254))",27,1327.8359549293361,1327.8360173025287,6.237319257706986e-05
"((0, 254), (97, 1))",64,1327.836460840443,1327.8365305398424,6.969939954615256e-05
"((99, 1), (99, 254))",73,1507.8366104724512,1507.8366884050597,7.793260851940431e-05
"((100, 254), (89, 1))",72,1507.8367651764872,1507.836826166623,6.099013580751489e-05
"(55, (97, 254))",55,1332.8338974778485,1332.833971890745,7.441289653797867e-05
"((97, 3), (97, 254))",55,1512.8340483036418,1512.8341227165383,7.441289653797867e-05
"(84, (99, 254))",84,1332.8340969065343,1332.8341492229238,5.2316389428597176e-05
"(83, (99, 254))",83,1332.8341288333627,1332.8342130765805,8.42432177705632e-05
"(82, (100, 254))",82,1332.8341813381169,1332.8342354761005,5.413798362496891e-05
"((99, 2), (99, 254))",84,1512.8342035393134,1512.8342558557028,5.2316389428597176e-05
"(95, (98, 1))",95,1332.834213845665,1332.8342962646236,8.24189585273416e-05
"(81, (94, 4))",81,1332.8342296069002,1332.8342784216577,4.881475751972175e-05
"((86, 2), (89, 1))",63,1512.834274027755,1512.8343213181101,4.7290355041695875e-05
"((86, 2), (99, 1))",63,1512.834274027755,1512.8343392521124,6.522435728584242e-05
"((94, 4), (0, 254))",27,1332.8349688192939,1332.8350311924864,6.237319257706986e-05
"((100, 1), (100, 254))",82,1512.8342916140843,1512.834345752068,5.413798362496891e-05
"((98, 1), (0, 254))",27,1332.834827769857,1332.8348901430495,6.237319257706986e-05
"((99, 3), (99, 254))",83,1512.8342993197984,1512.8343835630162,8.42432177705632e-05
"((51, 1), (97, 254))",54,1512.8344404692448,1512.8345192193685,7.875012374825019e-05
"(80, (94, 6))",80,1332.8344432388915,1332.8345118198852,6.858099368400872e-05
"((94, 6), (0, 254))",27,1332.8352078795865,1332.835270252779,6.237319257706986e-05
"((87, 2), (97, 2))",66,1512.834725208884,1512.8348076713958,8.246251172749908e-05
"((87, 2), (45, 3))",66,1917.834725208884,1917.8348034494004,7.824051635907381e-05
"((88, 2), (98, 254))",77,1917.8348851382175,1917.8349698470388,8.470882130495738e-05
"((0, 254), (98, 1))",76,1332.835324647379,1332.8354110207622,8.637338328298938e-05
"((0, 254), (94, 4))",61,1332.8357159714994,1332.8357839633152,6.79918157402426e-05
"((0, 254), (94, 6))",61,1332.835955031792,1332.836028685673,7.365388091784553e-05
"((89, 1), (100, 254))",62,1512.8354402897323,1512.8355012798681,6.099013580751489e-05
"((89, 1), (94, 254))",62,1512.8354402897323,1512.835521442612,8.115287960208661e-05
"((89, 1), (99, 1))",62,1512.8354402897323,1512.8354894685256,4.917879323329544e-05
"((101, 1), (101, 254))",95,1917.835495439721,1917.8355778586795,8.24189585273416e-05
"((102, 1), (102, 254))",81,1332.8359344075882,1332.8359832223457,4.881475751972175e-05
"((94, 4), (102, 1))",71,1332.8358845928306,1332.835933407588,4.881475751972175e-05
"((102, 1), (94, 4))",81,1512.8359344075882,1512.8359832223457,4.881475751972175e-05
"((103, 1), (103, 254))",80,1332.8362384286545,1332.8363070096482,6.858099368400872e-05
"((94, 6), (103, 1))",70,1332.8361688476607,1332.8362374286544,6.858099368400872e-05
"((103, 1), (94, 6))",80,1512.8362384286545,1512.8363070096482,6.858099368400872e-05
"((45, 2), (97, 3))",56,1502.8339943833082,1502.8340328588558,3.847554762614891e-05
"((45, 3), (87, 3))",67,1907.8342163916961,1907.8343001678534,8.377615722565679e-05
"((45, 3), (87, 254))",67,1907.8342163916961,1907.8342946322125,7.824051635907381e-05
"((94, 4), (100, 254))",71,1517.8343643901535,1517.8344141317941,4.97416406233242e-05
"((94, 5), (89, 2))",60,1517.8345468848097,1517.8346287464612,8.186165155166236e-05
"((94, 6), (94, 5))",70,1517.8346054719154,1517.8346342341258,2.876221037695359e-05
"((97, 1), (97, 2))",74,1502.8350700647723,1502.8351346612556,6.459648329837364e-05
"((97, 1), (99, 2))",74,1502.8350700647723,1502.8351223811617,5.2316389428597176e-05
"((97, 1), (101, 254))",74,1502.8350700647723,1502.8351559013338,8.58365615385992e-05
"((97, 1), (99, 1))",74,1502.8350700647723,1502.8351479973808,7.793260851940431e-05
"((97, 1), (99, 3))",74,1337.8350700647723,1337.83515430799,8.42432177705632e-05
"((97, 2), (87, 3))",75,1502.8350803894527,1502.835145366968,6.497751519418671e-05
"((97, 2), (99, 254))",75,1502.8350803894527,1502.835144985936,6.459648329837364e-05
"((97, 2), (101, 254))",75,1502.8350803894527,1502.835122421931,4.203247817713418e-05
"((97, 2), (99, 2))",75,1502.8350803894527,1502.8351347256862,5.433623346107197e-05
"((97, 2), (87, 254))",75,1502.8350803894527,1502.8351628519645,8.246251172749908e-05
"((98, 1), (99, 2))",85,1502.8353181835582,1502.8353533165325,3.513297428980877e-05
"((98, 1), (87, 3))",85,1907.8353181835582,1907.8354045569415,8.637338328298938e-05
"((98, 1), (97, 2))",85,1502.8353181835582,1502.8353602160364,4.203247817713418e-05
"((98, 1), (99, 254))",85,1502.8353181835582,1502.8354040201198,8.58365615385992e-05
"((98, 2), (90, 1))",96,1907.8353277043593,1907.8354019903186,7.428595927194692e-05
"((98, 2), (88, 4))",96,1907.8353277043593,1907.8353875324385,5.98280792019068e-05
"((87, 3), (101, 254))",76,1917.8348825805576,1917.834968953941,8.637338328298938e-05
"((51, 2), (97, 3))",64,1507.8341323909929,1507.8342068038894,7.441289653797867e-05
"((51, 2), (99, 254))",64,1507.8341323909929,1507.8342020903924,6.969939954615256e-05
"(93, (99, 3))",93,1342.8341936880695,1342.8342575427762,6.385470669556526e-05
"((88, 3), (101, 254))",86,1912.8342485867443,1912.8343196943595,7.110761521289533e-05
"((99, 3), (0, 254))",27,1342.8347936501152,1342.8348560233078,6.237319257706986e-05
"(94, (101, 1))",94,1342.8342665194955,1342.8343181933258,5.1673830284926225e-05
"(91, (102, 254))",91,1342.83429358216,1342.8343565574196,6.297525965237583e-05
"((101, 1), (0, 254))",27,1342.8349331175177,1342.8349954907103,6.237319257706986e-05
"(90, (103, 254))",90,1342.8343534816868,1342.8344422388914,8.875720459400327e-05
"((102, 2), (102, 254))",91,1507.8344215326795,1507.8344845079391,6.297525965237583e-05
"((89, 2), (94, 5))",51,1507.8345180509245,1507.834599912576,8.186165155166236e-05
"((103, 2), (103, 254))",90,1507.8345329960962,1507.8346217533008,8.875720459400327e-05
"((0, 254), (99, 3))",74,1342.8353702606216,1342.8354545038394,8.42432177705632e-05
"((0, 254), (101, 1))",85,1342.8355903691363,1342.8356727880948,8.24189585273416e-05
"((104, 1), (104, 254))",93,1507.8355203585463,1507.835584213253,6.385470669556526e-05
"((105, 1), (105, 254))",94,1912.8357264619253,1912.8357781357556,5.1673830284926225e-05
"((99, 1), (89, 1))",73,1507.8366104724512,1507.8366596512444,4.917879323329544e-05
"((99, 1), (100, 254))",73,1507.8366104724512,1507.8366626145787,5.214212751525338e-05
"((99, 1), (86, 2))",73,1507.8366104724512,1507.8366756968085,6.522435728584242e-05
"((99, 1), (104, 254))",73,1507.8366104724512,1507.836692058292,8.158584091688681e-05
"((97, 3), (45, 2))",55,1512.8340483036418,1512.8340867791894,3.847554762614891e-05
"((97, 3), (96, 254))",55,1512.8340483036418,1512.8340993567874,5.105314562570129e-05
"((97, 3), (87, 254))",55,1512.8340483036418,1512.8341182965112,6.999286938480509e-05
"((97, 3), (47, 3))",55,1512.8340483036418,1512.8341230546982,7.475105644516589e-05
"((99, 2), (97, 2))",84,1512.8342035393134,1512.8342578755469,5.433623346107197e-05
"((99, 2), (101, 254))",84,1512.8342035393134,1512.8342386722877,3.513297428980877e-05
"((100, 1), (102, 254))",82,1512.8342916140843,1512.8343388828675,4.7268783191611874e-05
"((100, 1), (104, 254))",82,1512.8342916140843,1512.8343431188384,5.150475408299826e-05
"((99, 3), (99, 1))",83,1512.8342993197984,1512.8343809056394,8.158584091688681e-05
"((99, 3), (100, 1))",83,1512.8342993197984,1512.8343508245525,5.150475408299826e-05
"((87, 2), (97, 3))",66,1512.834725208884,1512.8347952017534,6.999286938480509e-05
"((101, 1), (98, 2))",95,1917.835495439721,1917.8355706692423,7.522952137151151e-05
"((102, 1), (102, 2))",81,1512.835834778073,1512.8358977533326,6.297525965237583e-05
"((102, 1), (100, 1))",81,1512.835834778073,1512.835882046856,4.7268783191611874e-05
"((103, 1), (103, 2))",80,1512.836099266667,1512.8361880238715,8.875720459400327e-05
"(92, (104, 1))",92,1352.8342465451963,1352.834298402323,5.1857126663890085e-05
"((104, 1), (0, 254))",27,1352.8348993643688,1352.8349617375613,6.237319257706986e-05
"((94, 4), (102, 254))",71,1517.8343643901535,1517.834413204911,4.881475751972175e-05
"((94, 5), (94, 6))",60,1517.8345468848097,1517.83457564702,2.876221037695359e-05
"((94, 6), (103, 254))",70,1517.8346054719154,1517.8346740529091,6.858099368400872e-05
"((0, 254), (104, 1))",83,1352.835561218093,1352.8356250727998,6.385470669556526e-05
"((97, 1), (104, 254))",74,1502.8350700647723,1502.83515430799,8.42432177705632e-05
"((98, 1), (105, 254))",85,1907.8353181835582,1907.8354006025168,8.24189585273416e-05
"((98, 2), (105, 254))",96,1907.8353277043593,1907.8354029338807,7.522952137151151e-05
"((106, 1), (106, 254))",92,1502.8356789299266,1502.8357307870533,5.1857126663890085e-05
"((102, 2), (103, 2))",91,1507.8344215326795,1507.8344804322062,5.889952672077925e-05
"((103, 2), (102, 2))",90,1507.8345329960962,1507.834591895623,5.889952672077925e-05
"((99, 3), (106, 254))",83,1512.8342993197984,1512.8343631745051,6.385470669556526e-05
"((101, 1), (105, 1))",95,1917.835495439721,1917.8355471135512,5.1673830284926225e-05
"((106, 1), (102, 2))",92,1502.8356789299266,1502.8357212222504,4.229232376928849e-05
"((102, 2), (106, 1))",91,1507.8344215326795,1507.8344638250032,4.229232376928849e-05
"((104, 1), (106, 1))",93,1507.8355203585463,1507.835572215673,5.1857126663890085e-05
"((87, 3), (96, 254))",76,1917.8348825805576,1917.8349476214623,6.504090470116353e-05
"(54, (86, 254))",54,1526.9630373582481,1526.963069196315,3.183806688866753e-05
"((86, 3), (86, 254))",54,1707.8344404692448,1707.8344723073117,3.183806688866753e-05
"(64, (96, 254))",64,1526.963117108372,1526.963184254889,6.714651703987329e-05
"(74, (101, 254))",74,1526.9631878077716,1526.9632736443332,8.58365615385992e-05
"(55, (87, 254))",55,1526.9631925212686,1526.963262514138,6.999286938480509e-05
"(75, (87, 254))",75,1526.9631981324521,1526.9632805949639,8.246251172749908e-05
"(84, (101, 254))",84,1526.9632411241612,1526.9632762571355,3.513297428980877e-05
"((96, 1), (96, 254))",64,1922.5477047523316,1922.5477718988486,6.714651703987329e-05
"(73, (86, 2))",73,1536.9632667403803,1536.9633319647376,6.522435728584242e-05
"((101, 3), (101, 254))",84,1917.8342035393134,1917.8342386722877,3.513297428980877e-05
"((86, 2), (0, 254))",16,1526.9638324974562,1526.9639135992866,8.110183034659713e-05
"((87, 4), (87, 254))",55,1827.8340483036418,1827.8341182965112,6.999286938480509e-05
"((101, 2), (101, 254))",74,1921.9650199200319,1921.9651057565934,8.58365615385992e-05
"((87, 5), (87, 254))",75,1916.9633650574758,1916.9634475199875,8.246251172749908e-05
"((0, 254), (86, 2))",53,1526.9644535935136,1526.9644952338356,4.1640322024250054e-05
"((87, 4), (96, 254))",55,1827.8340483036418,1827.8340993567874,5.105314562570129e-05
"((87, 4), (45, 2))",55,1827.8340483036418,1827.8340867791894,3.847554762614891e-05
"((87, 4), (96, 1))",55,1722.8340483036418,1722.8341227165383,7.441289653797867e-05
"((86, 3), (86, 2))",54,1707.8344404692448,1707.8345097686692,6.92994244673173e-05
"((86, 3), (96, 1))",54,1707.8344404692448,1707.8345192193685,7.875012374825019e-05
"((87, 2), (87, 4))",66,1722.834725208884,1722.8347952017534,6.999286938480509e-05
"(34, (49, 4))",34,1528.9629839207378,1528.9630613373226,7.74165848724806e-05
"((49, 4), (0, 254))",16,1528.9631895436287,1528.963270645459,8.110183034659713e-05
"(33, (79, 254))",33,1528.9630736809881,1528.963140990699,6.730971085744386e-05
"(42, (79, 254))",42,1528.9631568348134,1528.9632332605304,7.642571699761902e-05
"((79, 3), (79, 254))",33,1708.96321030041,1708.963277610121,6.730971085744386e-05
"(41, (79, 2))",41,1528.9632171489848,1528.9632818728303,6.472384552580479e-05
"(52, (79, 1))",52,1538.963234800534,1538.963317704761,8.290422692880384e-05
"((0, 254), (49, 4))",15,1528.9633904397333,1528.9634799535954,8.951386212174839e-05
"((79, 4), (79, 254))",42,1710.318677334755,1710.318753760472,7.642571699761902e-05
"(51, (92, 1))",51,1528.9633220558508,1528.963401215425,7.91595741702622e-05
"(62, (107, 254))",62,1528.9633229966907,1528.9633702870458,4.7290355041695875e-05
"((92, 1), (0, 254))",16,1528.9638932135267,1528.963974315357,8.110183034659713e-05
"((107, 2), (107, 254))",62,1711.964576768982,1711.964624059337,4.7290355041695875e-05
"((108, 1), (108, 254))",34,1528.9637162033505,1528.9637936199354,7.74165848724806e-05
"((49, 4), (108, 1))",24,1528.9636377867655,1528.9637152033504,7.74165848724806e-05
"((108, 1), (49, 4))",34,1715.3181009148052,1715.31817833139,7.74165848724806e-05
"((0, 254), (92, 1))",40,1528.9644684721163,1528.9645474152892,7.894317286627484e-05
"((109, 1), (109, 254))",51,1528.9647888940121,1528.9648680535863,7.91595741702622e-05
"((92, 1), (109, 1))",50,1528.9647087344379,1528.964787894012,7.91595741702622e-05
"((109, 1), (92, 1))",51,1713.9650646696298,1713.965117961741,5.3292111260816455e-05
"((109, 1), (92, 1))",51,1713.9650646696298,1713.965143829204,7.91595741702622e-05
"((75, 1), (79, 4))",32,1710.3180649020358,1710.3181413277528,7.642571699761902e-05
"((75, 1), (79, 3))",32,1710.3180649020358,1710.3181322117466,6.730971085744386e-05
"((108, 1), (79, 3))",34,1710.318266974164,1710.3183557344144,8.876025026438583e-05
"((79, 1), (79, 3))",43,1715.3193295448511,1715.3193575078587,2.7963007596554235e-05
"((79, 1), (79, 4))",43,1715.3193295448511,1715.3193956738398,6.612898869207129e-05
"((79, 4), (79, 1))",42,1710.318677334755,1710.3187434637437,6.612898869207129e-05
"((79, 4), (79, 2))",42,1710.318677334755,1710.3187314216816,5.408692663877446e-05
"((79, 4), (79, 3))",42,1710.318677334755,1710.31875948858,8.215382513299119e-05
"((45, 2), (87, 4))",56,1712.8339943833082,1712.8340328588558,3.847554762614891e-05
"((86, 1), (86, 3))",53,1712.8353093758867,1712.8353412139536,3.183806688866753e-05
"((86, 1), (107, 254))",53,1712.8353093758867,1712.8353510162087,4.1640322024250054e-05
"((98, 1), (101, 3))",85,1907.8353181835582,1907.8353533165325,3.513297428980877e-05
"((98, 1), (87, 5))",85,1907.8353181835582,1907.8353602160364,4.203247817713418e-05
"((98, 1), (101, 2))",85,1532.8353181835582,1532.8354040201198,8.58365615385992e-05
"((49, 4), (108, 254))",24,1713.9625614315175,1713.9626388481024,7.74165848724806e-05
"(44, (108, 254))",44,1536.9629466468934,1536.9629966901334,5.0043239980368526e-05
"((108, 2), (108, 254))",44,1716.9630487333736,1716.9630987766136,5.0043239980368526e-05
"(83, (101, 2))",83,1536.9632730509895,1536.9633572942073,8.42432177705632e-05
"((101, 2), (0, 254))",27,1536.9639756360023,1536.9640380091948,6.237319257706986e-05
"((0, 254), (101, 2))",85,1536.9646328876208,1536.9647187241824,8.58365615385992e-05
"((110, 1), (110, 254))",83,1921.964934676814,1921.9650189200318,8.42432177705632e-05
"((87, 3), (87, 5))",76,1917.8348825805576,1917.8349475580728,6.497751519418671e-05
"(45, (108, 254))",45,1537.8345267694463,1537.8346138424977,8.707305141797406e-05
"((92, 1), (109, 254))",50,1702.8345835862115,1702.8346627457856,7.91595741702622e-05
"((108, 3), (108, 254))",45,1712.8345267694463,1712.8346138424977,8.707305141797406e-05
"(41, (92, 254))",41,1538.9632171489848,1538.9632776895883,6.054060349924839e-05
"((92, 2), (92, 254))",41,1703.963340230192,1703.9634007707955,6.054060349924839e-05
"(72, (107, 2))",72,1538.9633849868267,1538.9634459769625,6.099013580751489e-05
"(61, (109, 254))",61,1538.9634051495705,1538.9634671995543,6.204998385328508e-05
"((107, 2), (0, 254))",16,1546.9638647422473,1546.9639458440777,8.110183034659713e-05
"(60, (109, 254))",60,1538.9634653910039,1538.9635472526554,8.186165155166236e-05
"((109, 2), (109, 254))",61,1713.964975752183,1713.9650378021668,6.204998385328508e-05
"((109, 3), (109, 254))",60,1713.9649818079781,1713.9650636696297,8.186165155166236e-05
"((111, 254), (79, 1))",52,1703.964299816629,1703.9643827208558,8.290422692880384e-05
"((79, 2), (79, 4))",31,1705.3180978895518,1705.3181519764785,5.408692663877446e-05
"((96, 1), (110, 254))",64,1916.9632534014063,1916.9633231008058,6.969939954615256e-05
"((96, 1), (87, 4))",64,1721.9632534014063,1721.9633278143028,7.441289653797867e-05
"((96, 1), (87, 5))",64,1916.9632534014063,1916.9633334254863,8.002408003449091e-05
"((96, 1), (86, 3))",64,1706.9632534014063,1706.96333215153,7.875012374825019e-05
"((101, 3), (87, 5))",84,1917.8342035393134,1917.8342578755469,5.433623346107197e-05
"((101, 3), (110, 254))",84,1917.8342035393134,1917.8342558557028,5.2316389428597176e-05
"((87, 4), (108, 3))",55,1707.8340483036418,1707.8341230546982,7.475105644516589e-05
"((101, 2), (87, 5))",74,1916.963361480895,1916.9634260773782,6.459648329837364e-05
"((101, 2), (101, 3))",74,1916.963361480895,1916.9634137972844,5.2316389428597176e-05
"((101, 2), (96, 1))",74,1721.963361480895,1721.9634311802945,6.969939954615256e-05
"((87, 5), (110, 254))",75,1916.9633650574758,1916.963429653959,6.459648329837364e-05
"((87, 5), (101, 254))",75,1916.9633650574758,1916.963407089954,4.203247817713418e-05
"((87, 5), (101, 3))",75,1916.9633650574758,1916.9634193937093,5.433623346107197e-05
"((87, 5), (87, 3))",75,1916.9633650574758,1916.963430034991,6.497751519418671e-05
"((87, 5), (96, 254))",75,1916.9633650574758,1916.9634380759196,7.301844379981048e-05
"((87, 5), (96, 1))",75,1721.9633650574758,1721.9634450815558,8.002408003449091e-05
"((86, 2), (107, 2))",63,1542.834274027755,1542.8343213181101,4.7290355041695875e-05
"((86, 3), (108, 2))",54,1707.8344404692448,1707.8345301805994,8.971135457613855e-05
"((87, 2), (87, 5))",66,1917.834725208884,1917.8348076713958,8.246251172749908e-05
"((79, 3), (108, 254))",33,1708.96321030041,1708.9632990606603,8.876025026438583e-05
"((79, 3), (79, 1))",33,1708.96321030041,1708.9632382634177,2.7963007596554235e-05
"((79, 3), (79, 4))",33,1708.96321030041,1708.9632924542352,8.215382513299119e-05
"((79, 4), (111, 254))",42,1710.318677334755,1710.3187543004756,7.696572060922335e-05
"((108, 1), (108, 3))",34,1710.318266974164,1710.3183540472155,8.707305141797406e-05
"((108, 1), (108, 2))",34,1710.318266974164,1710.318317017404,5.0043239980368526e-05
"((109, 1), (109, 2))",51,1543.9646285748636,1543.9646906248474,6.204998385328508e-05
"((109, 1), (109, 3))",51,1543.9646285748636,1543.9647104365151,8.186165155166236e-05
"((109, 1), (92, 2))",51,1708.9646285748636,1708.964698166469,6.959160532460373e-05
"((109, 1), (111, 254))",51,1708.9646285748636,1708.9647148301801,8.62553165461577e-05
"((79, 1), (111, 254))",43,1715.3193295448511,1715.319412449078,8.290422692880384e-05
"((79, 4), (92, 2))",42,1710.318677334755,1710.3187366489262,5.931417126703309e-05
"(73, (107, 2))",73,1546.9632667403803,1546.9633159191735,4.917879323329544e-05
"(93, (110, 1))",93,1546.9633379056963,1546.963401760403,6.385470669556526e-05
"((110, 1), (0, 254))",27,1546.9641053454159,1546.9641677186085,6.237319257706986e-05
"((0, 254), (107, 2))",63,1546.9645284786268,1546.9645757689818,4.7290355041695875e-05
"((0, 254), (110, 1))",74,1546.964849433596,1546.9649336768139,8.42432177705632e-05
"((112, 2), (112, 254))",73,1711.9646269477753,1711.9646761265685,4.917879323329544e-05
"((112, 1), (112, 254))",72,1711.9646387591179,1711.9646997492537,6.099013580751489e-05
"((113, 1), (113, 254))",93,1921.9649995315208,1921.9650633862275,6.385470669556526e-05
"((86, 1), (111, 254))",53,1712.8353093758867,1712.835369778866,6.040297921572346e-05
"((98, 1), (110, 254))",85,1907.8353181835582,1907.8354040201198,8.58365615385992e-05
"(82, (113, 254))",82,1548.9634401248104,1548.9634916295645,5.150475408299826e-05
"(71, (109, 2))",71,1578.9634741413863,1578.963542133202,6.79918157402426e-05
"(70, (109, 3))",70,1548.9634798034515,1548.9635085656619,2.876221037695359e-05
"((109, 3), (0, 254))",16,1548.9641635849896,1548.96424468682,8.110183034659713e-05
"((109, 2), (0, 254))",16,1548.964177340862,1548.9642584426924,8.110183034659713e-05
"((113, 2), (113, 254))",82,1917.547719089564,1917.547770594318,5.150475408299826e-05
"((0, 254), (109, 3))",51,1548.9648989463265,1548.964980807978,8.186165155166236e-05
"((0, 254), (109, 2))",51,1548.964912702199,1548.9649747521828,6.204998385328508e-05
"((114, 1), (114, 254))",70,1713.9650115701886,1713.965040332399,2.876221037695359e-05
"((108, 2), (108, 3))",44,1716.9630487333736,1716.9630888507354,4.011736177744751e-05
"((108, 2), (86, 3))",44,1716.9630487333736,1716.9631384447282,8.971135457613855e-05
"((92, 1), (92, 2))",50,1702.8345835862115,1702.8346590323702,7.544615868937399e-05
"((108, 3), (87, 4))",45,1702.8347029155493,1702.8347776666058,7.475105644516589e-05
"((108, 3), (108, 2))",45,1702.8347029155493,1702.834743032911,4.011736177744751e-05
"((92, 2), (79, 2))",41,1703.963340230192,1703.9634049540375,6.472384552580479e-05
"((92, 2), (109, 254))",41,1703.963340230192,1703.9634098217973,6.959160532460373e-05
"((92, 2), (92, 1))",41,1703.963340230192,1703.9634156763507,7.544615868937399e-05
"((92, 2), (79, 4))",41,1703.963340230192,1703.9633995443633,5.931417126703309e-05
"((109, 2), (114, 254))",61,1703.9635312495384,1703.9635904909717,5.924143329139042e-05
"((109, 3), (115, 254))",60,1703.9636311143072,1703.9636903557405,5.924143329139042e-05
"((79, 2), (92, 2))",31,1705.3180978895518,1705.3181626133974,6.472384552580479e-05
"((101, 2), (113, 254))",74,1916.963361480895,1916.9634457241127,8.42432177705632e-05
"(92, (113, 2))",92,1556.963390762823,1556.9634647761197,7.401329662570788e-05
"((113, 2), (0, 254))",27,1737.5456638281337,1737.5457262013263,6.237319257706986e-05
"((0, 254), (113, 2))",83,1737.5464931595318,1737.5465446642859,5.150475408299826e-05
"((86, 2), (112, 254))",63,1707.834274027755,1707.8343213181101,4.7290355041695875e-05
"((107, 2), (112, 1))",62,1588.963419577401,1588.9634805675369,6.099013580751489e-05
"((107, 2), (112, 2))",62,1708.963419577401,1708.9634687561943,4.917879323329544e-05
"(81, (116, 254))",81,1568.963523956144,1568.963613163794,8.920765003495035e-05
"(80, (114, 1))",80,1708.9635493844453,1708.963617965439,6.858099368400872e-05
"(91, (113, 2))",91,1558.9635879314037,1558.9636695727916,8.164138785105024e-05
"((114, 1), (0, 254))",16,1568.9643027469772,1568.9643838488075,8.110183034659713e-05
"((116, 2), (116, 254))",81,1918.9636204937106,1918.9637097013606,8.920765003495035e-05
"((0, 254), (114, 1))",60,1568.9651209699657,1568.965149732176,2.876221037695359e-05
"((109, 1), (115, 254))",51,1708.9646285748636,1708.9646906248474,6.204998385328508e-05
"((109, 1), (114, 254))",51,1708.9646285748636,1708.9647104365151,8.186165155166236e-05
"((112, 2), (112, 1))",73,1576.9646269477753,1576.9646790899028,5.214212751525338e-05
"((112, 1), (116, 254))",72,1561.9646387591179,1561.9646928971015,5.413798362496891e-05
"((112, 1), (112, 2))",72,1711.9646387591179,1711.9646909012454,5.214212751525338e-05
"((113, 1), (113, 2))",93,1921.9649995315208,1921.9650751524928,7.562097198388074e-05
"((113, 2), (116, 2))",82,1578.9635451343188,1578.963592403102,4.7268783191611874e-05
"((113, 2), (112, 1))",82,1578.9635451343188,1578.9635992723024,5.413798362496891e-05
"((114, 1), (109, 2))",70,1563.9650115701886,1563.9650852240695,7.365388091784553e-05
"(92, (116, 254))",92,1566.963390762823,1566.9634647761197,7.401329662570788e-05
"((116, 1), (116, 254))",92,1566.96369081601,1566.9637648293067,7.401329662570788e-05
"((113, 2), (116, 1))",82,1566.9636158027133,1566.96368981601,7.401329662570788e-05
"((116, 1), (113, 2))",92,1917.5476440762673,1917.547718089564,7.401329662570788e-05
"((110, 1), (113, 1))",83,1911.9648049674004,1911.964868822107,6.385470669556526e-05
"(91, (116, 254))",91,1568.9635879314037,1568.9636302237275,4.229232376928849e-05
"((109, 3), (114, 1))",60,1568.9636311143072,1568.9636598765176,2.876221037695359e-05
"((116, 3), (116, 254))",91,1913.9636745160515,1913.9637168083752,4.229232376928849e-05
"((116, 2), (113, 2))",81,1918.9636204937106,1918.9636677624937,4.7268783191611874e-05
"((116, 2), (116, 3))",81,1918.9636204937106,1918.9636834689702,6.297525965237583e-05
"((112, 1), (113, 2))",72,1711.9646387591179,1711.9646928971015,5.413798362496891e-05
"((113, 1), (116, 254))",93,1921.9649995315208,1921.9650513886475,5.1857126663890085e-05
"((113, 2), (116, 3))",82,1908.9635451343188,1908.9636267757066,8.164138785105024e-05
"((113, 2), (113, 1))",82,1908.9635451343188,1908.9636207552908,7.562097198388074e-05
"((113, 2), (116, 254))",82,1908.9635451343188,1908.9636191476154,7.401329662570788e-05
"(90, (116, 2))",90,1578.96363914165,1578.9637236187964,8.447714640169579e-05
"((116, 2), (0, 254))",27,1578.9646449295103,1578.964707302703,6.237319257706986e-05
"((0, 254), (116, 2))",82,1578.9655267656626,1578.9655740344458,4.7268783191611874e-05
"((118, 1), (118, 254))",90,1917.5474683914706,1917.547552868617,8.447714640169579e-05
"((116, 1), (116, 3))",92,1911.9635407894166,1911.9635830817404,4.229232376928849e-05
"((116, 1), (118, 254))",92,1911.9635407894166,1911.9636299970666,8.920765003495035e-05
"((116, 1), (113, 1))",92,1911.9635407894166,1911.9635926465432,5.1857126663890085e-05
"((110, 1), (113, 2))",83,1911.9648049674004,1911.9648564721545,5.150475408299826e-05
"((109, 3), (117, 254))",60,1703.9636311143072,1703.9636598765176,2.876221037695359e-05
"((116, 3), (113, 2))",91,1913.9636745160515,1913.9637561574393,8.164138785105024e-05
"((116, 3), (118, 254))",91,1913.9636745160515,1913.9637374913111,6.297525965237583e-05
"(71, (112, 1))",71,1588.9634741413863,1588.963523883027,4.97416406233242e-05
"((112, 1), (0, 254))",16,1588.9641346962367,1588.964215798067,8.110183034659713e-05
"((116, 2), (118, 1))",81,1918.9636204937106,1918.963704970857,8.447714640169579e-05
"((0, 254), (112, 1))",62,1588.9648467229713,1588.964907713107,6.099013580751489e-05
"((119, 1), (119, 254))",71,1708.964959454748,1708.9650091963886,4.97416406233242e-05
"((112, 2), (119, 254))",73,1711.9646269477753,1711.9646790899028,5.214212751525338e-05
"((113, 2), (118, 254))",82,1908.9635451343188,1908.963592403102,4.7268783191611874e-05
"((113, 2), (119, 254))",82,1713.9635451343188,1713.9635992723024,5.413798362496891e-05
"((118, 1), (116, 3))",90,1908.9656605115924,1908.9657194111192,5.889952672077925e-05
"((116, 3), (118, 1))",91,1913.9636745160515,1913.9637334155782,5.889952672077925e-05
"((116, 2), (119, 1))",81,1708.9636204937106,1708.963669308468,4.881475751972175e-05
"((107, 2), (119, 254))",62,1708.963419577401,1708.9634805675369,6.099013580751489e-05
"((119, 1), (118, 254))",71,1708.964959454748,1708.9650082695055,4.881475751972175e-05
"((112, 1), (119, 1))",72,1711.9646387591179,1711.9646885007585,4.97416406233242e-05
"(80, (118, 1))",80,1718.9635493844453,1718.9636381416499,8.875720459400327e-05
"((118, 1), (0, 254))",27,1718.9646449295103,1718.964707302703,6.237319257706986e-05
"((0, 254), (118, 1))",81,1718.9656919866095,1718.965776463756,8.447714640169579e-05
"((120, 1), (120, 254))",80,1718.9660467353701,1718.9661354925747,8.875720459400327e-05
"((118, 1), (120, 1))",90,1718.9659569781654,1718.96604573537,8.875720459400327e-05
"((120, 1), (118, 1))",80,1917.547378634266,1917.5474673914705,8.875720459400327e-05
"(15, (2, 5))",15,1727.5442049656747,1727.5442689737715,6.400809684237174e-05
"((2, 5), (0, 254))",27,1727.5444301318219,1727.5444925050144,6.237319257706986e-05
"(45, (87, 4))",45,1727.5444619691734,1727.5445367202299,7.475105644516589e-05
"((0, 254), (2, 5))",36,1727.5446274602646,1727.5447160362573,8.857599277689587e-05
"((87, 4), (0, 254))",27,1727.5449324249062,1727.5449947980987,6.237319257706986e-05
"(54, (96, 1))",54,1727.5446580036944,1727.5447367538181,7.875012374825019e-05
"((96, 1), (0, 254))",27,1727.5451311200331,1727.5451934932257,6.237319257706986e-05
"(73, (113, 254))",73,1727.544766275098,1727.544847860939,8.158584091688681e-05
"(72, (113, 254))",72,1727.5447780864406,1727.544856829204,7.874276343500242e-05
"((121, 1), (121, 254))",15,1727.5449120605483,1727.5449760686452,6.400809684237174e-05
"(71, (113, 2))",71,1737.5448288280813,1737.5449077383666,7.891028531048505e-05
"((2, 5), (121, 1))",26,1727.5448470524514,1727.5449110605482,6.400809684237174e-05
"(70, (120, 254))",70,1727.544852054769,1727.5449206357628,6.858099368400872e-05
"((121, 1), (2, 5))",15,1927.5464802743065,1927.5465442824034,6.400809684237174e-05
"((121, 1), (2, 5))",15,1927.5464802743065,1927.5465442824034,6.400809684237174e-05
"((113, 3), (113, 254))",73,1922.54493144678,1922.545013032621,8.158584091688681e-05
"((113, 4), (113, 254))",72,1922.5449375719677,1922.5450163147311,7.874276343500242e-05
"((120, 2), (120, 254))",70,1922.5449912167567,1922.5450597977504,6.858099368400872e-05
"((0, 254), (87, 4))",56,1727.54532831844,1727.5453667939876,3.847554762614891e-05
"((0, 254), (96, 1))",65,1727.5455830861163,1727.5456502326333,6.714651703987329e-05
"((122, 1), (122, 254))",45,1852.5467930588525,,
"((123, 1), (123, 254))",54,1922.5476250022077,1922.5477037523315,7.875012374825019e-05
"((45, 2), (122, 254))",56,1907.8339943833082,,
"((118, 1), (120, 254))",90,1908.9656605115924,1908.965749268797,8.875720459400327e-05
"((2, 5), (121, 254))",26,1917.8321411580098,1917.8322051661066,6.400809684237174e-05
"((116, 2), (113, 4))",81,1733.9637043714442,1733.9637748644625,7.049301825645671e-05
"((120, 1), (120, 2))",80,1733.9658672209607,1733.9659358019544,6.858099368400872e-05
"((96, 1), (122, 254))",64,1916.9632534014063,,
"((96, 1), (123, 1))",64,1736.9632534014063,1736.96333215153,7.875012374825019e-05
"((87, 4), (122, 1))",55,1827.8340483036418,1827.8341230546982,7.475105644516589e-05
"((87, 4), (123, 254))",55,1827.8340483036418,1827.8341227165383,7.441289653797867e-05
"((101, 2), (113, 3))",74,1916.963361480895,1916.9634394135035,7.793260851940431e-05
"((101, 2), (123, 254))",74,1916.963361480895,1916.9634311802945,6.969939954615256e-05
"((87, 5), (123, 254))",75,1916.9633650574758,1916.9634450815558,8.002408003449091e-05
"(5, (121, 254))",5,1737.5442587939287,1737.5443116221827,5.282825395624968e-05
"((121, 2), (121, 254))",5,1927.5464264460525,1927.5464792743064,5.282825395624968e-05
"((121, 2), (121, 254))",5,1927.5464264460525,1927.5464792743064,5.282825395624968e-05
"(34, (122, 1))",34,1752.5455316180958,1752.5456186911472,8.707305141797406e-05
"(44, (122, 1))",44,1737.544424939362,1737.5444650567238,4.011736177744751e-05
"((122, 1), (0, 254))",27,1752.54609014688,1752.5461525200726,6.237319257706986e-05
"(53, (123, 1))",53,1737.5446251656274,1737.5446570036943,3.183806688866753e-05
"((123, 1), (0, 254))",27,1737.5452112217129,1737.5452735949054,6.237319257706986e-05
"(63, (123, 1))",63,1737.5446678059495,1737.544737105374,6.92994244673173e-05
"(62, (113, 4))",62,1737.5447160963047,1737.5447770864405,6.099013580751489e-05
"((113, 4), (0, 254))",27,1737.5455604142169,1737.5456227874095,6.237319257706986e-05
"(61, (120, 2))",61,1737.544802480891,1737.5448761347718,7.365388091784553e-05
"(60, (120, 2))",60,1737.5448222925586,1737.544851054769,2.876221037695359e-05
"((120, 2), (0, 254))",27,1737.5460422608307,1737.5460795540205,3.72931897345552e-05
"((120, 2), (0, 254))",27,1737.5460422608307,1737.5461046340233,6.237319257706986e-05
"((0, 254), (122, 1))",55,1752.5466115979416,1752.546686348998,7.475105644516589e-05
"((0, 254), (123, 1))",64,1737.5457313343131,1737.5458100844369,7.875012374825019e-05
"((124, 2), (124, 254))",44,1737.54565297911,1737.5456930964717,4.011736177744751e-05
"((122, 1), (124, 2))",45,1737.545611861748,1737.5456519791098,4.011736177744751e-05
"((124, 1), (124, 254))",34,1737.5456177000758,,
"((0, 254), (113, 4))",83,1737.546389745615,1737.5464684883784,7.874276343500242e-05
"((124, 2), (122, 1))",44,1842.54565297911,1842.5456930964717,4.011736177744751e-05
"((125, 1), (125, 254))",53,1922.5475921641407,1922.5476240022076,3.183806688866753e-05
"((125, 2), (125, 254))",63,1917.5458012821819,1917.5458705816063,6.92994244673173e-05
"((0, 254), (120, 2))",80,1737.5472645522811,1737.547308053272,4.350099084149406e-05
"((0, 254), (120, 2))",80,1737.5472645522811,1737.5473331332748,6.858099368400872e-05
"((126, 1), (126, 254))",62,1917.5465314785145,1917.5465924686503,6.099013580751489e-05
"((127, 254), (113, 2))",71,1917.5466255745714,1917.5467044848567,7.891028531048505e-05
"((128, 1), (128, 254))",60,1917.5473388154826,1917.547367577693,2.876221037695359e-05
"((128, 2), (128, 254))",61,1917.5473837071531,1917.547457361034,7.365388091784553e-05
"((87, 2), (122, 254))",66,1917.834725208884,,
"((116, 2), (127, 254))",81,1918.9636204937106,1918.963669308468,4.881475751972175e-05
"((116, 2), (126, 254))",81,1918.9636204937106,1918.9636909867288,7.049301825645671e-05
"((121, 1), (121, 2))",15,1742.5447820443544,1742.5448348726084,5.282825395624968e-05
"((113, 3), (126, 254))",73,1922.54493144678,1922.5449835889076,5.214212751525338e-05
"((113, 3), (110, 254))",73,1922.54493144678,1922.5450093793886,7.793260851940431e-05
"((113, 4), (113, 3))",72,1922.5449375719677,1922.5449897140952,5.214212751525338e-05
"((113, 4), (127, 254))",72,1922.5449375719677,1922.5449873136083,4.97416406233242e-05
"((113, 4), (113, 2))",72,1922.5449375719677,1922.5449917099513,5.413798362496891e-05
"((113, 4), (118, 254))",72,1922.5449375719677,1922.545008064986,7.049301825645671e-05
"((113, 2), (127, 254))",82,1908.9635451343188,1908.963624044604,7.891028531048505e-05
"((113, 2), (126, 254))",82,1908.9635451343188,1908.9635992723024,5.413798362496891e-05
"((120, 2), (128, 2))",70,1922.5449912167567,1922.5450648706376,7.365388091784553e-05
"((120, 2), (128, 1))",70,1743.9650115701886,1743.965040332399,2.876221037695359e-05
"((110, 1), (113, 3))",83,1911.9648049674004,1911.9648865532413,8.158584091688681e-05
"((110, 1), (126, 254))",83,1911.9648049674004,1911.9648837101638,7.874276343500242e-05
"(6, (121, 2))",6,1747.5442775035942,1747.544316973188,3.946959373024583e-05
"((121, 2), (0, 254))",27,1747.5446605371146,1747.5447229103072,6.237319257706986e-05
"(4, (121, 2))",4,1747.544320168321,1747.5443805427133,6.037439220563101e-05
"(43, (125, 1))",43,1877.545736423334,1877.5458258137403,8.939040640143503e-05
"(52, (125, 1))",52,1797.544618679448,1797.5446790824271,6.040297921572346e-05
"((125, 1), (0, 254))",27,1877.5463327681462,1877.5463951413387,6.237319257706986e-05
"((0, 254), (121, 2))",15,1747.5450124496472,1747.5450652779011,5.282825395624968e-05
"(51, (128, 1))",51,1837.544739430907,1837.5448212925585,8.186165155166236e-05
"((128, 1), (0, 254))",27,1747.546017180828,1747.5460795540205,6.237319257706986e-05
"((129, 1), (129, 254))",6,1927.5450431779698,1927.5450826475635,3.946959373024583e-05
"((129, 2), (129, 254))",4,1927.5463650716601,1927.5464254460524,6.037439220563101e-05
"((129, 2), (129, 254))",4,1927.5463650716601,1927.5464254460524,6.037439220563101e-05
"((0, 254), (125, 1))",54,1877.5469326308703,1877.5469644689372,3.183806688866753e-05
"((0, 254), (128, 1))",70,1747.547309053272,1747.5473378154825,2.876221037695359e-05
"((120, 1), (128, 254))",80,1913.9658672209607,1913.9659358019544,6.858099368400872e-05
"((96, 1), (125, 254))",64,1916.9632534014063,1916.96333215153,7.875012374825019e-05
"((125, 2), (126, 1))",63,1917.5458012821819,1917.545848572537,4.7290355041695875e-05
"((125, 2), (113, 3))",63,1917.5458012821819,1917.5458665065391,6.522435728584242e-05
"((125, 2), (125, 1))",63,1917.5458012821819,1917.5458429225039,4.1640322024250054e-05
"((126, 1), (113, 3))",62,1917.5465314785145,1917.5465806573077,4.917879323329544e-05
"((126, 1), (128, 2))",62,1917.5465314785145,1917.546612631394,8.115287960208661e-05
"((126, 1), (125, 2))",62,1917.5465314785145,1917.5465787688695,4.7290355041695875e-05
"((132, 254), (122, 1))",34,1852.546704985801,1852.5467920588524,8.707305141797406e-05
"((132, 254), (122, 1))",34,1852.546704985801,1852.5467920588524,8.707305141797406e-05
"((128, 2), (128, 1))",61,1827.5473837071531,1827.5474429485864,5.924143329139042e-05
"((128, 2), (127, 254))",61,1917.5473837071531,1917.5474516989689,6.79918157402426e-05
"((128, 2), (126, 1))",61,1917.5473837071531,1917.5474648600327,8.115287960208661e-05
"(14, (129, 2))",14,1757.5442746829563,1757.5443391551105,6.44721542357729e-05
"(24, (132, 254))",24,1757.544295479537,1757.5443728961218,7.74165848724806e-05
"((129, 2), (0, 254))",27,1777.5448270079162,1777.544839407497,1.2399580782584962e-05
"((129, 2), (0, 254))",27,1777.5448270079162,1777.5448893811088,6.237319257706986e-05
"((132, 1), (132, 254))",24,1852.5464065133174,1852.5464839299023,7.74165848724806e-05
"((132, 1), (132, 254))",24,1852.5464065133174,1852.5464839299023,7.74165848724806e-05
"(33, (132, 254))",33,1757.544512910897,1757.5446016711473,8.876025026438583e-05
"((132, 2), (132, 254))",33,1852.5466152255506,1852.5467039858008,8.876025026438583e-05
"((132, 2), (132, 254))",33,1852.5466152255506,1852.5467039858008,8.876025026438583e-05
"((0, 254), (129, 2))",5,1777.5452327487028,1777.5452431494832,1.0400780411146116e-05
"((0, 254), (129, 2))",5,1777.5452327487028,1777.545293123095,6.037439220563101e-05
"((121, 1), (129, 254))",15,1922.5447820443544,1922.5448348726084,5.282825395624968e-05
"((113, 3), (125, 2))",73,1922.54493144678,1922.5449966711374,6.522435728584242e-05
"((113, 3), (126, 1))",73,1922.54493144678,1922.5449806255733,4.917879323329544e-05
"((113, 4), (126, 1))",72,1922.5449375719677,1922.5449985621035,6.099013580751489e-05
"((120, 2), (131, 254))",70,1922.5449912167567,1922.545019978967,2.876221037695359e-05
"((133, 1), (133, 254))",14,1757.5453440555461,1757.5454085277004,6.44721542357729e-05
"((129, 2), (133, 1))",4,1757.5452785833918,1757.545343055546,6.44721542357729e-05
"((133, 1), (129, 2))",14,1922.5470589947374,1922.5471234668917,6.44721542357729e-05
"((122, 1), (124, 254))",45,1847.5454435450442,1847.545483662406,4.011736177744751e-05
"((122, 1), (132, 254))",45,1847.5454435450442,1847.5455306180957,8.707305141797406e-05
"((123, 1), (125, 2))",54,1922.5457309827573,1922.5458002821817,6.92994244673173e-05
"((123, 1), (130, 254))",54,1802.5457309827573,1802.5457628208242,3.183806688866753e-05
"((129, 2), (133, 254))",4,1927.5450640827682,1927.5451285549225,6.44721542357729e-05
"(13, (129, 2))",13,1777.5443503138965,1777.5444356655107,8.535161418876669e-05
"(23, (132, 1))",23,1767.5443621220509,1767.544433018605,7.089655423442309e-05
"((121, 2), (129, 1))",5,1917.5443664504369,1917.5444059200306,3.946959373024583e-05
"((121, 2), (129, 2))",5,1917.5443664504369,1917.544426824829,6.037439220563101e-05
"(3, (129, 2))",3,1777.544405330052,1777.5444856391225,8.030907042666513e-05
"((132, 1), (0, 254))",27,1767.5450709639745,1767.545133337167,6.237319257706986e-05
"(32, (132, 2))",32,1767.5444446011861,1767.544511910897,6.730971085744386e-05
"((132, 2), (0, 254))",27,1767.545253469763,1767.5453158429557,6.237319257706986e-05
"(42, (132, 2))",42,1767.5445220269032,1767.5446041807284,8.215382513299119e-05
"((0, 254), (132, 1))",34,1767.545756239144,1767.545833655729,7.74165848724806e-05
"((0, 254), (132, 2))",34,1767.5459387449328,1767.546027505183,8.876025026438583e-05
"((124, 2), (132, 254))",44,1857.5455707443862,,
"((134, 1), (134, 254))",23,1852.546334616763,1852.5464055133173,7.089655423442309e-05
"((134, 1), (134, 254))",23,1852.546334616763,1852.5464055133173,7.089655423442309e-05
"((135, 1), (135, 254))",32,1852.5460820363028,1852.5461493460136,6.730971085744386e-05
"((135, 2), (135, 254))",42,1852.5465320717253,1852.5466142255505,8.215382513299119e-05
"((135, 2), (135, 254))",42,1852.5465320717253,1852.5466142255505,8.215382513299119e-05
"((132, 1), (133, 254))",24,1847.5444523127069,1847.544495634261,4.332155413067085e-05
"((133, 1), (134, 254))",14,1847.5452131112374,1847.5452564327916,4.332155413067085e-05
"(12, (134, 1))",12,1777.544406745531,1777.5444824337308,7.568819978587271e-05
"(22, (135, 1))",22,1777.5444490705497,1777.544521092426,7.202187634902657e-05
"((134, 1), (0, 254))",27,1797.5451122159861,1797.5451745891787,6.237319257706986e-05
"(31, (135, 1))",31,1777.544510583115,1777.5445755650437,6.498192874460074e-05
"((135, 1), (0, 254))",27,1777.5452931637894,1777.5453010643644,7.900574928498827e-06
"((135, 1), (0, 254))",27,1777.5452931637894,1777.545355536982,6.237319257706986e-05
"(43, (135, 254))",43,1777.5445347752209,1777.5445627382285,2.7963007596554235e-05
"((135, 3), (135, 254))",43,1852.5445927012363,1852.544620664244,2.7963007596554235e-05
"(41, (135, 2))",41,1777.5446408687633,1777.5447001829345,5.931417126703309e-05
"((135, 2), (0, 254))",27,1777.5454326257945,1777.5454949989871,6.237319257706986e-05
"((0, 254), (134, 1))",24,1797.5458759077408,1797.545946804295,7.089655423442309e-05
"((0, 254), (135, 1))",33,1777.5460681992095,1777.5460810363027,1.283709320887283e-05
"((0, 254), (135, 1))",33,1777.5460681992095,1777.5461355089203,6.730971085744386e-05
"((136, 254), (129, 2))",3,1927.5462837625896,1927.54636407166,8.030907042666513e-05
"((136, 254), (129, 2))",3,1927.5462837625896,1927.54636407166,8.030907042666513e-05
"((0, 254), (135, 2))",33,1777.5462076612146,1777.5462898150397,8.215382513299119e-05
"((138, 1), (138, 254))",12,1777.5462579285631,1777.546333616763,7.568819978587271e-05
"((139, 2), (139, 254))",31,1852.5461480182316,1852.5462130001604,6.498192874460074e-05
"((139, 1), (139, 254))",22,1852.5461550581792,1852.5462270800556,7.202187634902657e-05
"((134, 1), (138, 1))",23,1777.5461812403632,1777.546256928563,7.568819978587271e-05
"((138, 1), (134, 1))",12,1852.5462579285631,1852.546333616763,7.568819978587271e-05
"((140, 1), (140, 254))",41,1777.546471757554,1777.5465310717252,5.931417126703309e-05
"((135, 2), (140, 1))",42,1777.5464114433826,1777.5464707575538,5.931417126703309e-05
"((140, 1), (135, 2))",41,1852.546471757554,1852.5465310717252,5.931417126703309e-05
"((134, 1), (139, 254))",23,1842.5459065522834,1842.5459880314186,8.147913513312233e-05
"((135, 1), (135, 3))",32,1842.5460045450627,1842.5460937190974,8.917403465602547e-05
"((135, 1), (134, 1))",32,1842.5460045450627,1842.5460860241978,8.147913513312233e-05
"((135, 2), (135, 3))",42,1842.546019389177,1842.5460855181657,6.612898869207129e-05
"((135, 2), (139, 254))",42,1842.546019389177,1842.546095814894,7.642571699761902e-05
"(13, (134, 1))",13,1797.5443503138965,1797.5444023740624,5.206016589909268e-05
"((132, 1), (134, 1))",24,1847.5444523127069,1847.5445232092611,7.089655423442309e-05
"(11, (138, 254))",11,1787.5444727466352,1787.5445377477392,6.500110407614557e-05
"(2, (136, 254))",2,1787.54448664076,1787.5445669514677,8.0310707744502e-05
"(40, (140, 254))",40,1787.5445793281597,1787.5446398687632,6.054060349924839e-05
"(21, (139, 1))",21,1787.5445973957517,1787.54466983254,7.243678828672273e-05
"((138, 2), (138, 254))",11,1847.5446047488435,1847.5446697499476,6.500110407614557e-05
"((136, 1), (136, 254))",2,1927.5462024518818,1927.5462827625895,8.0310707744502e-05
"((136, 1), (136, 254))",2,1927.5462024518818,1927.5462827625895,8.0310707744502e-05
"((139, 1), (0, 254))",27,1787.5454604531621,1787.5455228263547,6.237319257706986e-05
"((132, 2), (135, 3))",33,1847.5446924313978,1847.5447203944054,2.7963007596554235e-05
"((132, 2), (135, 2))",33,1847.5446924313978,1847.544774585223,8.215382513299119e-05
"((132, 2), (139, 254))",33,1847.5446924313978,1847.5447597411087,6.730971085744386e-05
"((140, 2), (140, 254))",40,1847.544702409367,1847.5447629499704,6.054060349924839e-05
"((0, 254), (139, 1))",32,1787.5463037982931,1787.5463758201695,7.202187634902657e-05
"((141, 1), (141, 254))",21,1787.5465971305348,1787.546669567323,7.243678828672273e-05
"((139, 1), (141, 1))",22,1787.5465236937464,1787.5465961305347,7.243678828672273e-05
"((141, 1), (139, 1))",21,1847.5465971305348,1847.546669567323,7.243678828672273e-05
"((135, 3), (135, 2))",43,1852.5445927012363,1852.544658830225,6.612898869207129e-05
"((135, 3), (125, 1))",43,1852.5445927012363,1852.5446820916427,8.939040640143503e-05
"((135, 3), (139, 254))",43,1852.5445927012363,1852.544681875271,8.917403465602547e-05
"((129, 2), (136, 254))",4,1927.5450640827682,1927.5451443918387,8.030907042666513e-05
"((138, 1), (136, 254))",12,1852.5461045521633,1852.5461785356188,7.398345542242168e-05
"((138, 1), (138, 2))",12,1792.5461045521633,1792.5461695532674,6.500110407614557e-05
"((139, 2), (135, 2))",31,1852.5461480182316,1852.5462021051583,5.408692663877446e-05
"((139, 2), (140, 254))",31,1852.5461480182316,1852.5462127420772,6.472384552580479e-05
"((139, 1), (138, 2))",22,1792.5461550581792,1792.5461996608988,4.460271952666517e-05
"((139, 1), (138, 254))",22,1852.5461550581792,1852.5461963831979,4.132501862841309e-05
"((140, 1), (139, 2))",41,1852.5463511292112,1852.5464158530567,6.472384552580479e-05
"((140, 1), (140, 2))",41,1852.5463511292112,1852.5464116698147,6.054060349924839e-05
"(1, (136, 1))",1,1797.5445293631083,1797.5445710854565,4.172234821453458e-05
"(10, (138, 2))",10,1797.5445590574727,1797.5446443683102,8.531083744856005e-05
"((136, 1), (0, 254))",27,1797.5450750740285,1797.5451374472211,6.237319257706986e-05
"(20, (141, 254))",20,1797.544632178746,1797.5446659617403,3.3782994250941556e-05
"((138, 2), (0, 254))",27,1797.545496899538,1797.5455592727305,6.237319257706986e-05
"(30, (141, 254))",30,1797.5446784714318,1797.5447585471118,8.007567998902232e-05
"((141, 2), (141, 254))",20,1857.5447017447348,1857.544735527729,3.3782994250941556e-05
"((141, 3), (141, 254))",30,1857.544840622792,1857.544920698472,8.007567998902232e-05
"((0, 254), (136, 1))",3,1797.545623498278,1797.5457038089858,8.0310707744502e-05
"((0, 254), (138, 2))",12,1797.5464091760468,1797.546474177151,6.500110407614557e-05
"((142, 1), (142, 254))",1,1927.5461597295334,1927.5462014518816,4.172234821453458e-05
"((142, 1), (142, 254))",1,1927.5461597295334,1927.5462014518816,4.172234821453458e-05
"((134, 1), (138, 254))",23,1842.5459065522834,1842.5459822404832,7.568819978587271e-05
"((143, 254), (134, 1))",13,1842.5460008644611,1842.546052924627,5.206016589909268e-05
"((135, 1), (139, 1))",32,1842.5460045450627,1842.546076566939,7.202187634902657e-05
"((135, 1), (139, 2))",32,1842.5460045450627,1842.5460695269915,6.498192874460074e-05
"((135, 1), (135, 2))",32,1842.5460045450627,1842.5460809707797,7.642571699761902e-05
"((135, 2), (139, 2))",42,1842.546019389177,1842.5460734761036,5.408692663877446e-05
"((135, 2), (140, 254))",42,1842.546019389177,1842.5460787033483,5.931417126703309e-05
"((144, 1), (144, 254))",10,1842.5465614879886,1842.546646798826,8.531083744856005e-05
"((138, 2), (139, 1))",11,1847.5446047488435,1847.544649351563,4.460271952666517e-05
"((138, 2), (141, 254))",11,1847.5446047488435,1847.544671550325,6.680148135274067e-05
"((138, 2), (144, 1))",11,1847.5446047488435,1847.544690059681,8.531083744856005e-05
"((136, 1), (142, 1))",2,1922.5446492621757,1922.5446909845239,4.172234821453458e-05
"((141, 1), (141, 2))",21,1847.546450256958,1847.5464840399522,3.3782994250941556e-05
"((141, 1), (141, 3))",21,1847.546450256958,1847.546530332638,8.007567998902232e-05
"((141, 1), (139, 2))",21,1847.546450256958,1847.5465360695946,8.581263659834804e-05
"((141, 1), (144, 254))",21,1847.546450256958,1847.5465170584393,6.680148135274067e-05
"(0, (142, 1))",0,1807.5446141896161,1807.5446786639543,6.447433815992554e-05
"(52, (130, 254))",52,1807.544618679448,1807.5446790824271,6.040297921572346e-05
"((142, 1), (0, 254))",27,1807.5452253748747,1807.5452877480673,6.237319257706986e-05
"((130, 2), (130, 254))",52,1807.5448642913652,1807.5449246943444,6.040297921572346e-05
"((125, 1), (130, 2))",53,1807.544802888386,1807.5448632913651,6.040297921572346e-05
"((130, 2), (125, 1))",52,1922.5475307611614,1922.5475911641406,6.040297921572346e-05
"((0, 254), (142, 1))",2,1807.545855109832,1807.5458968321802,4.172234821453458e-05
"((145, 1), (145, 254))",0,1807.5460942551952,1807.5461587295333,6.447433815992554e-05
"((142, 1), (145, 1))",1,1807.546028780857,1807.546093255195,6.447433815992554e-05
"((145, 1), (142, 1))",0,1927.5460942551952,1927.5461587295333,6.447433815992554e-05
"((138, 1), (139, 1))",12,1852.5461045521633,1852.546145877182,4.132501862841309e-05
"((138, 1), (144, 254))",12,1852.5461045521633,1852.5461695532674,6.500110407614557e-05
"((138, 1), (143, 254))",12,1852.5461045521633,1852.5461599837977,5.5431634336855495e-05
"((139, 2), (141, 254))",31,1852.5461480182316,1852.5462338308682,8.581263659834804e-05
"((139, 1), (144, 254))",22,1852.5461550581792,1852.5461996608988,4.460271952666517e-05
"((139, 1), (141, 254))",22,1852.5461550581792,1852.5462274949675,7.243678828672273e-05
"((141, 2), (141, 3))",20,1857.5447017447348,1857.5447881438597,8.639912493890733e-05
"((141, 2), (144, 254))",20,1857.5447017447348,1857.5447778882267,7.614349192408554e-05
"((141, 2), (144, 1))",20,1857.5447017447348,1857.5447685092647,6.676452994724968e-05
"((141, 3), (141, 2))",30,1857.544840622792,1857.544927021917,8.639912493890733e-05
"((141, 3), (140, 2))",30,1857.544840622792,1857.5448795709785,3.894818655680865e-05
"((125, 1), (130, 254))",53,1917.5457638208243,1917.5458242238035,6.040297921572346e-05
"((125, 1), (125, 2))",53,1917.5457638208243,1917.5458054611463,4.1640322024250054e-05
"((125, 1), (135, 3))",53,1842.5457638208243,1842.5458532112307,8.939040640143503e-05
"((134, 1), (143, 254))",23,1842.5459065522834,1842.5459586124493,5.206016589909268e-05
"((144, 1), (141, 2))",10,1842.5465614879886,1842.5466282525185,6.676452994724968e-05
"((144, 1), (145, 254))",10,1842.5465614879886,1842.546615620132,5.4132143304741476e-05
"((138, 2), (141, 2))",11,1847.5446047488435,1847.5446808923355,7.614349192408554e-05
"((140, 2), (141, 3))",40,1847.544702409367,1847.5447413575534,3.894818655680865e-05
"((123, 1), (125, 1))",54,1922.5457309827573,1922.5457628208242,3.183806688866753e-05
"((145, 1), (144, 1))",0,1852.5459633065186,1852.546017438662,5.4132143304741476e-05
"((142, 1), (145, 254))",1,1917.5457475313342,1917.5458120056724,6.447433815992554e-05
"((128, 1), (128, 2))",60,1917.5473388154826,1917.5473980569159,5.924143329139042e-05
"((128, 2), (131, 254))",61,1917.5473837071531,1917.5474429485864,5.924143329139042e-05
"(50, (140, 254))",50,1847.5446592713326,1847.5447347174913,7.544615868937399e-05
"((140, 2), (139, 2))",40,1847.544702409367,1847.5447701544115,6.774504458917363e-05
"(51, (140, 254))",51,1847.544739430907,1847.5448090225123,6.959160532460373e-05
"((140, 3), (140, 254))",50,1847.5448121636502,1847.544887609809,7.544615868937399e-05
"((140, 4), (140, 254))",51,1847.5448806141178,1847.5449502057231,6.959160532460373e-05
"((139, 2), (140, 2))",31,1852.5461480182316,1852.5462157632762,6.774504458917363e-05
"((140, 1), (140, 3))",41,1852.5463511292112,1852.5464265753699,7.544615868937399e-05
"((140, 1), (140, 4))",41,1852.5463511292112,1852.5464207208165,6.959160532460373e-05
"((130, 2), (125, 2))",52,1912.5447414854066,1912.5448080232702,6.653786363131076e-05
"((130, 2), (126, 1))",52,1912.5447414854066,1912.544828681563,8.719615652807988e-05
"(44, (125, 254))",44,1867.5455707443862,1867.5456604557407,8.971135457613855e-05
"(24, (133, 254))",24,1867.5456961166608,1867.545739438215,4.332155413067085e-05
"((125, 3), (125, 254))",44,1922.5468251461584,1922.546914857513,8.971135457613855e-05
"(23, (133, 254))",23,1867.5457680132151,1867.5458544523096,8.643909450256615e-05
"((133, 2), (133, 254))",24,1927.5457847597693,1927.5458280813234,4.332155413067085e-05
"(42, (130, 254))",42,1867.5457906141514,1867.545867579872,7.696572060922335e-05
"(13, (133, 254))",13,1867.5458210733811,1867.5458957043213,7.463094016202376e-05
"(12, (136, 254))",12,1867.545844701415,1867.5459186848705,7.398345542242168e-05
"(51, (130, 254))",51,1867.5459215199282,1867.5460077752448,8.62553165461577e-05
"((133, 3), (133, 254))",23,1927.5459428914044,1927.5460293304989,8.643909450256615e-05
"((130, 3), (130, 254))",42,1922.5472080067484,1922.547284972469,7.696572060922335e-05
"((133, 4), (133, 254))",13,1927.5459723352617,1927.5460469662019,7.463094016202376e-05
"((136, 2), (136, 254))",12,1927.5461045521633,1927.5461785356188,7.398345542242168e-05
"(10, (145, 254))",10,1867.5459970133568,1867.5460511455,5.4132143304741476e-05
"((130, 4), (130, 254))",51,1922.5474435058447,1922.5475297611613,8.62553165461577e-05
"((145, 2), (145, 254))",10,1927.5461072776436,1927.546161409787,5.4132143304741476e-05
"((125, 2), (130, 254))",63,1917.5458012821819,1917.5458678200455,6.653786363131076e-05
"((126, 1), (130, 254))",62,1917.5465314785145,1917.546618674671,8.719615652807988e-05
"((128, 2), (130, 4))",61,1872.5473837071531,1872.547445757137,6.204998385328508e-05
"((133, 1), (133, 2))",14,1922.5452131112374,1922.5452564327916,4.332155413067085e-05
"((133, 1), (133, 4))",14,1922.5452131112374,1922.5452877421776,7.463094016202376e-05
"((133, 1), (133, 3))",14,1877.5452131112374,1877.545299550332,8.643909450256615e-05
"(45, (125, 3))",45,1877.5455296270243,1877.545569744386,4.011736177744751e-05
"((125, 3), (0, 254))",27,1877.5461345720796,1877.5461969452722,6.237319257706986e-05
"(34, (133, 2))",34,1877.5456177000758,1877.5456951166607,7.74165848724806e-05
"((133, 2), (0, 254))",27,1877.546146279163,1877.5462086523555,6.237319257706986e-05
"(33, (130, 3))",33,1877.5457074603262,1877.5457896141513,8.215382513299119e-05
"((123, 1), (125, 3))",54,1877.5457309827573,1877.5458206941119,8.971135457613855e-05
"(32, (133, 3))",32,1877.5457757700372,1877.5458572491723,8.147913513312233e-05
"((130, 3), (0, 254))",27,1877.5465565656,1877.5466045351911,4.796959115083155e-05
"((130, 3), (0, 254))",27,1877.5465565656,1877.5466189387926,6.237319257706986e-05
"(31, (130, 3))",31,1877.545841751966,1877.5458958388926,5.408692663877446e-05
"(22, (136, 2))",22,1877.5458487919136,1877.5458901169322,4.132501862841309e-05
"(41, (130, 3))",41,1877.5458509283228,1877.545910242494,5.931417126703309e-05
"((133, 3), (0, 254))",27,1877.546351529215,1877.5464139024075,6.237319257706986e-05
"((136, 2), (0, 254))",27,1877.546473364943,1877.5465357381356,6.237319257706986e-05
"(11, (136, 2))",11,1877.5459107025192,1877.5459757036233,6.500110407614557e-05
"(50, (130, 4))",50,1877.5459273744816,1877.5460065340558,7.91595741702622e-05
"((130, 4), (0, 254))",27,1877.5466621467576,1877.5467245199502,6.237319257706986e-05
"((0, 254), (125, 3))",54,1877.5467344348037,1877.5468241461583,8.971135457613855e-05
"((0, 254), (133, 2))",26,1877.5464331835985,,
"((0, 254), (133, 3))",14,1877.5468841165482,1877.5469705556427,8.643909450256615e-05
"((0, 254), (136, 2))",3,1877.5470217891925,1877.547095772648,7.398345542242168e-05
"((0, 254), (130, 3))",52,1877.5472506693704,1877.5473132314896,6.256211918298504e-05
"((0, 254), (130, 3))",52,1877.5472506693704,1877.547327635091,7.696572060922335e-05
"((0, 254), (130, 4))",52,1877.547356250528,1877.5474425058446,8.62553165461577e-05
"((146, 1), (146, 254))",45,1922.5468662635203,1922.546906380882,4.011736177744751e-05
"((150, 1), (150, 254))",22,1922.5470535109757,1922.5470948359944,4.132501862841309e-05
"((149, 1), (149, 254))",32,1922.547054034778,1922.5471355139132,8.147913513312233e-05
"((148, 254), (125, 1))",43,1922.5470558593438,1922.5471452497502,8.939040640143503e-05
"((150, 2), (150, 254))",11,1922.5470771870612,1922.5471421881653,6.500110407614557e-05
"((151, 2), (151, 254))",31,1922.5472630936752,1922.5473171806018,5.408692663877446e-05
"((151, 3), (151, 254))",41,1922.5472683209198,1922.547327635091,5.931417126703309e-05
"((151, 1), (151, 254))",33,1922.5472911605736,1922.5473733143988,8.215382513299119e-05
"((152, 1), (152, 254))",50,1922.547523665419,1922.5476028249932,7.91595741702622e-05
"((130, 2), (152, 254))",52,1912.5447414854066,1912.5448277407231,8.62553165461577e-05
"((130, 2), (151, 254))",52,1912.5447414854066,1912.5448184511272,7.696572060922335e-05
"((130, 2), (148, 254))",52,1912.5447414854066,1912.5448243896335,8.290422692880384e-05
"((129, 2), (133, 4))",4,1927.5450640827682,1927.5451494343824,8.535161418876669e-05
"((125, 3), (146, 1))",44,1917.5455707443862,1917.545610861748,4.011736177744751e-05
"((133, 2), (149, 254))",24,1927.5457847597693,1927.5458556563235,7.089655423442309e-05
"((133, 3), (133, 4))",23,1927.5459428914044,1927.5459949515703,5.206016589909268e-05
"((133, 3), (150, 254))",23,1927.5459428914044,1927.5460185796042,7.568819978587271e-05
"((133, 3), (133, 2))",23,1927.5459428914044,1927.5460137879586,7.089655423442309e-05
"((130, 3), (148, 254))",42,1912.5459465455929,1912.5460126745816,6.612898869207129e-05
"((145, 1), (145, 2))",0,1927.5459633065186,1927.546017438662,5.4132143304741476e-05
"((133, 4), (150, 254))",13,1927.5459723352617,1927.546027766896,5.5431634336855495e-05
"((133, 4), (136, 254))",13,1927.5459723352617,1927.5460263514171,5.4016155445424374e-05
"((133, 4), (129, 2))",13,1927.5459723352617,1927.5460576868759,8.535161418876669e-05
"((133, 4), (149, 254))",13,1927.5459723352617,1927.5460243954276,5.206016589909268e-05
"((136, 2), (133, 4))",12,1927.5461045521633,1927.5461599837977,5.5431634336855495e-05
"((136, 2), (149, 254))",12,1927.5461045521633,1927.5461802403631,7.568819978587271e-05
"((130, 4), (128, 2))",51,1912.5460960305616,1912.5461580805454,6.204998385328508e-05
"(34, (146, 254))",34,1887.5456177000758,1887.5456677433158,5.0043239980368526e-05
"((146, 2), (146, 254))",34,1917.545719786556,1917.545769829796,5.0043239980368526e-05
"((125, 1), (148, 254))",53,1917.5457638208243,1917.5458532112307,8.939040640143503e-05
"(40, (151, 2))",40,1917.5459124689264,1917.545980213971,6.774504458917363e-05
"(21, (150, 2))",21,1887.545922228702,1887.5459890301834,6.680148135274067e-05
"(20, (150, 2))",20,1887.5459570116964,1887.5460331551883,7.614349192408554e-05
"((151, 2), (0, 254))",27,1887.5466816240037,1887.5467439971962,6.237319257706986e-05
"((150, 2), (0, 254))",27,1887.5465968176122,1887.5466150657999,1.824818764362135e-05
"((150, 2), (0, 254))",27,1887.5465968176122,1887.5466591908048,6.237319257706986e-05
"((0, 254), (150, 2))",12,1887.5472202253172,1887.5472411014164,2.0876099142697058e-05
"((0, 254), (150, 2))",12,1887.5472202253172,1887.5472852264213,6.500110407614557e-05
"((0, 254), (151, 2))",42,1887.5474536934948,1887.5475077804215,5.408692663877446e-05
"((153, 1), (153, 254))",21,1917.547309902898,1917.5473767043793,6.680148135274067e-05
"((153, 2), (153, 254))",20,1917.5473192449085,1917.5473953884004,7.614349192408554e-05
"((128, 2), (152, 254))",61,1917.5473837071531,1917.547445757137,6.204998385328508e-05
"((133, 1), (149, 254))",14,1922.5452131112374,1922.545299550332,8.643909450256615e-05
"((123, 1), (146, 254))",54,1922.5457309827573,1922.5458206941119,8.971135457613855e-05
"((146, 1), (146, 2))",45,1922.5468662635203,1922.5469533365717,8.707305141797406e-05
"((150, 1), (153, 254))",22,1922.5470535109757,1922.5470981136953,4.460271952666517e-05
"((150, 1), (149, 1))",22,1922.5470535109757,1922.547125532852,7.202187634902657e-05
"((149, 1), (148, 254))",32,1922.547054034778,1922.5471432088127,8.917403465602547e-05
"((149, 1), (151, 254))",32,1922.547054034778,1922.547130460495,7.642571699761902e-05
"((149, 1), (154, 254))",32,1922.547054034778,1922.5471190167068,6.498192874460074e-05
"((149, 1), (150, 1))",32,1922.547054034778,1922.5471260566544,7.202187634902657e-05
"((149, 1), (151, 1))",32,1922.547054034778,1922.547121344489,6.730971085744386e-05
"((150, 2), (150, 1))",11,1922.5470771870612,1922.5471217897807,4.460271952666517e-05
"((151, 2), (151, 3))",31,1922.5472630936752,1922.5473278175207,6.472384552580479e-05
"((151, 2), (149, 1))",31,1922.5472630936752,1922.547328075604,6.498192874460074e-05
"((151, 3), (154, 254))",41,1922.5472683209198,1922.5473330447653,6.472384552580479e-05
"((151, 3), (152, 254))",41,1922.5472683209198,1922.547337912525,6.959160532460373e-05
"((151, 3), (152, 1))",41,1922.5472683209198,1922.5473437670785,7.544615868937399e-05
"((151, 1), (148, 254))",33,1922.5472911605736,1922.5473191235812,2.7963007596554235e-05
"((151, 1), (149, 1))",33,1922.5472911605736,1922.5473584702845,6.730971085744386e-05
"((151, 1), (146, 2))",33,1922.5472911605736,1922.547379920824,8.876025026438583e-05
"((152, 1), (151, 3))",50,1922.547523665419,1922.5475991115777,7.544615868937399e-05
"((125, 3), (146, 2))",44,1917.5455707443862,1917.5456207876261,5.0043239980368526e-05
"((133, 2), (146, 2))",24,1912.5457847597693,1912.5458621763541,7.74165848724806e-05
"((133, 3), (149, 1))",23,1927.5459428914044,1927.5460243705395,8.147913513312233e-05
"((130, 3), (149, 1))",42,1912.5459465455929,1912.5460229713099,7.642571699761902e-05
"((130, 3), (154, 254))",42,1912.5459465455929,1912.5460006325195,5.408692663877446e-05
"((130, 3), (151, 3))",42,1912.5459465455929,1912.5460058597641,5.931417126703309e-05
"((130, 3), (151, 1))",42,1912.5459465455929,1912.546028699418,8.215382513299119e-05
"((136, 2), (150, 1))",12,1927.5461045521633,1927.546145877182,4.132501862841309e-05
"((136, 2), (153, 254))",12,1927.5461045521633,1927.5461695532674,6.500110407614557e-05
"(30, (153, 2))",30,1927.546003304382,1927.546089703507,8.639912493890733e-05
"((153, 2), (0, 254))",36,1927.5466599273657,,
"((130, 4), (152, 1))",51,1912.5460960305616,1912.5461751901357,7.91595741702622e-05
"((130, 4), (151, 3))",51,1912.5460960305616,1912.5461656221669,6.959160532460373e-05
"((146, 2), (146, 1))",34,1917.545719786556,1917.5458068596074,8.707305141797406e-05
"((146, 2), (133, 2))",34,1917.545719786556,1917.5457972031409,7.74165848724806e-05
"((146, 2), (151, 1))",34,1917.545719786556,1917.5458085468063,8.876025026438583e-05
"((153, 1), (151, 2))",21,1917.547309902898,1917.5473957155345,8.581263659834804e-05
"((153, 1), (153, 2))",21,1917.547309902898,1917.5473436858922,3.3782994250941556e-05
"((153, 1), (150, 1))",21,1917.547309902898,1917.5473823396862,7.243678828672273e-05
"((153, 2), (153, 1))",20,1917.5473192449085,1917.5473530279028,3.3782994250941556e-05
"((150, 1), (153, 1))",22,1922.5470535109757,1922.547125947764,7.243678828672273e-05
"((150, 2), (153, 1))",11,1922.5470771870612,1922.5471439885425,6.680148135274067e-05
"((150, 2), (153, 2))",11,1922.5470771870612,1922.547153330553,7.614349192408554e-05
"(38, (4, 254))",38,1932.83295052698,1932.8330321521612,8.1625181110212e-05
"(47, (43, 3))",47,1932.8330137763185,1932.8330755367579,6.176043939376541e-05
"((43, 3), (0, 254))",18,1947.8329518249463,1947.8330369830426,8.515809622622328e-05
"((4, 3), (4, 254))",38,2322.8331157773428,2322.8331974025236,8.162518088283832e-05
"(77, (95, 254))",77,1932.8332467384682,1932.8333236324727,7.689400445087813e-05
"(87, (95, 254))",87,1932.8333177235863,1932.833381476251,6.375266457325779e-05
"((95, 1), (95, 254))",77,2322.835202599994,2322.8352794939983,7.689400445087813e-05
"(96, (90, 1))",96,1932.833414075706,1932.8334883616653,7.428595927194692e-05
"((0, 254), (43, 3))",39,1947.833302251775,1947.8333888908282,8.663905327921384e-05
"((95, 2), (95, 254))",87,2322.8334472289157,2322.8335109815803,6.375266457325779e-05
"((90, 1), (0, 254))",18,1932.8341689693873,1932.8342541274835,8.515809622622328e-05
"((155, 1), (155, 254))",47,1932.8339686336478,1932.8340303940872,6.176043939376541e-05
"((43, 3), (155, 1))",48,1932.8339058732083,1932.8339676336477,6.176043939376541e-05
"((155, 1), (43, 3))",47,2322.833968633648,2322.834030394087,6.176043916639173e-05
"((0, 254), (90, 1))",98,1932.8349414321488,1932.8350198933017,7.846115295251366e-05
"((95, 1), (95, 2))",77,2322.8348851382175,2322.8349551233355,6.998511798883555e-05
"((156, 1), (156, 254))",96,1932.83524675118,1932.8353210371392,7.428595927194692e-05
"((90, 1), (156, 1))",97,1932.8351714652206,1932.8352457511799,7.428595927194692e-05
"((156, 1), (90, 1))",96,2322.835620132503,2322.8356944184625,7.428595927194692e-05
"(37, (43, 3))",37,1947.832598487643,1947.832685075257,8.658761385049729e-05
"((4, 1), (4, 3))",28,2327.83305281575,2327.8331344409307,8.162518088283832e-05
"(57, (155, 254))",57,1942.8330750644202,1942.8331353525218,6.028810162206355e-05
"(67, (95, 1))",67,1942.833159404651,1942.8332457384681,8.63338170802308e-05
"((155, 2), (155, 254))",57,2317.833197640624,2317.8332579287257,6.0288101849437226e-05
"((95, 1), (0, 254))",18,1942.8339131381294,1942.8339982962257,8.515809622622328e-05
"(86, (156, 254))",86,1942.8333324472896,1942.833413075706,8.06284162990778e-05
"(95, (156, 254))",95,1942.8334879738636,1942.833563203385,7.522952137151151e-05
"((156, 2), (156, 254))",86,2322.8355385040873,2322.8356191325033,8.062841607170412e-05
"((156, 3), (156, 254))",95,2317.8336404329066,2317.833715662428,7.522952137151151e-05
"((0, 254), (95, 1))",88,1942.8346739599788,1942.8347508539832,7.689400445087813e-05
"((90, 1), (156, 254))",97,2317.834412490483,2317.834486776442,7.428595927194692e-05
"((90, 1), (95, 2))",97,2317.834412490483,2317.8344590284896,4.6538006699847756e-05
"((157, 1), (157, 254))",67,2322.835115266177,2322.835201599994,8.633381685285713e-05
"((43, 3), (4, 3))",48,2321.111022363081,2321.1110784746775,5.6111596677510533e-05
"((43, 3), (155, 254))",48,2321.111022363081,2321.11108412352,6.176043916639173e-05
"((4, 3), (155, 254))",38,2322.8331157773428,2322.8331780266813,6.224933849807712e-05
"((4, 3), (43, 3))",38,2322.8331157773428,2322.8331718889394,5.6111596677510533e-05
"((95, 2), (90, 1))",87,2322.8334472289157,2322.8334937669224,4.6538006699847756e-05
"((95, 2), (156, 254))",87,2322.8334472289157,2322.833507056995,5.982807942928048e-05
"((95, 2), (157, 254))",87,2322.8334472289157,2322.8335172140337,6.998511798883555e-05
"((158, 254), (43, 3))",37,2322.8334774784425,2322.833564066056,8.658761362312362e-05
"((155, 1), (4, 3))",47,2322.833843112769,2322.8339053621075,6.224933849807712e-05
"((155, 1), (158, 254))",47,2322.833843112769,2322.8338952885406,5.217577154326136e-05
"((155, 1), (155, 2))",47,2322.833843112769,2322.833903400871,6.0288101849437226e-05
"((95, 1), (156, 2))",77,1947.8348851382175,1947.8349698470388,8.470882130495738e-05
"((156, 1), (156, 3))",96,1947.8350961792612,1947.8351714087826,7.522952137151151e-05
"((156, 1), (95, 2))",96,2322.835096179261,2322.8351560073406,5.982807942928048e-05
"((156, 1), (156, 2))",96,1947.8350961792612,1947.8351768076775,8.06284162990778e-05
"(66, (157, 1))",66,1952.8331977614785,1952.8332760019948,7.824051635907381e-05
"(76, (157, 1))",76,1952.8332453120686,1952.8333290882258,8.377615722565679e-05
"((157, 1), (0, 254))",18,1952.8340838217043,1952.8341158935696,3.207186523468408e-05
"((157, 1), (0, 254))",18,1952.8340838217043,1952.8341689798006,8.515809622622328e-05
"(85, (156, 2))",85,1952.833404554905,1952.8334756625202,7.110761521289533e-05
"((156, 2), (0, 254))",18,1952.834313184618,1952.8343983427142,8.515809622622328e-05
"(94, (156, 3))",94,1952.833540647694,1952.8335923215243,5.1673830284926225e-05
"((156, 3), (0, 254))",18,1952.8344244447271,1952.8345096028233,8.515809622622328e-05
"((0, 254), (157, 1))",77,1952.8349225375582,1952.8349557851443,3.3247586088691605e-05
"((0, 254), (157, 1))",77,1952.8349225375582,1952.8350088713753,8.63338170802308e-05
"((0, 254), (156, 2))",96,1952.8352403944918,1952.8353210229081,8.06284162990778e-05
"((0, 254), (156, 3))",96,1952.835351654601,1952.8354268841224,7.522952137151151e-05
"((159, 1), (159, 254))",66,2322.835036025661,2322.8351142661772,7.824051635907381e-05
"((159, 2), (159, 254))",76,2312.8350415613018,2312.835125337459,8.377615722565679e-05
"((160, 1), (160, 254))",85,2322.8354663964724,2322.8355375040874,7.110761498552165e-05
"((161, 1), (161, 254))",94,2312.835480557953,2312.8355322317834,5.16738305122999e-05
"(36, (158, 254))",36,1957.8325308603462,1957.832597487643,6.662729674644652e-05
"(36, (158, 254))",36,1957.8325308603462,1957.832597487643,6.662729674644652e-05
"((158, 1), (158, 254))",36,2317.83266611494,2317.8327327422367,6.662729674644652e-05
"((156, 2), (95, 2))",86,2317.8334957041225,2317.8335644489575,6.874483506180695e-05
"((156, 2), (157, 254))",86,2317.8334957041225,2317.833580412944,8.470882130495738e-05
"((43, 3), (158, 254))",48,2321.111022363081,2321.1111089506944,8.658761362312362e-05
"((4, 3), (158, 254))",38,2322.8331157773428,2322.8331498775947,3.4100251923518954e-05
"(56, (159, 1))",56,1962.8331431968202,1962.8331967614783,5.3564658173854696e-05
"((159, 1), (0, 254))",18,1962.834197660497,1962.8342828185932,8.515809622622328e-05
"(65, (159, 1))",65,1962.8331992693695,1962.833219339765,2.0070395521543105e-05
"(75, (159, 1))",75,1962.8332812239903,1962.833363686502,8.246251172749908e-05
"((95, 1), (160, 254))",77,2322.8348851382175,2322.834969847039,8.470882130495738e-05
"((95, 1), (159, 254))",77,2322.8348851382175,2322.8349714720343,8.633381685285713e-05
"(84, (160, 1))",84,1962.8334406878794,1962.8334758208537,3.513297428980877e-05
"((95, 2), (160, 254))",87,2322.8334472289157,2322.8335159737508,6.874483506180695e-05
"((160, 1), (0, 254))",18,1962.8344868577412,1962.8345720158375,8.515809622622328e-05
"(74, (160, 1))",74,1962.8334913914666,1962.8335772280282,8.58365615385992e-05
"((0, 254), (159, 1))",67,1962.835123710168,1962.8352019506844,7.824051635907381e-05
"((0, 254), (160, 1))",86,1962.8354956960316,1962.8355668036468,7.110761521289533e-05
"((162, 2), (162, 254))",65,2322.8350570960565,2322.835077166452,2.007039529416943e-05
"((162, 1), (162, 254))",56,2322.8350905903194,2322.8351441549776,5.3564658173854696e-05
"((156, 1), (161, 254))",96,2322.835096179261,2322.8351714087826,7.522952137151151e-05
"((156, 1), (160, 254))",96,2322.835096179261,2322.8351768076773,8.062841607170412e-05
"((162, 3), (162, 254))",75,2322.835119488173,2322.8352019506847,8.246251172749908e-05
"((163, 1), (163, 254))",84,2322.835502529447,2322.835537662421,3.5132974062435096e-05
"((163, 2), (163, 254))",74,2312.837230264482,2312.8373161010436,8.58365615385992e-05
"(26, (158, 1))",26,1967.832620436339,1967.8327090123319,8.857599277689587e-05
"((158, 1), (0, 254))",18,1967.8331309769321,1967.8332161350284,8.515809622622328e-05
"((0, 254), (158, 1))",37,1967.833656630428,1967.8337232577248,6.662729674644652e-05
"((164, 1), (164, 254))",26,1967.8339929857036,1967.8340815616964,8.857599277689587e-05
"((158, 1), (164, 1))",36,1967.8339034097107,1967.8339919857035,8.857599277689587e-05
"((164, 1), (158, 1))",26,2312.833992985704,2312.8340815616966,8.857599277689587e-05
"((159, 1), (162, 2))",66,1967.8350360256609,1967.8350560960564,2.0070395521543105e-05
"((159, 1), (159, 2))",66,2312.835036025661,2312.835082576251,4.6550590013794135e-05
"((159, 1), (162, 3))",66,2312.835036025661,2312.8351184881726,8.246251172749908e-05
"((159, 2), (162, 2))",76,2312.8350415613018,2312.8351066022065,6.504090470116353e-05
"((159, 2), (162, 3))",76,2312.8350415613018,2312.835106538817,6.497751519418671e-05
"((159, 2), (160, 254))",76,2312.8350415613018,2312.835102158504,6.059720226403442e-05
"((159, 2), (163, 254))",76,2312.8350415613018,2312.835127934685,8.63733830556157e-05
"((159, 2), (162, 254))",76,2312.8350415613018,2312.8350881118918,4.6550590013794135e-05
"((160, 1), (163, 2))",85,1967.8353941305236,1967.8354799670851,8.58365615385992e-05
"((160, 1), (161, 254))",85,2312.8353941305236,2312.835476549482,8.241895829996793e-05
"((160, 1), (159, 2))",85,2312.8353941305236,2312.8354805039066,8.63733830556157e-05
"((160, 1), (162, 3))",85,2312.8353941305236,2312.8354361630018,4.203247817713418e-05
"((158, 1), (164, 254))",36,2317.83266611494,2317.8327546909327,8.857599277689587e-05
"(64, (162, 2))",64,1972.8332674158867,1972.8333345624037,6.714651703987329e-05
"((162, 2), (0, 254))",18,1972.8341896067943,1972.8342747648906,8.515809622622328e-05
"((156, 2), (163, 254))",86,2317.8334957041225,2317.8335668117375,7.110761498552165e-05
"((156, 2), (159, 2))",86,2317.8334957041225,2317.8335563013247,6.059720226403442e-05
"(83, (163, 2))",83,1972.8335766346845,1972.8336608779023,8.42432177705632e-05
"((156, 3), (161, 1))",95,2317.8336404329066,2317.833692106737,5.16738305122999e-05
"((156, 3), (163, 254))",95,2317.8336404329066,2317.833722851865,8.241895829996793e-05
"(73, (163, 2))",73,1972.8336592205255,1972.833737153134,7.793260851940431e-05
"((163, 2), (0, 254))",18,1972.8347336194088,1972.8347425022732,8.882864449333283e-06
"((163, 2), (0, 254))",18,1972.8347336194088,1972.834818777505,8.515809622622328e-05
"((0, 254), (162, 2))",66,1972.8351948969819,1972.8352149673774,2.0070395521543105e-05
"((0, 254), (163, 2))",85,1972.8358145653144,1972.8358241266442,9.561329761709203e-06
"((0, 254), (163, 2))",85,1972.8358145653144,1972.835900401876,8.58365615385992e-05
"((157, 1), (162, 254))",67,2317.8348391878008,2317.834917428317,7.824051635907381e-05
"((157, 1), (159, 2))",67,2317.8348391878008,2317.834922963958,8.377615722565679e-05
"((166, 2), (166, 254))",73,2347.549275218215,,
"((166, 1), (166, 254))",83,2337.836601370459,,
"(15, (164, 254))",15,1977.832685444436,1977.8327494525329,6.400809684237174e-05
"((164, 2), (164, 254))",15,2122.834116514517,2122.8341805226137,6.400809661499807e-05
"((162, 1), (162, 2))",56,2322.8350905903194,2322.8351456628684,5.507254900294356e-05
"((162, 3), (159, 2))",75,2322.835119488173,2322.835184465688,6.497751519418671e-05
"((162, 3), (163, 254))",75,2322.835119488173,2322.835161520651,4.203247817713418e-05
"((162, 3), (163, 1))",75,2322.835119488173,2322.8351738244064,5.433623346107197e-05
"((162, 3), (166, 254))",75,2322.835119488173,,
"((162, 3), (162, 2))",75,2322.835119488173,2322.8351925066167,7.301844379981048e-05
"((163, 1), (166, 254))",84,2322.835502529447,,
"((163, 1), (162, 3))",84,2322.835502529447,2322.8355568656802,5.433623346107197e-05
"((163, 2), (163, 1))",74,2307.8355532330343,2307.8356055494237,5.2316389428597176e-05
"((163, 2), (162, 3))",74,2307.8355532330343,2307.8356178295176,6.459648329837364e-05
"(64, (166, 254))",64,1982.8332674158867,1982.8333371152862,6.969939954615256e-05
"((166, 3), (166, 254))",64,2352.834824472104,,
"(63, (166, 2))",63,1982.833417465435,1982.8334826897924,6.522435728584242e-05
"((166, 2), (0, 254))",18,1982.8348429452606,1982.8348690765552,2.613129458950425e-05
"((166, 2), (0, 254))",18,1982.8348429452606,1982.8349281033568,8.515809622622328e-05
"(82, (166, 1))",82,1982.8336291394387,1982.8336806441928,5.150475408299826e-05
"(93, (166, 1))",93,1982.8336414893913,1982.833705344098,6.385470669556526e-05
"(72, (166, 2))",72,1982.833656377448,1982.8337085195756,5.214212751525338e-05
"((166, 1), (0, 254))",18,1982.8347870535906,1982.8348475117816,6.045819100108929e-05
"((166, 1), (0, 254))",18,1982.8347870535906,1982.8348722116868,8.515809622622328e-05
"(62, (166, 2))",62,1982.833718367584,1982.8337675463772,4.917879323329544e-05
"((164, 1), (164, 2))",26,1982.8338138337178,1982.8338778418147,6.400809684237174e-05
"((0, 254), (166, 2))",74,1982.8360107277279,1982.8360296335347,1.8905806882685283e-05
"((0, 254), (166, 2))",74,1982.8360107277279,1982.8360886603364,7.793260851940431e-05
"((0, 254), (166, 1))",74,1982.835954836058,1982.8360143793705,5.954331254542922e-05
"((0, 254), (166, 1))",74,1982.835954836058,1982.8360390792757,8.42432177705632e-05
"((159, 1), (165, 254))",66,2312.835036025661,2312.835056096056,2.007039529416943e-05
"((159, 1), (162, 1))",66,2312.835036025661,2312.835089590319,5.3564658173854696e-05
"((160, 1), (166, 254))",85,2312.8353941305236,2312.835479967085,8.58365615385992e-05
"((160, 1), (163, 1))",85,2312.8353941305236,2312.8354292634976,3.5132974062435096e-05
"((167, 3), (167, 254))",62,2342.8358549825452,2342.8359041613385,4.917879323329544e-05
"((167, 2), (167, 254))",72,2342.8358579458795,2342.835910088007,5.214212751525338e-05
"((167, 1), (167, 254))",63,2347.549208993858,2347.549274218215,6.522435705846874e-05
"((168, 1), (168, 254))",82,2337.836548865705,2337.836600370459,5.150475408299826e-05
"((168, 2), (168, 254))",93,2327.8360802340776,2327.8361440887843,6.385470669556526e-05
"(5, (164, 2))",5,1987.83273927269,1987.832792100944,5.282825395624968e-05
"(6, (164, 2))",6,1997.832779742284,1997.8328512802034,7.153791943892429e-05
"((164, 2), (0, 254))",18,1987.8335765033432,1987.8335965433046,2.0039961327711353e-05
"((164, 2), (0, 254))",18,1987.8335765033432,1987.8336616614395,8.515809622622328e-05
"(14, (164, 2))",14,2047.8328661192368,2047.8329348365182,6.871728146506939e-05
"(24, (164, 2))",24,2047.832910440791,2047.8329999546531,8.951386212174839e-05
"((0, 254), (164, 2))",26,1987.834259360129,1987.8343233682258,6.400809684237174e-05
"((169, 1), (169, 254))",5,2152.834170342771,,
"((166, 2), (168, 254))",73,2332.835904059253,2332.8359856450943,8.158584114426048e-05
"((166, 1), (167, 254))",83,2332.835910369862,2332.8359919557033,8.158584114426048e-05
"(54, (166, 3))",54,1992.8333471660105,1992.8334259161343,7.875012374825019e-05
"(53, (167, 1))",53,1992.8333800040775,1992.8334216443996,4.1640322024250054e-05
"((167, 1), (0, 254))",18,1992.8345632676403,1992.8346484257365,8.515809622622328e-05
"((166, 3), (0, 254))",18,1992.8344930818087,1992.8345782399049,8.515809622622328e-05
"(52, (167, 3))",52,1992.8334414070569,1992.8335286032134,8.719615652807988e-05
"((167, 3), (0, 254))",18,1992.835320560168,1992.8354057182642,8.515809622622328e-05
"(92, (168, 1))",92,2042.8337041527354,2042.833778166032,7.401329662570788e-05
"(71, (167, 2))",71,1992.8337090497241,1992.8337587913647,4.97416406233242e-05
"(91, (168, 1))",91,2042.8337474450593,2042.8338290864472,8.164138785105024e-05
"((167, 2), (0, 254))",18,1992.8349933944148,1992.835078552511,8.515809622622328e-05
"((168, 1), (0, 254))",18,1992.834963300694,1992.834997538375,3.423768112043035e-05
"((168, 1), (0, 254))",18,1992.834963300694,1992.8350484587902,8.515809622622328e-05
"(81, (167, 2))",81,1992.8337943603856,1992.8338648534038,7.049301825645671e-05
"(61, (167, 3))",61,2042.8341138296116,2042.8341949824912,8.115287960208661e-05
"((0, 254), (166, 3))",74,1992.835660864276,1992.8357305636755,6.969939954615256e-05
"((0, 254), (167, 1))",73,1992.8358099827162,1992.8358752070735,6.522435728584242e-05
"((0, 254), (167, 3))",73,1992.8365672752439,1992.836616454037,4.917879323329544e-05
"((0, 254), (167, 2))",73,1992.8362401094907,1992.8362922516183,5.214212751525338e-05
"((0, 254), (168, 1))",83,1992.8362163263791,1992.8362169107181,5.843389772053342e-07
"((0, 254), (168, 1))",83,1992.8362163263791,1992.8362678311332,5.150475408299826e-05
"((162, 3), (166, 3))",75,1992.8351194881727,1992.8351995122528,8.002408003449091e-05
"((163, 2), (167, 254))",74,2307.8355532330343,2307.835631165643,7.793260874677799e-05
"((163, 2), (168, 254))",74,2307.8355532330343,2307.835637476252,8.42432177705632e-05
"((163, 2), (166, 3))",74,1992.835553233034,1992.8356229324336,6.969939954615256e-05
"((170, 1), (170, 254))",54,2352.8347447219803,2352.8348234721043,7.875012397562386e-05
"((171, 1), (171, 254))",53,1992.83600412804,1992.836045768362,4.1640322024250054e-05
"((167, 1), (171, 1))",63,1992.835961487718,1992.83600312804,4.1640322024250054e-05
"((171, 1), (167, 1))",53,2347.5491663535363,2347.549207993858,4.164032179687638e-05
"((173, 1), (173, 254))",71,2337.8362379312202,2337.8362876728606,4.9741640395950526e-05
"(4, (169, 1))",4,1997.8328006470824,1997.8328610214746,6.037439220563101e-05
"((169, 1), (0, 254))",18,1997.8334913984188,1997.833576556515,8.515809622622328e-05
"((166, 3), (162, 3))",64,2327.833408814686,2327.8334888387662,8.002408003449091e-05
"((166, 3), (162, 2))",64,2327.833408814686,2327.8334759612035,6.714651726724696e-05
"((0, 254), (169, 1))",15,1997.8342392633015,1997.8342920915554,5.282825395624968e-05
"((164, 1), (169, 254))",26,2312.833813833718,,
"((175, 1), (175, 254))",4,2147.834354465948,2147.83441484034,6.0374391978257336e-05
"((167, 3), (173, 254))",62,2342.8358549825452,2342.835915972681,6.099013580751489e-05
"((167, 2), (174, 254))",72,2342.8358579458795,2342.835912083863,5.413798362496891e-05
"((167, 2), (172, 254))",72,2342.8358579458795,2342.8359189360153,6.099013580751489e-05
"((167, 1), (172, 254))",63,2342.835871028109,2342.8359183184643,4.729035526906955e-05
"((168, 1), (173, 254))",82,2327.836067884125,2327.8361220221086,5.413798362496891e-05
"((168, 2), (168, 1))",93,2042.8360802340774,2042.8361558550494,7.562097198388074e-05
"(44, (170, 1))",44,2002.8334378773652,2002.8335275887198,8.971135457613855e-05
"(52, (167, 1))",52,2002.8334414070569,2002.8335079449205,6.653786363131076e-05
"((170, 1), (0, 254))",18,2002.834674504518,2002.8347596626143,8.515809622622328e-05
"(81, (174, 254))",81,2002.8337943603856,2002.8338416291688,4.7268783191611874e-05
"((174, 3), (174, 254))",81,2337.8365005969217,2337.836547865705,4.726878341898555e-05
"((0, 254), (170, 1))",64,2002.835912986385,2002.8359917365087,7.875012374825019e-05
"((166, 2), (173, 254))",73,2332.835904059253,2332.8359562013807,5.214212751525338e-05
"((166, 2), (172, 254))",73,2332.835904059253,2332.8359532380464,4.917879323329544e-05
"((166, 2), (167, 1))",73,2332.835904059253,2332.83596928361,6.522435705846874e-05
"((166, 1), (174, 254))",83,2332.835910369862,2332.8359618746163,5.150475408299826e-05
"((166, 1), (168, 2))",83,2332.835910369862,2332.835974224569,6.385470669556526e-05
"((166, 1), (167, 2))",83,2332.835910369862,2332.8359891126256,7.874276343500242e-05
"((176, 1), (176, 254))",44,2352.834654010626,2352.8347437219804,8.971135457613855e-05
"(6, (175, 254))",6,2007.832779742284,2007.8328192118777,3.946959373024583e-05
"((164, 2), (175, 254))",15,2112.83281546063,2112.832868288884,5.282825395624968e-05
"((175, 2), (175, 254))",6,2157.8328606814716,2157.832900151065,3.946959350287216e-05
"((162, 3), (170, 254))",75,2322.835119488173,2322.835199512253,8.002408003449091e-05
"((163, 2), (170, 254))",74,2307.8355532330343,2307.8356229324336,6.969939931877889e-05
"((170, 1), (171, 254))",54,2337.8358113137997,2337.835843151867,3.18380671160412e-05
"((170, 1), (167, 1))",54,2337.8358113137997,2337.835880613224,6.92994244673173e-05
"((170, 1), (176, 1))",54,2007.8358113137995,2007.835901025154,8.971135457613855e-05
"((171, 1), (176, 254))",53,2337.835918847396,2337.835950685463,3.18380671160412e-05
"((173, 1), (174, 3))",71,2052.8362379312202,2052.8362867459778,4.881475751972175e-05
"((166, 3), (176, 254))",64,2342.833408814686,2342.83348756481,7.875012397562386e-05
"(52, (171, 254))",52,2012.8334414070569,2012.833501810036,6.040297921572346e-05
"(45, (176, 1))",45,2012.833478994727,2012.8335191120889,4.011736177744751e-05
"(34, (176, 1))",34,2012.8334889206053,2012.8335389638453,5.0043239980368526e-05
"((176, 1), (0, 254))",18,2012.8347765909982,2012.834841897338,6.530633982038125e-05
"((176, 1), (0, 254))",18,2012.8347765909982,2012.8348617490944,8.515809622622328e-05
"((171, 2), (171, 254))",52,2342.8335642130155,2342.8336246159947,6.040297921572346e-05
"((0, 254), (176, 1))",54,2012.836094822989,2012.8361646825872,6.985959817029652e-05
"((0, 254), (176, 1))",54,2012.836094822989,2012.8361845343436,8.971135457613855e-05
"((167, 3), (167, 1))",62,2342.8358549825452,2342.8359022729005,4.729035526906955e-05
"((167, 2), (173, 1))",72,2342.8358579458795,2342.83590768752,4.9741640395950526e-05
"((167, 1), (171, 254))",63,2342.835871028109,2342.835912668431,4.164032179687638e-05
"((167, 1), (176, 254))",63,2342.835871028109,2342.8359403275335,6.92994244673173e-05
"((168, 1), (174, 3))",82,2042.8360678841248,2042.836115152908,4.7268783191611874e-05
"((177, 1), (177, 254))",45,2342.836206799949,2342.8362469173107,4.011736155007384e-05
"((177, 2), (177, 254))",34,2352.834602967386,2352.834653010626,5.004323975299485e-05
"((174, 3), (173, 1))",81,2332.833890897952,2332.8339397127097,4.881475751972175e-05
"((169, 1), (175, 2))",5,2152.834170342771,2152.8342098123644,3.946959350287216e-05
"((169, 1), (175, 1))",5,2152.834170342771,2152.834230717163,6.0374391978257336e-05
"((176, 1), (177, 2))",44,2017.8360834478635,2017.8361334911035,5.0043239980368526e-05
"(33, (177, 2))",33,2052.833602526603,2052.833691286853,8.876025003701216e-05
"((177, 2), (0, 254))",18,2022.834979957246,2022.8350651153423,8.515809622622328e-05
"((0, 254), (177, 2))",44,2022.8363889005916,2022.8364389438316,5.0043239980368526e-05
"((170, 1), (177, 254))",54,2352.8358113137997,2352.8359010251543,8.971135457613855e-05
"((171, 1), (171, 2))",53,2052.835918847396,2052.835979250375,6.040297921572346e-05
"((177, 1), (177, 2))",45,2162.836206799949,2162.8362938730006,8.707305141797406e-05
"((176, 1), (177, 1))",44,2347.8360834478635,2347.836123565225,4.011736155007384e-05
"((176, 1), (178, 254))",44,2347.8360834478635,2347.8361334911033,5.004323975299485e-05
"((174, 3), (167, 2))",81,2332.833890897952,2332.83396139097,7.049301802908303e-05
"(43, (171, 254))",43,2052.8334703944843,2052.833559784891,8.93904066288087e-05
"(42, (171, 2))",42,2052.8335193727776,2052.833596338498,7.696572038184968e-05
"(51, (171, 2))",51,2052.8335286623737,2052.8336149176903,8.62553165461577e-05
"((171, 2), (0, 254))",18,2052.834860584227,2052.834927163131,6.657890389760723e-05
"((171, 2), (0, 254))",18,2052.834860584227,2052.8349457423233,8.515809622622328e-05
"((171, 3), (171, 254))",43,2347.54907596313,2347.5491653535364,8.93904066288087e-05
"(92, (174, 254))",92,2052.8337041527357,2052.833778166032,7.40132963983342e-05
"(91, (174, 254))",91,2052.8337474450595,2052.833829086447,8.164138762367656e-05
"((174, 1), (174, 254))",92,2337.8338541793282,2337.8339281926246,7.40132963983342e-05
"(90, (174, 3))",90,2162.833879837532,2162.8339643146787,8.447714662906947e-05
"((174, 2), (174, 254))",91,2337.8339127278346,2337.833994369222,8.164138762367656e-05
"((174, 3), (0, 254))",18,2052.835146797704,2052.8352319558003,8.515809622622328e-05
"(61, (172, 254))",61,2052.834113829612,2052.834194982491,8.115287937471294e-05
"((172, 2), (172, 254))",61,2337.836303589621,2337.8363847425003,8.115287937471294e-05
"((0, 254), (171, 2))",63,2052.8361735236554,2052.8362214823264,4.7958671075321035e-05
"((0, 254), (171, 2))",63,2052.8361735236554,2052.8362400615188,6.653786340393708e-05
"((0, 254), (174, 3))",82,2052.8364523281384,2052.836499596922,4.726878341898555e-05
"(14, (169, 254))",14,2057.8328661192368,2057.8329348365182,6.871728146506939e-05
"(24, (169, 254))",24,2057.8329104407912,2057.832999954653,8.951386189437471e-05
"((169, 3), (169, 254))",14,2152.8364608878906,,
"(32, (171, 3))",32,2057.8330360374666,2057.8331252115013,8.917403465602547e-05
"((169, 4), (169, 254))",24,2147.833091468515,,
"((171, 3), (0, 254))",18,2057.8343998654655,2057.8344850235617,8.515809622622328e-05
"((175, 1), (169, 3))",4,2057.834354465948,2057.834418938102,6.447215400839923e-05
"((0, 254), (171, 3))",53,2057.8357554452155,2057.835844835622,8.93904066288087e-05
"((167, 3), (172, 2))",62,2342.8358549825452,2342.8359361354246,8.115287937471294e-05
"((167, 3), (171, 2))",62,2342.8358549825452,2342.8359421787018,8.719615652807988e-05
"((167, 1), (171, 2))",63,2342.835871028109,2342.8359375659725,6.653786340393708e-05
"((181, 1), (181, 254))",32,2342.838070430283,2342.8381596043178,8.917403465602547e-05
"((168, 1), (168, 2))",82,2327.836067884125,2327.836143505097,7.562097198388074e-05
"((168, 1), (180, 254))",82,2327.836067884125,2327.8361151529084,4.726878341898555e-05
"((168, 1), (174, 1))",82,2327.836067884125,2327.8361418974214,7.40132963983342e-05
"((168, 1), (174, 2))",82,2327.836067884125,2327.8361495255126,8.164138762367656e-05
"((168, 2), (174, 254))",93,2327.8360802340776,2327.8361558550496,7.562097198388074e-05
"((168, 2), (174, 1))",93,2327.8360802340776,2327.8361320912045,5.185712689126376e-05
"(42, (181, 254))",42,2062.8335193727776,2062.8335855017663,6.612898869207129e-05
"(51, (172, 2))",51,2082.8335286623737,2082.833590712358,6.204998408065876e-05
"((172, 2), (0, 254))",18,2082.8347984429092,2082.8348836010055,8.515809622622328e-05
"(33, (181, 254))",33,2062.833602526603,2062.8336304896106,2.7963007596554235e-05
"((181, 2), (181, 254))",42,2347.8336536307547,2347.8337197597434,6.612898869207129e-05
"((181, 3), (181, 254))",33,2347.833660452618,2347.8336884156256,2.7963007596554235e-05
"((174, 3), (174, 2))",81,2332.833890897952,2332.833953873212,6.29752598797495e-05
"(70, (172, 2))",70,2077.834352789251,2077.834426443132,7.365388091784553e-05
"(60, (172, 2))",60,2062.834068937941,2062.834128179374,5.9241433064016746e-05
"((0, 254), (172, 2))",62,2082.8360953367737,2082.836176489653,8.115287937471294e-05
"((182, 3), (182, 254))",60,2062.836358213952,2062.836417455385,5.9241433064016746e-05
"((182, 1), (182, 254))",51,2062.836240539637,2062.836302589621,6.204998408065876e-05
"((182, 2), (182, 254))",70,2062.836252143534,2062.8363257974147,7.365388091784553e-05
"((172, 2), (182, 3))",61,2062.836297972519,2062.836357213952,5.9241433064016746e-05
"((182, 3), (172, 2))",60,2332.836358213952,2332.836417455385,5.9241433064016746e-05
"((164, 2), (169, 3))",15,2067.83281546063,2067.8328841779116,6.871728146506939e-05
"((164, 2), (169, 4))",15,2112.83281546063,2112.832904974492,8.951386189437471e-05
"(13, (169, 3))",13,2067.8329417501773,2067.8330163811174,7.463094016202376e-05
"(23, (169, 3))",23,2067.8329535583316,2067.833039997426,8.643909450256615e-05
"(22, (181, 1))",22,2067.8329992646272,2067.8330712865036,7.202187634902657e-05
"((169, 3), (0, 254))",18,2067.833686263395,2067.8337478051826,6.15417875451385e-05
"((169, 3), (0, 254))",18,2067.833686263395,2067.8337714214913,8.515809622622328e-05
"((181, 1), (0, 254))",18,2067.8344361145023,2067.8345212725985,8.515809622622328e-05
"((171, 3), (171, 2))",43,2337.8336511752973,2337.833734079524,8.290422692880384e-05
"((171, 3), (181, 1))",43,2067.8336511752973,2067.833740349332,8.917403465602547e-05
"((0, 254), (169, 3))",15,2067.834434128275,2067.834479229248,4.5100972783984616e-05
"((0, 254), (169, 3))",15,2067.834434128275,2067.8345028455565,6.871728146506939e-05
"((174, 1), (174, 2))",92,2337.8338541793282,2337.8338964716518,4.229232354191481e-05
"((174, 1), (174, 3))",92,2157.8338541793282,2157.8339433869783,8.920765003495035e-05
"((174, 1), (168, 2))",92,2337.8338541793282,2337.833906036455,5.185712689126376e-05
"((174, 2), (180, 254))",91,2337.8339127278346,2337.8339757030944,6.29752598797495e-05
"((174, 2), (174, 1))",91,2337.8339127278346,2337.833955020158,4.229232354191481e-05
"((0, 254), (181, 1))",43,2067.835882084659,2067.8359712586935,8.917403465602547e-05
"((183, 1), (183, 254))",13,2152.8363852569505,2152.8364598878907,7.463094016202376e-05
"((183, 2), (183, 254))",23,2142.834567668342,2142.8346541074366,8.643909450256615e-05
"((171, 1), (179, 254))",53,2337.835918847396,2337.835979250375,6.040297921572346e-05
"((171, 1), (181, 254))",53,2337.835918847396,2337.8360082378026,8.93904066288087e-05
"((184, 1), (184, 254))",22,2347.836114559375,2347.8361865812512,7.202187634902657e-05
"((173, 1), (180, 254))",71,2337.8362379312202,2337.8362867459778,4.881475751972175e-05
"((169, 3), (169, 4))",14,2147.8330055537995,2147.8330488753536,4.332155413067085e-05
"((169, 3), (175, 1))",14,2147.8330055537995,2147.8330700259535,6.447215400839923e-05
"((169, 4), (177, 2))",24,2147.833091468515,2147.8331688850994,7.741658464510692e-05
"((169, 4), (183, 254))",24,2147.833091468515,2147.833134790069,4.332155413067085e-05
"(31, (184, 254))",31,2072.8335744597043,2072.8336394416333,6.498192897197441e-05
"(41, (181, 2))",41,2072.833579686949,2072.8336390011204,5.931417126703309e-05
"((181, 2), (0, 254))",18,2072.834980784073,2072.8350659421694,8.515809622622328e-05
"((184, 2), (184, 254))",31,2342.833706423562,2342.833771405491,6.498192897197441e-05
"((175, 1), (183, 254))",4,2147.834354465948,2147.834418938102,6.447215400839923e-05
"((0, 254), (181, 2))",43,2072.8364267542297,2072.8364928832184,6.612898869207129e-05
"((181, 1), (181, 3))",32,2342.8359360096565,2342.836003319367,6.730971063007019e-05
"((181, 1), (181, 2))",32,2072.8359360096565,2072.8360124353735,7.642571699761902e-05
"((181, 1), (183, 2))",32,2147.8359360096565,2147.8360174887916,8.147913513312233e-05
"((185, 1), (185, 254))",41,2347.54894851997,2347.5490078341413,5.931417126703309e-05
"(40, (185, 1))",40,2077.5459124689264,2077.54597300953,6.054060349924839e-05
"((185, 1), (0, 254))",18,2077.547375106654,2077.54746026475,8.515809622622328e-05
"((0, 254), (185, 1))",42,2077.548888205799,2077.54894751997,5.931417126703309e-05
"((186, 1), (186, 254))",40,2347.5490100605734,2347.549070601177,6.054060349924839e-05
"(3, (183, 1))",3,2092.834606098474,2092.8346601146295,5.4016155445424374e-05
"((183, 1), (0, 254))",18,2092.8353820115385,2092.8354671696347,8.515809622622328e-05
"(12, (183, 1))",12,2077.8329569396087,2077.833012371243,5.5431634336855495e-05
"(11, (184, 1))",11,2077.833022940713,2077.8330675434327,4.4602719754038844e-05
"((184, 1), (0, 254))",18,2077.8346010288574,2077.8346861869536,8.515809622622328e-05
"(21, (184, 1))",21,2077.833090742194,2077.8331631789824,7.243678828672273e-05
"((181, 2), (181, 3))",42,2347.8336536307547,2347.83373578458,8.215382513299119e-05
"((181, 2), (184, 254))",42,2347.8336536307547,2347.8337300564717,7.642571699761902e-05
"((181, 2), (186, 254))",42,2347.8336536307547,2347.833712944926,5.931417126703309e-05
"((181, 2), (171, 2))",42,2347.8336536307547,2347.833730596475,7.696572038184968e-05
"((181, 3), (184, 254))",33,2347.833660452618,2347.8337277623286,6.730971063007019e-05
"((181, 3), (177, 2))",33,2152.833660452618,2152.833749212868,8.876025003701216e-05
"((181, 3), (185, 254))",33,2347.833660452618,2347.833742606443,8.215382513299119e-05
"((0, 254), (183, 1))",14,2092.8361995937,2092.83627422464,7.463094016202376e-05
"((0, 254), (184, 1))",32,2077.8361371730484,2077.836209194925,7.202187634902657e-05
"((187, 1), (187, 254))",3,2077.834606098474,2077.8346601146295,5.4016155445424374e-05
"((187, 2), (187, 254))",12,2077.8347203772214,2077.8347758088557,5.5431634336855495e-05
"((183, 1), (187, 2))",13,2077.834663945587,2077.8347193772215,5.5431634336855495e-05
"((187, 2), (183, 1))",12,2152.8347203772214,2152.8347758088557,5.5431634336855495e-05
"((188, 1), (188, 254))",11,2347.8361601620945,2347.8362047648143,4.4602719754038844e-05
"((188, 2), (188, 254))",21,2347.836187996163,2347.8362604329513,7.243678828672273e-05
"((189, 254), (172, 2))",70,2332.8370646665144,2332.8371383203953,7.365388091784553e-05
"((164, 2), (183, 254))",15,2112.83281546063,2112.8328841779116,6.871728146506939e-05
"(50, (185, 1))",50,2132.833608821948,2132.833684268107,7.544615891674766e-05
"((171, 3), (181, 3))",43,2337.8336511752973,2337.833679138305,2.7963007596554235e-05
"((171, 3), (185, 254))",43,2337.8336511752973,2337.833717304286,6.612898869207129e-05
"((171, 3), (184, 254))",43,2337.8336511752973,2337.833740349332,8.917403465602547e-05
"(80, (189, 254))",80,2082.833969594737,2082.8340381757307,6.858099368400872e-05
"((189, 1), (189, 254))",80,2337.834108756724,2337.834177337718,6.858099368400872e-05
"((172, 2), (182, 254))",61,2337.8342781353704,2337.8343373768034,5.9241433064016746e-05
"((172, 2), (189, 254))",61,2337.8342781353704,2337.8343517892513,7.365388091784553e-05
"((183, 1), (183, 2))",13,2157.8345558601877,,
"((183, 2), (169, 4))",23,2157.834567668342,2157.8346385648965,7.089655446179677e-05
"((183, 2), (187, 254))",23,2082.834567668342,2082.834643356542,7.568820001324639e-05
"((183, 2), (184, 254))",23,2157.834567668342,2157.834649147477,8.147913513312233e-05
"((184, 1), (187, 254))",22,2142.8360452805696,2142.836086605588,4.132501862841309e-05
"((191, 254), (172, 2))",51,2337.836240539637,2337.836302589621,6.204998408065876e-05
"(30, (188, 2))",30,2087.5460033043823,2087.5460833800626,8.0075680216396e-05
"((188, 2), (0, 254))",18,2087.5475946667257,2087.547679824822,8.515809622622328e-05
"((0, 254), (188, 2))",22,2087.549203832793,2087.5492762695812,7.243678828672273e-05
"((192, 1), (192, 254))",30,2342.549358345261,2342.5494384209414,8.0075680216396e-05
"((169, 3), (183, 1))",14,2147.8330055537995,2147.8330801847396,7.463094016202376e-05
"((169, 3), (183, 2))",14,2147.8330055537995,2147.833091992894,8.643909450256615e-05
"((169, 4), (183, 2))",24,2147.833091468515,2147.8331623650693,7.089655446179677e-05
"(20, (192, 254))",20,2087.833100084205,2087.833133867199,3.3782994250941556e-05
"(10, (188, 1))",10,2157.833126595691,2157.8332119065285,8.531083767593373e-05
"((192, 2), (192, 254))",20,2342.833169650193,2342.8332034331875,3.3782994250941556e-05
"((188, 1), (0, 254))",18,2087.834695359123,2087.8347805172193,8.515809622622328e-05
"((184, 2), (186, 254))",31,2342.833706423562,2342.8337711474073,6.472384529843112e-05
"((184, 2), (192, 254))",31,2342.833706423562,2342.8337922361984,8.581263637097436e-05
"((184, 2), (185, 254))",31,2342.833706423562,2342.833760510489,5.408692686614813e-05
"((0, 254), (188, 1))",22,2087.8363045251904,2087.83634912791,4.4602719754038844e-05
"((181, 1), (188, 254))",32,2342.8359360096565,2342.836008031533,7.202187634902657e-05
"((181, 1), (185, 254))",32,2342.8359360096565,2342.8360124353735,7.642571699761902e-05
"((181, 1), (184, 2))",32,2342.8359360096565,2342.8360009915855,6.498192897197441e-05
"((185, 1), (184, 2))",41,2342.8365541973894,2342.8366189212347,6.472384529843112e-05
"((185, 1), (186, 1))",41,2342.8365541973894,2342.836614737993,6.054060349924839e-05
"((181, 2), (184, 2))",42,2347.8336536307547,2347.8337077176816,5.408692686614813e-05
"((187, 2), (188, 254))",12,2152.834607513953,2152.8346488389716,4.132501862841309e-05
"((188, 2), (192, 2))",21,2347.836187996163,2347.8362217791573,3.3782994250941556e-05
"((188, 2), (184, 2))",21,2347.836187996163,,
"((188, 2), (188, 1))",21,2152.836187996163,2152.8362547976444,6.680148135274067e-05
"((188, 2), (192, 1))",21,2347.836187996163,2347.8362680718433,8.0075680216396e-05
"((182, 3), (189, 254))",60,2332.836237731086,2332.8362664932965,2.8762210604327265e-05
"((194, 254), (183, 1))",3,2152.836330240795,2152.8363842569506,5.4016155445424374e-05
"((172, 2), (191, 254))",61,2337.8342781353704,2337.8343401853544,6.204998408065876e-05
"((183, 1), (187, 254))",13,2157.8345558601877,2157.834611291822,5.5431634336855495e-05
"((183, 1), (194, 254))",13,2157.8345558601877,2157.834609876343,5.4016155445424374e-05
"((183, 2), (183, 1))",23,2142.834567668342,2142.8346197285077,5.2060165671719005e-05
"((184, 1), (193, 254))",22,2337.8360452805696,2337.8360898832893,4.4602719754038844e-05
"((184, 1), (192, 254))",22,2337.8360452805696,2337.836117717358,7.243678828672273e-05
"((192, 1), (192, 2))",30,2342.549358345261,2342.549444744386,8.639912493890733e-05
"((192, 1), (186, 1))",30,2342.549358345261,2342.549397293448,3.894818655680865e-05
"((192, 2), (188, 1))",20,2147.833169650193,2147.833245793685,7.614349169671186e-05
"((192, 2), (192, 1))",20,2342.833169650193,2342.833256049318,8.639912493890733e-05
"((186, 1), (192, 1))",40,2347.5490100605734,2347.54904900876,3.894818655680865e-05
"((186, 1), (184, 2))",40,2347.5490100605734,2347.549077805618,6.774504436179996e-05
"(50, (186, 254))",50,2142.833608821948,2142.833684268107,7.544615891674766e-05
"((186, 2), (186, 254))",50,2337.8337617142656,2337.8338371604245,7.544615891674766e-05
"((184, 2), (186, 1))",31,2342.833706423562,2342.8337741686064,6.774504436179996e-05
"((185, 1), (186, 2))",41,2342.8365541973894,2342.8366296435483,7.544615891674766e-05
"((186, 1), (186, 2))",40,2347.5490100605734,2347.5490890037463,7.894317286627484e-05
"((186, 2), (186, 1))",50,2337.8337617142656,2337.8338406574385,7.894317286627484e-05
"((192, 2), (193, 254))",20,2342.833169650193,2342.833245793685,7.614349169671186e-05
"((177, 2), (177, 1))",34,2342.8362167258274,2342.836303798879,8.707305141797406e-05
"((177, 2), (181, 3))",34,2342.8362167258274,2342.8363054860774,8.876025003701216e-05
"(10, (193, 254))",10,2167.833126595691,2167.8332119065285,8.531083767593373e-05
"((193, 1), (193, 254))",10,2347.833299217366,2347.8333845282036,8.531083767593373e-05
"((181, 3), (178, 254))",33,2347.833660452618,2347.833749212868,8.876025003701216e-05
"((174, 3), (174, 1))",81,2332.833890897952,2332.833980105602,8.920765003495035e-05
"(23, (184, 254))",23,2167.834567668342,2167.834649147477,8.147913513312233e-05
"(12, (193, 254))",12,2167.834612291822,2167.8346772929262,6.500110430351924e-05
"((184, 3), (184, 254))",23,2347.834732626612,2347.8348141057472,8.147913513312233e-05
"((193, 2), (193, 254))",12,2347.8347442940303,2347.8348092951346,6.500110430351924e-05
"((188, 1), (192, 254))",11,2347.8361601620945,2347.836226963576,6.680148135274067e-05
"((188, 1), (192, 2))",11,2347.8361601620945,2347.836236305586,7.614349169671186e-05
"((188, 2), (193, 254))",21,2347.836187996163,2347.8362547976444,6.680148135274067e-05
"(24, (178, 254))",24,2172.833091468515,2172.8331688850994,7.741658464510692e-05
"((178, 2), (178, 254))",24,2352.8345245508017,2352.8346019673863,7.741658464510692e-05
"((174, 1), (180, 254))",92,2337.8338541793282,2337.8339433869783,8.920765003495035e-05
"(90, (180, 254))",90,2172.833879837532,2172.8339643146787,8.447714662906947e-05
"((180, 1), (180, 254))",90,2337.834050791825,2337.8341352689717,8.447714662906947e-05
"((184, 1), (193, 2))",22,2172.8360452805696,2172.836086605588,4.132501862841309e-05
"(0, (193, 1))",0,2177.8330714635476,2177.833125595691,5.4132143304741476e-05
"((178, 2), (184, 3))",24,2177.833091468515,2177.8331623650693,7.089655446179677e-05
"((193, 1), (0, 254))",18,2177.834695359123,2177.8347805172193,8.515809622622328e-05
"((192, 2), (193, 1))",20,2342.833169650193,2342.833236414723,6.676452994724968e-05
"(14, (178, 2))",14,2177.8344802292477,2177.834523550802,4.332155413067085e-05
"((178, 2), (0, 254))",18,2177.835890637774,2177.83597579587,8.515809622622328e-05
"(13, (184, 3))",13,2177.8345558601877,2177.8346079203534,5.2060165671719005e-05
"((184, 3), (0, 254))",18,2177.836055227487,2177.8361403855833,8.515809622622328e-05
"(3, (193, 2))",3,2177.834610876343,2177.8346848597985,7.398345542242168e-05
"((193, 2), (0, 254))",18,2177.8362343134972,2177.8363194715935,8.515809622622328e-05
"((0, 254), (193, 1))",11,2177.83635012791,2177.8364354387477,8.531083767593373e-05
"((181, 1), (184, 3))",32,2177.8359360096565,2177.8360174887916,8.147913513312233e-05
"((0, 254), (178, 2))",34,2177.837350624354,2177.8374280409384,7.741658464510692e-05
"((0, 254), (184, 3))",32,2177.837591371678,2177.8376728508133,8.147913513312233e-05
"((177, 1), (178, 254))",45,2342.836206799949,2342.8362938730006,8.707305141797406e-05
"((177, 2), (178, 2))",34,2177.8362167258274,2177.836294142412,7.741658464510692e-05
"((0, 254), (193, 2))",22,2177.8378434795645,2177.837884804583,4.132501862841309e-05
"((195, 1), (195, 254))",0,2177.836601835177,2177.8366559673204,5.4132143304741476e-05
"((193, 1), (195, 1))",10,2177.836546703034,2177.8366008351773,5.4132143304741476e-05
"((195, 1), (193, 1))",0,2342.836601835177,2342.8366559673204,5.4132143304741476e-05
"((196, 1), (196, 254))",14,2352.8344802292477,2352.834523550802,4.332155413067085e-05
"((197, 1), (197, 254))",13,2342.8377269109787,2342.8377789711444,5.2060165671719005e-05
"((198, 1), (198, 254))",3,2342.8379607880383,2342.8380347714938,7.398345542242168e-05
"((193, 1), (192, 2))",10,2347.833299217366,2347.833365981896,6.676452994724968e-05
"((174, 3), (180, 1))",81,2332.833890897952,2332.833975375099,8.447714662906947e-05
"(5, (196, 1))",5,2282.8342930915555,2282.834371081824,7.799026843713364e-05
"(4, (196, 1))",4,2182.8343544659474,2182.8344189381014,6.447215400839923e-05
"((196, 1), (0, 254))",18,2182.8358303466275,2182.8358676484463,3.7301818792911945e-05
"((196, 1), (0, 254))",18,2182.8358303466275,2182.8359155047237,8.515809622622328e-05
"((184, 3), (196, 1))",23,2277.834567668342,2277.8346541074366,8.643909450256615e-05
"((184, 3), (196, 254))",23,2347.834732626612,2347.8348035231666,7.089655446179677e-05
"((184, 3), (198, 254))",23,2347.834732626612,2347.834808314812,7.568820001324639e-05
"((193, 2), (197, 254))",12,2347.8347442940303,2347.8348199822303,7.568820001324639e-05
"((193, 2), (188, 254))",12,2347.8347442940303,2347.834785619049,4.132501862841309e-05
"((0, 254), (196, 1))",24,2182.837368749792,2182.837412071346,4.332155413067085e-05
"((188, 1), (193, 1))",11,2347.8361601620945,2347.836245472932,8.531083767593373e-05
"((188, 1), (198, 254))",11,2347.8361601620945,2347.836225163199,6.500110430351924e-05
"((199, 2), (199, 254))",4,2347.8374306872224,2347.8374951593764,6.447215400839923e-05
"(2, (198, 1))",2,2187.832963266861,2187.833043577569,8.0310707744502e-05
"(1, (195, 254))",1,2187.833005989209,2187.8330704635473,6.447433815992554e-05
"((198, 1), (0, 254))",18,2187.834668014723,2187.834753172819,8.515809622622328e-05
"((195, 2), (195, 254))",1,2337.8331369378852,2337.8332014122234,6.447433815992554e-05
"((178, 2), (199, 254))",24,2352.833248301684,2352.833291623238,4.332155413067085e-05
"((178, 2), (197, 254))",24,2342.833091468515,2342.8331623650693,7.089655446179677e-05
"((174, 2), (180, 1))",91,2337.8339127278346,2337.8339716273613,5.889952672077925e-05
"((180, 1), (189, 1))",90,2337.834050791825,2337.8341395490297,8.875720459400327e-05
"((180, 1), (174, 2))",90,2337.834050791825,2337.834109691352,5.889952672077925e-05
"((189, 1), (180, 1))",80,2337.834108756724,2337.8341975139288,8.875720459400327e-05
"((184, 3), (197, 1))",23,2347.834732626612,2347.8347846867778,5.2060165671719005e-05
"((0, 254), (198, 1))",12,2187.836388784614,2187.8364627680694,7.398345542242168e-05
"((184, 1), (198, 254))",22,2337.8360452805696,2337.836086605588,4.132501862841309e-05
"((200, 1), (200, 254))",2,2337.836545078777,2337.8366253894847,8.0310707744502e-05
"((181, 1), (197, 254))",32,2342.8359360096565,2342.8360174887916,8.147913513312233e-05
"((177, 2), (196, 254))",34,2342.8362167258274,2342.836294142412,7.741658464510692e-05
"((195, 1), (195, 2))",0,2342.8364915708908,2342.836556045229,6.447433815992554e-05
"((196, 1), (199, 2))",14,2342.8374733624923,2342.8375378346464,6.447215400839923e-05
"((197, 1), (196, 1))",13,2282.8377269109787,2282.837801541919,7.463094016202376e-05
"((197, 1), (198, 254))",13,2342.8377269109787,2342.837782342613,5.5431634336855495e-05
"((197, 1), (200, 254))",13,2342.8377269109787,2342.837780927134,5.4016155445424374e-05
"((198, 1), (197, 1))",3,2342.8379607880383,2342.838014804194,5.4016155445424374e-05
"((198, 1), (200, 1))",3,2342.8379607880383,2342.838041098746,8.0310707744502e-05
"((193, 1), (195, 254))",10,2347.833299217366,2347.8333533495093,5.4132143304741476e-05
"((193, 2), (200, 254))",12,2347.8347442940303,2347.8348182774857,7.398345542242168e-05
"((193, 2), (197, 1))",12,2347.8347442940303,2347.8347997256647,5.5431634336855495e-05
"((195, 2), (200, 1))",1,2337.8331369378852,2337.8331786602334,4.172234821453458e-05
"((200, 1), (195, 2))",2,2337.836545078777,2337.836586801125,4.172234821453458e-05
"((184, 3), (199, 254))",23,2347.834732626612,2347.8348190657066,8.643909450256615e-05
"((199, 2), (197, 1))",4,2342.834354465948,2342.8344398175623,8.535161441614036e-05
"((199, 2), (200, 254))",4,2342.834354465948,2342.834434775018,8.030907019929145e-05
"(5, (199, 254))",5,2292.8342930915555,2292.834371081824,7.799026843713364e-05
"((199, 1), (199, 254))",5,2352.834451072092,2352.8345290623606,7.799026843713364e-05
"((199, 2), (199, 1))",4,2347.8374306872224,2347.8374910616144,6.0374391978257336e-05
"((196, 1), (197, 1))",14,2342.8374733624923,2342.8375479934325,7.463094016202376e-05
"((196, 1), (197, 254))",14,2342.8374733624923,2342.837559801587,8.643909450256615e-05
"((196, 1), (199, 1))",14,2342.8374733624923,2342.837551352761,7.799026843713364e-05
"((197, 1), (199, 254))",13,2342.8377269109787,2342.837801541919,7.463094016202376e-05
"((197, 1), (199, 2))",13,2342.8377269109787,2342.837812262593,8.535161441614036e-05
"((198, 1), (199, 2))",3,2342.8379607880383,2342.8380410971085,8.030907019929145e-05
"(6, (199, 1))",6,2352.834333561149,2352.8343730307424,3.946959350287216e-05
"((199, 1), (0, 254))",64,2352.834797263867,,
"((199, 1), (199, 2))",5,2352.834451072092,2352.834511446484,6.0374391978257336e-05
"(65, (170, 254))",65,2337.8339703843353,2337.8340375308526,6.714651726724696e-05
"(75, (170, 254))",75,2337.8340327764517,2337.834112800532,8.002408003449091e-05
"((170, 2), (170, 254))",65,2352.8350570960565,2352.835124242574,6.714651726724696e-05
"((170, 3), (170, 254))",75,2352.835119488173,2352.835199512253,8.002408003449091e-05
"((170, 3), (170, 2))",75,2352.835119488173,2352.8351925066167,7.301844379981048e-05
"((166, 3), (170, 2))",64,2342.833408814686,2342.8334759612035,6.714651726724696e-05
"(66, (170, 2))",66,2347.83394931394,2347.8339693843354,2.007039529416943e-05
"(76, (170, 2))",76,2347.833954849581,2347.8340198904857,6.504090470116353e-05
"((170, 2), (0, 254))",64,2347.8341280976642,,
"(56, (170, 2))",56,2347.834003878598,2347.834058951147,5.507254900294356e-05
"(85, (170, 3))",85,2347.8340249696575,2347.8340670021357,4.203247817713418e-05
"(84, (170, 3))",84,2347.8340611026315,2347.834115438865,5.433623346107197e-05
"((170, 3), (0, 254))",64,2347.8341974629448,,
"((170, 2), (170, 3))",65,2352.8350570960565,2352.8351301145003,7.301844379981048e-05
