node_id,start_time,registered_time,delta_time
58,57.57558297128001,63.10028666335948,5.524703692079477
39,115.19058960630815,121.10027543293373,5.9096858266255765
59,126.74957044985051,132.1001830632813,5.350612613430783
48,167.66531303868325,173.100176434319,5.434863395635745
